Top pages,Last 28 days Clicks,Previous 28 days Clicks,Last 28 days Impressions,Previous 28 days Impressions,Last 28 days CTR,Previous 28 days CTR,Last 28 days Position,Previous 28 days Position
https://www.radianceclinics.com/,357,293,25128,22734,1.42%,1.29%,7.13,6.85
https://www.radianceclinics.com/book-online-radiance-clinics-bhuabaneswar,24,36,1569,2120,1.53%,1.7%,4.64,5.6
https://www.radianceclinics.com/hair-patch/,8,15,625,1062,1.28%,1.41%,18.92,16.2
https://www.radianceclinics.com/mole-wart-removal/,7,5,251,332,2.79%,1.51%,9.71,7.47
https://www.radianceclinics.com/skin-clinic-bhubaneswar,6,0,1847,0,0.32%,0%,20.04,0
https://www.radianceclinics.com/hair-wig/,6,6,303,681,1.98%,0.88%,8.01,8.34
https://www.radianceclinics.com/treatment/non-surgical-facial-enhancements/micro-blading/,6,10,233,378,2.58%,2.65%,10.67,9.24
https://www.radianceclinics.com/about,6,0,104,0,5.77%,0%,7.61,0
https://www.radianceclinics.com/hair-transplant-in-berhampur/,5,7,683,987,0.73%,0.71%,7.73,7.35
https://www.radianceclinics.com/laser-hair-removal-radiance/,5,14,560,952,0.89%,1.47%,18.12,15.95
https://www.radianceclinics.com/tattoo-removal-radiance/,5,11,260,561,1.92%,1.96%,9.01,6.81
https://www.radianceclinics.com/treatment/premium-services/lip-pigmentation/,5,5,250,524,2%,0.95%,15.35,18.12
https://www.radianceclinics.com/treatment/non-surgical-facial-enhancements/lip-blushing/,5,1,146,193,3.42%,0.52%,8.03,9.8
https://www.radianceclinics.com/fillers/,5,0,98,213,5.1%,0%,13.53,14.42
https://www.radianceclinics.com/skin-care-treatments/,4,13,1578,2483,0.25%,0.52%,21.19,17.51
https://www.radianceclinics.com/hair-transplant-in-cuttack/,4,6,324,636,1.23%,0.94%,13.26,11.11
https://www.radianceclinics.com/hair-transplant-in-baripada/,4,0,131,187,3.05%,0%,11.61,6.14
https://www.radianceclinics.com/hair-loss-treatments/,3,8,756,1289,0.4%,0.62%,21.31,17.75
https://www.radianceclinics.com/hair-transplant-in-angul/,3,3,227,350,1.32%,0.86%,6.62,5.89
https://www.radianceclinics.com/about-us/,3,3,208,317,1.44%,0.95%,24.07,24.74
https://www.radianceclinics.com/post/hair-treatment-doctor-near-me/,3,2,199,301,1.51%,0.66%,10.08,8.97
https://www.radianceclinics.com/treatment/hairfall/gfc/,3,0,155,219,1.94%,0%,29.68,30.07
https://www.radianceclinics.com/hair-transplant-in-puri/,3,2,124,187,2.42%,1.07%,16.31,11.68
https://www.radianceclinics.com/treatment/bridal-dermatology/under-eye-rejuvenation/,3,0,109,98,2.75%,0%,27.98,37.42
https://www.radianceclinics.com/laser-hair-removal-bhubaneswar,2,0,391,0,0.51%,0%,23.73,0
https://www.radianceclinics.com/contact-us/,2,4,348,393,0.57%,1.02%,13.46,20.69
https://www.radianceclinics.com/hair-transplant-in-sambalpur/,2,3,329,518,0.61%,0.58%,9.83,8.66
https://www.radianceclinics.com/hair-transplantation/,2,1,317,245,0.63%,0.41%,45.93,39.16
https://www.radianceclinics.com/treatment/hairfall/prp/,2,0,305,323,0.66%,0%,19.9,23.19
https://www.radianceclinics.com/weight-loss-radiance/,2,2,227,325,0.88%,0.62%,24.06,26.47
https://www.radianceclinics.com/treatments/hair-restoration/prp-gfc-scalp-therapy,2,0,216,0,0.93%,0%,14.85,0
https://www.radianceclinics.com/ear-piercing/,2,1,115,240,1.74%,0.42%,9.95,10
https://www.radianceclinics.com/locations/,2,0,51,90,3.92%,0%,26.71,35.19
https://www.radianceclinics.com/post/advanced-acne-scar-removal-treatments-you-should-know/,2,0,15,23,13.33%,0%,18.33,11.57
https://www.radianceclinics.com/hair-transplant-bhubaneswar,1,0,495,0,0.2%,0%,38.02,0
https://www.radianceclinics.com/post/why-radiance-skin-and-hair-clinic-is-the-ideal-choice-for-hair-loss-treatment/,1,0,440,751,0.23%,0%,10.29,9.93
https://www.radianceclinics.com/body-piercing/,1,7,367,493,0.27%,1.42%,10.65,9.39
https://www.radianceclinics.com/laser-re-surfacing/,1,0,222,237,0.45%,0%,25.1,18.13
https://www.radianceclinics.com/post/how-long-does-it-take-to-see-results-after-a-hair-transplant/,1,1,134,241,0.75%,0.41%,16.47,15
https://www.radianceclinics.com/split-ear-repair/,1,6,101,165,0.99%,3.64%,11.75,7.48
https://www.radianceclinics.com/conditions/pseudo-acanthosis-nigricans/,1,1,100,92,1%,1.09%,18.28,15.37
https://www.radianceclinics.com/post/a-complete-guide-to-know-about-botox-treatment/,1,4,94,210,1.06%,1.9%,20.5,16.67
https://www.radianceclinics.com/scalp-micropigmentation/,1,6,83,221,1.2%,2.71%,17.51,13.8
https://www.radianceclinics.com/reviews,1,0,81,0,1.23%,0%,11.58,0
https://www.radianceclinics.com/vitiligo-3/,1,1,81,51,1.23%,1.96%,12.25,8.73
https://www.radianceclinics.com/body-shaping-bhuabaneswar/,1,1,72,82,1.39%,1.22%,17.96,15.34
https://www.radianceclinics.com/hair-transplant-in-jajpur/,1,1,60,102,1.67%,0.98%,15.33,6.8
https://www.radianceclinics.com/locations,1,0,60,0,1.67%,0%,51.08,0
https://www.radianceclinics.com/conditions/pcod/,1,0,55,45,1.82%,0%,6.42,5.09
https://www.radianceclinics.com/hair-transplant-in-koraput/,1,1,49,81,2.04%,1.23%,23.55,13.27
https://www.radianceclinics.com/skin-pigmentation/,1,0,45,28,2.22%,0%,27.47,11.96
https://www.radianceclinics.com/treatment/anti-ageing-therapies/ultherapy/,1,1,38,13,2.63%,7.69%,52.24,34.46
https://www.radianceclinics.com/treatment/acne-scars/fractional-co2-laser/,1,1,30,50,3.33%,2%,13.07,10
https://www.radianceclinics.com/treatment/bridal-dermatology/mesotherapy/,1,0,23,4,4.35%,0%,32.78,2.75
https://www.radianceclinics.com/doctor-answers/why-melasma-returns,1,0,16,0,6.25%,0%,80.56,0
https://www.radianceclinics.com/treatment/bridal-dermatology/lip-pigmentation-2/,1,0,12,6,8.33%,0%,22.83,7.5
https://www.radianceclinics.com/post/can-skin-clinics-help-with-dark-circles-and-under-eye-concerns/,1,0,9,2,11.11%,0%,27,3.5
https://www.radianceclinics.com/treatments/hair-restoration/advanced-hair-fall-solutions,1,0,5,0,20%,0%,6.6,0
https://www.radianceclinics.com/post/common-myths-about-laser-hair-removal-treatments/,1,3,5,21,20%,14.29%,61.4,23.95
https://www.radianceclinics.com/hair-,1,0,1,0,100%,0%,1,0
https://www.radianceclinics.com/post/what-is-gfc-treatment-and-how-does-it-help-in-hair-regrowth/,0,2,2313,2575,0%,0.08%,16.63,22.07
https://www.radianceclinics.com/post/what-to-expect-during-your-first-visit-to-a-skin-care-doctor/,0,0,1958,3289,0%,0%,29.97,33.16
https://www.radianceclinics.com/post/the-key-to-lasting-smoothness-unlock-laser-hair-removal/,0,0,1875,774,0%,0%,8.28,24.81
https://www.radianceclinics.com/dermatology-clinic-in-bhubaneswar/,0,2,1278,2194,0%,0.09%,11.36,10.32
https://www.radianceclinics.com/hair-transplant-in-kolkata/,0,1,927,1654,0%,0.06%,31.39,34.77
https://www.radianceclinics.com/contact,0,0,655,0,0%,0%,8.11,0
https://www.radianceclinics.com/concerns/acne/closed-comedones,0,0,618,0,0%,0%,11.74,0
https://www.radianceclinics.com/post/how-many-prp-sessions-are-needed-for-visible-hair-growth/,0,4,537,1040,0%,0.38%,10.02,8.34
https://www.radianceclinics.com/post/why-do-some-people-regret-getting-a-hair-transplant-too-early/,0,3,419,345,0%,0.87%,5.43,6
https://www.radianceclinics.com/book-online-radiance-clinics-bhuabaneswar/,0,4,295,427,0%,0.94%,66.86,59.44
https://www.radianceclinics.com/hair-transplant-in-balasore/,0,7,244,431,0%,1.62%,9.5,9.12
https://www.radianceclinics.com/post/acne-check-peel-your-comprehensive-guide-to-clearer-skin/,0,0,242,1685,0%,0%,8.86,9.89
https://www.radianceclinics.com/post/laser-vs-waxing-which-hair-removal-method-is-right-for-you/,0,0,210,235,0%,0%,11.09,12.21
https://www.radianceclinics.com/hair-care-solutions/,0,0,208,0,0%,0%,64.28,0
https://www.radianceclinics.com/post/where-can-i-get-painless-wart-removal-treatment/,0,0,201,229,0%,0%,17.94,13.26
https://www.radianceclinics.com/post/how-long-do-ombre-powder-eyebrows-last/,0,1,200,267,0%,0.37%,27.63,22.52
https://www.radianceclinics.com/treatment/unwanted-hair/aft-laser/,0,0,193,119,0%,0%,21.74,18.66
https://www.radianceclinics.com/treatments/laser,0,0,172,0,0%,0%,39.28,0
https://www.radianceclinics.com/post/what-makes-bio-hair-transplant-different-from-traditional-methods/,0,0,171,307,0%,0%,9.64,9.33
https://www.radianceclinics.com/post/decoding-the-cost-of-chemical-peels-in-odisha-understanding-the-factors-behind-pricing/,0,0,170,239,0%,0%,8.48,11.97
https://www.radianceclinics.com/skin-brightening-solutions-radiance/,0,0,166,241,0%,0%,15.91,11.63
https://www.radianceclinics.com/post/things-to-avoid-if-you-have-acne-prone-skin/,0,0,162,406,0%,0%,25.83,27.16
https://www.radianceclinics.com/treatment/premium-services/hydra-facial/,0,1,161,259,0%,0.39%,21.37,15.4
https://www.radianceclinics.com/post/how-hair-shapes-self-image-and-personal-confidence/,0,0,150,338,0%,0%,15.18,6.59
https://www.radianceclinics.com/concerns/acne-scars/rolling-scars,0,0,149,0,0%,0%,14.29,0
https://www.radianceclinics.com/conditions/antiageing/neck-line/,0,0,126,95,0%,0%,66.89,67.25
https://www.radianceclinics.com/hair-transplant-in-rourkela/,0,1,125,133,0%,0.75%,14.22,10.48
https://www.radianceclinics.com/concerns/acne-scars/post-inflammatory-hyperpigmentation,0,0,123,0,0%,0%,69,0
https://www.radianceclinics.com/treatments,0,0,121,0,0%,0%,72.5,0
https://www.radianceclinics.com/conditions/hairfall/scarring-alopecia/,0,0,118,128,0%,0%,87.81,82.49
https://www.radianceclinics.com/alopecia-treatment/,0,2,107,77,0%,2.6%,38.28,8.53
https://www.radianceclinics.com/conditions/open-pores/,0,0,105,51,0%,0%,49.22,27.25
https://www.radianceclinics.com/post/what-are-the-common-causes-of-hair-loss-in-women/,0,0,102,15,0%,0%,2.55,5.93
https://www.radianceclinics.com/post/can-laser-hair-removal-permanently-remove-hair/,0,0,101,498,0%,0%,34.89,35.86
https://www.radianceclinics.com/treatments/aesthetic-dermatology/injectable-aesthetics,0,0,98,0,0%,0%,54.35,0
https://www.radianceclinics.com/treatment/premium-services/,0,0,98,81,0%,0%,67.9,80.51
https://www.radianceclinics.com/post/which-is-better-synthetic-or-natural-hair-wigs/,0,0,97,122,0%,0%,6.42,5.28
https://www.radianceclinics.com/conditions/antiageing/forehead-line/,0,0,95,38,0%,0%,75.98,60.29
https://www.radianceclinics.com/post/are-acne-scars-permanent-the-answer-may-surprise-you/,0,0,91,189,0%,0%,8.46,12.06
https://www.radianceclinics.com/recent-result/,0,0,90,38,0%,0%,13.41,23.79
https://www.radianceclinics.com/post/can-you-reverse-signs-of-ageing-with-anti-ageing-treatment/,0,0,90,87,0%,0%,62.14,61.86
https://www.radianceclinics.com/post/fillers-treatment-at-radiance-skin-and-hair-clinics-in-bhubaneswar/,0,0,89,84,0%,0%,11.4,12.4
https://www.radianceclinics.com/post/the-best-acne-scar-treatments-to-boost-your-confidence/,0,0,89,22,0%,0%,56.15,64.77
https://www.radianceclinics.com/post/how-does-hair-loss-affect-an-individuals-confidence-level/,0,2,86,113,0%,1.77%,19.47,15.6
https://www.radianceclinics.com/bio-therapy-treatment/,0,0,85,137,0%,0%,33.94,17.31
https://www.radianceclinics.com/treatment/acne-treatment/acne-zap-laser/,0,0,84,114,0%,0%,27.32,24.04
https://www.radianceclinics.com/concerns/acne-scars/deep-acne-scars,0,0,82,0,0%,0%,17.89,0
https://www.radianceclinics.com/treatment/hairfall/hair-transplant/,0,0,79,118,0%,0%,77.1,66.76
https://www.radianceclinics.com/treatments/aesthetic-dermatology,0,0,77,0,0%,0%,32.96,0
https://www.radianceclinics.com/treatment/unwanted-hair/,0,1,75,150,0%,0.67%,66.32,49.49
https://www.radianceclinics.com/treatment/non-surgical-facial-enhancements/lip-vitiligo-correction/,0,1,74,62,0%,1.61%,12.16,10.37
https://www.radianceclinics.com/post/the-quality-of-hair-transplant-service-offered-by-radiance-skin-and-hair-clinics/,0,2,71,146,0%,1.37%,33.94,41.93
https://www.radianceclinics.com/post/specialized-wart-removal-services-for-flawless-skin/,0,0,71,66,0%,0%,40.35,33.26
https://www.radianceclinics.com/post/who-is-the-ideal-candidate-for-a-hair-transplant/,0,0,71,144,0%,0%,72.27,77.46
https://www.radianceclinics.com/treatment/premium-services/aqua-skin-whitening-shots/,0,0,69,102,0%,0%,12.49,8.68
https://www.radianceclinics.com/treatment/premium-services/gluta-c-shots/,0,1,69,79,0%,1.27%,15.8,15.84
https://www.radianceclinics.com/concerns/pigmentation/uneven-skin-tone,0,0,69,0,0%,0%,77.12,0
https://www.radianceclinics.com/treatments/hair-restoration/fue-hair-transplant,0,0,67,0,0%,0%,56.06,0
https://www.radianceclinics.com/treatment/hairfall/root-restore-therapy/,0,0,64,91,0%,0%,18.09,8.65
https://www.radianceclinics.com/treatment/bridal-dermatology/vampirefacial/,0,0,64,88,0%,0%,18.97,14.16
https://www.radianceclinics.com/treatment/acne-treatment/carbon-laser-peel/,0,0,60,91,0%,0%,13.83,11.48
https://www.radianceclinics.com/treatment/anti-ageing-therapies/prp-facelift/,0,0,58,77,0%,0%,71.98,66.06
https://www.radianceclinics.com/post/how-to-care-for-your-scalp-after-a-hair-transplant/,0,0,57,81,0%,0%,75.37,73.12
https://www.radianceclinics.com/conditions,0,0,54,0,0%,0%,71.89,0
https://www.radianceclinics.com/bio-hair-transplant/,0,0,54,66,0%,0%,73.33,55.14
https://www.radianceclinics.com/female-hair-transplant/,0,0,54,133,0%,0%,76.15,82.89
https://www.radianceclinics.com/treatment/anti-ageing-therapies/filler/,0,0,54,56,0%,0%,83.87,80.71
https://www.radianceclinics.com/conditions/fungal-infection/,0,0,53,13,0%,0%,10.68,4.54
https://www.radianceclinics.com/hair-transplant-in-raipur/,0,1,52,85,0%,1.18%,45.02,30.61
https://www.radianceclinics.com/post/four-misconceptions-people-have-about-laser-tattoo-removal-in-bhubaneswar/,0,0,51,64,0%,0%,14.04,18.86
https://www.radianceclinics.com/treatment/bridal-dermatology/dermal-fillers/,0,0,50,64,0%,0%,40.12,40.64
https://www.radianceclinics.com/hair-transplant-in-vizag/,0,0,50,68,0%,0%,43.36,36.41
https://www.radianceclinics.com/post/the-ideal-clinic-to-have-acne-treatment-in-bhubaneswar-is-radiance-skin-and-hair-clinics/,0,2,49,68,0%,2.94%,10.16,7.49
https://www.radianceclinics.com/treatments/skin,0,0,49,0,0%,0%,60.9,0
https://www.radianceclinics.com/body-hair-transplant/,0,0,48,88,0%,0%,72.85,68.98
https://www.radianceclinics.com/beard-mustache-transplant/,0,0,47,45,0%,0%,19.89,8.71
https://www.radianceclinics.com/treatment/stretch-marks/prp/,0,0,47,74,0%,0%,61.47,51.3
https://www.radianceclinics.com/frequently-asked-questions/,0,0,46,66,0%,0%,34.72,21.48
https://www.radianceclinics.com/treatment/non-surgical-facial-enhancements/ombrepowder-eyebrows/,0,1,45,84,0%,1.19%,15.38,7.44
https://www.radianceclinics.com/tan-removal/,0,0,45,58,0%,0%,18.42,20.02
https://www.radianceclinics.com/chemical-peel/,0,0,44,73,0%,0%,22.5,21.37
https://www.radianceclinics.com/post/fue-vs-fut-which-hair-transplant-works-right-for-you/,0,0,44,98,0%,0%,27.09,22.76
https://www.radianceclinics.com/treatment/stretch-marks/,0,2,43,80,0%,2.5%,14.79,7.66
https://www.radianceclinics.com/post/how-effective-is-having-laser-hair-removal-in-bhubaneswar/,0,0,43,43,0%,0%,14.84,18.86
https://www.radianceclinics.com/treatment/acne-treatment/,0,0,43,76,0%,0%,76.28,52.97
https://www.radianceclinics.com/post/laser-vs-fillers-vs-creams-what-truly-works-for-under-eye-bags/,0,0,42,119,0%,0%,6.33,7.11
https://www.radianceclinics.com/knowledge/prp-gfc-hair-restoration-guide,0,0,40,0,0%,0%,8.35,0
https://www.radianceclinics.com/laser-photo-rejuvenation-radiance/,0,0,39,34,0%,0%,11.13,3.82
https://www.radianceclinics.com/post/what-is-the-best-hair-transplant-for-density/,0,1,39,118,0%,0.85%,18.85,24.16
https://www.radianceclinics.com/pigmentation-treatment-bhubaneswar,0,0,39,0,0%,0%,38.54,0
https://www.radianceclinics.com/knowledge,0,0,39,0,0%,0%,66.54,0
https://www.radianceclinics.com/conditions/seborrheic-dermatitis/,0,1,38,26,0%,3.85%,44.87,18.92
https://www.radianceclinics.com/treatments/skin-laser/laser-pigmentation-program,0,0,37,0,0%,0%,38.08,0
https://www.radianceclinics.com/treatments/hair-restoration,0,0,35,0,0%,0%,33.63,0
https://www.radianceclinics.com/treatment/bridal-dermatology/mnrf-acne-scars/,0,0,35,21,0%,0%,42.54,21.48
https://www.radianceclinics.com/acne-scar-treatment-bhubaneswar,0,0,35,0,0%,0%,45.23,0
https://www.radianceclinics.com/treatment/pigmentation/power-glow/,0,0,34,14,0%,0%,24.94,7.5
https://www.radianceclinics.com/treatments/skin-laser/laser-hair-reduction,0,0,34,0,0%,0%,42.71,0
https://www.radianceclinics.com/treatment/anti-ageing-therapies/age-reverse/,0,0,34,35,0%,0%,65.5,60.51
https://www.radianceclinics.com/treatment/anti-ageing-therapies/anti-ageing-laser/,0,0,33,43,0%,0%,52.64,46.14
https://www.radianceclinics.com/treatment/premium-services/permanent-makeup/,0,0,31,34,0%,0%,26.1,12.85
https://www.radianceclinics.com/microdermabrasion-radiance/,0,0,31,5,0%,0%,48.84,36
https://www.radianceclinics.com/doctor-answers/can-old-stretch-marks-improve,0,0,31,0,0%,0%,60.55,0
https://www.radianceclinics.com/conditions/pigmentation-removal/,0,0,31,9,0%,0%,69.45,13.89
https://www.radianceclinics.com/laser-lipolysis-treatment/,0,1,30,14,0%,7.14%,29.57,14.07
https://www.radianceclinics.com/post/pioneering-proficiency-satyartha-prakash-excels-in-advanced-dermatology-fellowship-at-dubai-derma/,0,0,30,33,0%,0%,34.53,38.18
https://www.radianceclinics.com/treatment/stretch-marks/dermaroller/,0,0,30,1,0%,0%,46.43,10
https://www.radianceclinics.com/high-density-hair-transplant/,0,0,30,26,0%,0%,51.37,39.35
https://www.radianceclinics.com/dandruff-treatment/,0,0,29,34,0%,0%,7.97,8.12
https://www.radianceclinics.com/post/the-skin-brightening-treatment-possible-to-have-at-radiance-skin-and-hair-clinics/,0,0,29,35,0%,0%,12.52,14.43
https://www.radianceclinics.com/post/why-radiance-skin-and-hair-clinic-is-the-best-hair-loss-clinic-in-bhubaneswar/,0,0,29,34,0%,0%,26.9,33.12
https://www.radianceclinics.com/treatment/anti-ageing-therapies/ipl-therapy-photofacial/,0,1,28,26,0%,3.85%,19.61,8.65
https://www.radianceclinics.com/post/how-prp-treatment-helps-in-hair-fall-control-and-regrowth-naturally/,0,0,28,15,0%,0%,20.39,23.67
https://www.radianceclinics.com/post/is-it-safe-to-have-a-hair-transplant-in-bhubaneswar-at-radiance-skin-and-hair-clinic/,0,1,27,71,0%,1.41%,22.04,24.97
https://www.radianceclinics.com/treatment/pigmentation/,0,0,27,8,0%,0%,55.56,35.38
https://www.radianceclinics.com/concerns/hair-loss-scalp/female-pattern-hair-loss,0,0,27,0,0%,0%,67.85,0
https://www.radianceclinics.com/treatment/premium-services/laser-facial/,0,0,27,7,0%,0%,71,29.57
https://www.radianceclinics.com/conditions/freckles/,0,0,25,13,0%,0%,18.12,7.92
https://www.radianceclinics.com/acne-scars/,0,0,25,42,0%,0%,37.48,47.83
https://www.radianceclinics.com/post/when-you-need-to-be-at-the-best-skin-clinic/,0,0,25,23,0%,0%,41.68,20.57
https://www.radianceclinics.com/post/transformative-insights-from-radiance-clinics-for-skin-and-hair-health/,0,0,24,15,0%,0%,30.12,17.07
https://www.radianceclinics.com/post/what-is-the-best-permanent-treatment-for-hair-loss/,0,0,23,16,0%,0%,5.83,12.5
https://www.radianceclinics.com/conditions/dark-circles/,0,0,23,34,0%,0%,16.65,2.44
https://www.radianceclinics.com/treatment/unwanted-hair/diode-laser/,0,0,22,37,0%,0%,59.59,39.68
https://www.radianceclinics.com/concerns/pigmentation/pigmentation,0,0,22,0,0%,0%,61.14,0
https://www.radianceclinics.com/conditions/stretch-marks-removal/,0,0,21,13,0%,0%,34.48,8.46
https://www.radianceclinics.com/post/what-common-mistakes-can-make-your-hair-transplant-more-expensive/,0,0,21,29,0%,0%,49.76,56.97
https://www.radianceclinics.com/treatment/anti-ageing-therapies/,0,0,21,50,0%,0%,54.9,37.68
https://www.radianceclinics.com/concerns/skin-texture/dehydrated-skin,0,0,21,0,0%,0%,57.14,0
https://www.radianceclinics.com/treatment/hairfall/,0,0,21,25,0%,0%,67.29,76.72
https://www.radianceclinics.com/doctor-answers/does-pcos-affect-laser-hair-reduction,0,0,20,0,0%,0%,7.6,0
https://www.radianceclinics.com/conditions/skin-growth/,0,0,20,5,0%,0%,41.15,21.2
https://www.radianceclinics.com/blogs/,0,0,19,25,0%,0%,10.47,2.72
https://www.radianceclinics.com/sunspot-removal/,0,0,19,27,0%,0%,11.37,9.52
https://www.radianceclinics.com/conditions/contact-dermatitis/,0,0,19,4,0%,0%,35.16,43.25
https://www.radianceclinics.com/results,0,0,19,0,0%,0%,38.84,0
https://www.radianceclinics.com/treatment/bridal-dermatology/laser-hair-reduction/,0,0,19,6,0%,0%,94.58,82.83
https://www.radianceclinics.com/privacy-policy/,0,0,18,11,0%,0%,16.94,22.73
https://www.radianceclinics.com/post/combat-hair-fall-natural-remedies-dermatologist-tips/,0,0,18,229,0%,0%,20.06,4.02
https://www.radianceclinics.com/treatment/bridal-dermatology/hgp-for-hair/,0,0,18,30,0%,0%,21.33,6.23
https://www.radianceclinics.com/treatment/acne-scars/,0,0,18,11,0%,0%,37.11,10.27
https://www.radianceclinics.com/treatment/pigmentation/chemical-peel/,0,0,18,14,0%,0%,42.61,13.86
https://www.radianceclinics.com/post/using-botox-and-fillers-for-anti-aging-treatments/,0,0,18,41,0%,0%,45.5,36.88
https://www.radianceclinics.com/treatment/pigmentation/laser-toning/,0,0,18,10,0%,0%,47.56,12.7
https://www.radianceclinics.com/doctor-answers/when-see-doctor-for-acne,0,0,18,0,0%,0%,71.67,0
https://www.radianceclinics.com/post/common-hair-loss-myths-that-might-be-holding-you-back/,0,0,17,21,0%,0%,1.59,2.38
https://www.radianceclinics.com/treatments/skin-laser/acne-scar-revision,0,0,17,0,0%,0%,8.35,0
https://www.radianceclinics.com/concerns/acne/cystic-acne,0,0,17,0,0%,0%,16.94,0
https://www.radianceclinics.com/treatment/stretch-marks/pixigenus-stretch-marks/,0,0,17,7,0%,0%,17.71,14
https://www.radianceclinics.com/concerns/hair-loss-scalp/dandruff,0,0,17,0,0%,0%,22.35,0
https://www.radianceclinics.com/treatment/pigmentation/mesotherapy/,0,1,17,16,0%,6.25%,39.65,22.94
https://www.radianceclinics.com/doctor-answers/why-pores-look-large-on-nose,0,0,17,0,0%,0%,55.59,0
https://www.radianceclinics.com/treatment/acne-scars/dermaroller/,0,0,17,1,0%,0%,79.35,8
https://www.radianceclinics.com/knowledge/best-skin-clinic-bhubaneswar,0,0,16,0,0%,0%,13.06,0
https://www.radianceclinics.com/post/spending-on-weight-loss-is-an-ideal-investment/,0,0,16,18,0%,0%,17.19,12.61
https://www.radianceclinics.com/post/skin-and-hair-specialist-near-me/,0,0,16,15,0%,0%,29.81,60.07
https://www.radianceclinics.com/treatment/anti-ageing-therapies/pixel/,0,0,16,12,0%,0%,32.44,8.75
https://www.radianceclinics.com/post/best-dermatologist-for-acne-an-treatment/,0,0,16,26,0%,0%,37.5,42.81
https://www.radianceclinics.com/conditions/body-hair/,0,0,16,4,0%,0%,38.69,4.75
https://www.radianceclinics.com/treatment/hairfall/mesotherapy/,0,0,16,9,0%,0%,43.69,40.78
https://www.radianceclinics.com/treatment/stretch-marks/tixel/,0,0,16,0,0%,0%,51.69,0
https://www.radianceclinics.com/treatment/premium-services/photofacials/,0,0,16,10,0%,0%,51.88,46.2
https://www.radianceclinics.com/treatment/anti-ageing-therapies/age-erase/,0,0,16,22,0%,0%,82.44,83.05
https://www.radianceclinics.com/post/what-should-i-know-before-buying-a-hair-wig/,0,0,15,17,0%,0%,15.67,13.88
https://www.radianceclinics.com/treatment/premium-services/hydra-revive/,0,1,15,14,0%,7.14%,26.73,11.29
https://www.radianceclinics.com/treatment/premium-services/iv-infusions/,0,0,15,11,0%,0%,41.2,8
https://www.radianceclinics.com/invisible-facelift-at-bhubaneswar/,0,1,15,10,0%,10%,68.6,31.3
https://www.radianceclinics.com/treatment/anti-ageing-therapies/high-intensity-focused-ultrasound/,0,0,14,41,0%,0%,5.43,6.59
https://www.radianceclinics.com/conditions/antiageing/,0,0,14,17,0%,0%,20.14,37.59
https://www.radianceclinics.com/conditions/skin-ageing-laxity,0,0,14,0,0%,0%,59.14,0
https://www.radianceclinics.com/conditions/psoriasis/,0,0,13,7,0%,0%,17.85,2.57
https://www.radianceclinics.com/conditions/eczema/,0,0,13,3,0%,0%,18.54,3.67
https://www.radianceclinics.com/conditions/urticaria/,0,0,13,13,0%,0%,22.62,4.46
https://www.radianceclinics.com/treatment/premium-services/radiance-3d/,0,0,13,10,0%,0%,40.77,26.4
https://www.radianceclinics.com/treatment/hairfall/advanced-hgp/,0,1,13,8,0%,12.5%,46.38,6.25
https://www.radianceclinics.com/treatment/acne-scars/prp-subsicion/,0,0,13,11,0%,0%,53.15,7.45
https://www.radianceclinics.com/post/laser-hair-removal/,0,0,13,1,0%,0%,56.54,1
https://www.radianceclinics.com/doctor-answers/why-pigmentation-worse-after-treatment,0,0,12,0,0%,0%,6.58,0
https://www.radianceclinics.com/knowledge/premium-aesthetic-consultation,0,0,12,0,0%,0%,8.67,0
https://www.radianceclinics.com/post/say-goodbye-to-warts-transform-your-skin-at-radiance-clinic/,0,1,12,32,0%,3.12%,11.92,6.81
https://www.radianceclinics.com/conditions/hairfall/,0,0,12,5,0%,0%,16,5.2
https://www.radianceclinics.com/conditions/vitiligo/,0,0,12,6,0%,0%,17.33,3.5
https://www.radianceclinics.com/concerns/scars-stretch-marks/surgical-scars,0,0,12,0,0%,0%,18.25,0
https://www.radianceclinics.com/conditions/keloid/,0,0,12,6,0%,0%,21.25,34.83
https://www.radianceclinics.com/conditions/rosacea/,0,0,12,1,0%,0%,24.25,1
https://www.radianceclinics.com/post/what-diet-and-lifestyle-changes-can-support-successful-hair-restoration/,0,0,12,47,0%,0%,24.83,7.87
https://www.radianceclinics.com/treatment/bridal-dermatology/mnrf-stretch-marks/,0,0,12,6,0%,0%,28.08,8.17
https://www.radianceclinics.com/treatment/bridal-dermatology/beardshaping/,0,0,12,19,0%,0%,41.92,31.16
https://www.radianceclinics.com/concerns/other-skin-concerns/rosacea-redness,0,0,12,0,0%,0%,56.75,0
https://www.radianceclinics.com/post/what-causes-hair-loss-and-how-it-can-be-treated/,0,0,12,8,0%,0%,60.08,31.75
https://www.radianceclinics.com/treatment/bridal-dermatology/photofacial/,0,0,12,0,0%,0%,63.58,0
https://www.radianceclinics.com/doctor-answers/why-scalp-visible-under-bright-light,0,0,11,0,0%,0%,6.18,0
https://www.radianceclinics.com/doctor-answers/enlarged-pores-or-acne-scars,0,0,11,0,0%,0%,7.82,0
https://www.radianceclinics.com/conditions/melasma/,0,0,11,8,0%,0%,23.64,8.25
https://www.radianceclinics.com/doctor-answers/why-hair-falls-more-on-wash-days,0,0,11,0,0%,0%,31.82,0
https://www.radianceclinics.com/post/which-filler-is-right-for-you-expert-advice/,0,0,11,14,0%,0%,37.36,29.57
https://www.radianceclinics.com/treatment/pigmentation/insta-glow/,0,2,11,17,0%,11.76%,42.36,8.35
https://www.radianceclinics.com/treatment/bridal-dermatology/,0,0,11,17,0%,0%,42.55,12.53
https://www.radianceclinics.com/concerns/laser-hair-reduction/strawberry-legs,0,0,11,0,0%,0%,44,0
https://www.radianceclinics.com/treatment/anti-ageing-therapies/collagen-induction-therapy/,0,0,11,4,0%,0%,51.64,41
https://www.radianceclinics.com/anti-wrinkle-radiance/,0,0,11,18,0%,0%,52.27,47.11
https://www.radianceclinics.com/concerns/hair-loss-scalp/receding-hairline,0,0,11,0,0%,0%,67.18,0
https://www.radianceclinics.com/hair-/,0,0,10,26,0%,0%,31.5,64.77
https://www.radianceclinics.com/virtual-tour/,0,0,10,6,0%,0%,47.5,61.33
https://www.radianceclinics.com/treatment/bridal-dermatology/lasertoning/,0,0,10,11,0%,0%,47.7,13.27
https://www.radianceclinics.com/conditions/acne-scar-removal/,0,0,10,15,0%,0%,52.8,4.8
https://www.radianceclinics.com/conditions/atopic-dermatitis/,0,0,10,2,0%,0%,55.7,1
https://www.radianceclinics.com/post/say-goodbye-to-monsoon-hair-loss-easy-ways-to-control-hairfall/,0,0,10,24,0%,0%,58.6,63.04
https://www.radianceclinics.com/post/reasons-to-have-professional-treatment-for-acne/,0,0,10,27,0%,0%,69.4,52.63
https://www.radianceclinics.com/doctor-answers/melasma-vs-hyperpigmentation,0,0,10,0,0%,0%,75.8,0
https://www.radianceclinics.com/treatment/acne-scars/pixel/,0,1,10,11,0%,9.09%,82.2,7.64
https://www.radianceclinics.com/concerns/hair-loss-scalp/widening-part,0,0,9,0,0%,0%,13.11,0
https://www.radianceclinics.com/treatment/stretch-marks/erbium-fibre-laser/,0,0,9,2,0%,0%,29.22,12
https://www.radianceclinics.com/before-after,0,0,9,0,0%,0%,36.78,0
https://www.radianceclinics.com/doctor-answers/why-hairline-receding-one-side,0,0,9,0,0%,0%,38.22,0
https://www.radianceclinics.com/treatment/bridal-dermatology/laser-facials/,0,0,9,4,0%,0%,38.67,29.5
https://www.radianceclinics.com/hair-loss-causes/,0,1,9,1,0%,100%,48.67,2
https://www.radianceclinics.com/blogs/page/2/,0,0,9,1,0%,0%,60.78,2
https://www.radianceclinics.com/conditions/antiageing/age-spot/,0,0,9,0,0%,0%,79,0
https://www.radianceclinics.com/treatment/pigmentation/cosmelan-peel/,0,0,9,6,0%,0%,81.89,8.83
https://www.radianceclinics.com/treatment/non-surgical-facial-enhancements/lip-enhancement/,0,0,8,9,0%,0%,6.88,5.67
https://www.radianceclinics.com/post/why-radiance-skin-and-hair-clinics-leads-in-stem-cell-transplants-in-odisha/,0,0,8,8,0%,0%,7.62,2.25
https://www.radianceclinics.com/post/how-to-know-if-youre-a-good-candidate-for-fue-or-fut/,0,0,8,2,0%,0%,9,5.5
https://www.radianceclinics.com/post/when-is-the-perfect-time-to-restore-your-hair/,0,0,8,6,0%,0%,14.5,5.17
https://www.radianceclinics.com/doctor-answers/when-wear-helmet-after-hair-transplant,0,0,8,0,0%,0%,14.75,0
https://www.radianceclinics.com/treatment/acne-treatment/diamond-polishing/,0,0,8,4,0%,0%,28.62,15.75
https://www.radianceclinics.com/treatment/premium-services/4d-photofacial/,0,0,8,6,0%,0%,39.5,5.5
https://www.radianceclinics.com/post-hair-transplant-recovery-guide/,0,0,8,10,0%,0%,40.5,9.3
https://www.radianceclinics.com/concerns/pigmentation/melasma,0,0,8,0,0%,0%,54.75,0
https://www.radianceclinics.com/conditions/spider-veins/,0,0,8,4,0%,0%,61.12,16.5
https://www.radianceclinics.com/treatment/unwanted-hair/beard-shaping/,0,0,8,8,0%,0%,62.75,26.12
https://www.radianceclinics.com/treatment/premium-services/insta-glam/,0,0,8,4,0%,0%,76,14.25
https://www.radianceclinics.com/post/best-treatment-for-a-healthy-hair-and-skin/,0,0,7,2,0%,0%,7.57,10.5
https://www.radianceclinics.com/concerns/hair-transplant/female-hair-transplant,0,0,7,0,0%,0%,27.43,0
https://www.radianceclinics.com/concerns/skin-texture/rough-skin-texture,0,0,7,0,0%,0%,32.57,0
https://www.radianceclinics.com/concerns/acne-scars/boxcar-scars,0,0,7,0,0%,0%,33.14,0
https://www.radianceclinics.com/post/radiance-skin-clinics-your-solution-for-skin-issues/,0,0,7,10,0%,0%,33.14,15.3
https://www.radianceclinics.com/post/modern-treatments-for-effective-fat-reduction/,0,0,7,0,0%,0%,35.57,0
https://www.radianceclinics.com/media-press-release/,0,0,7,2,0%,0%,48.71,51.5
https://www.radianceclinics.com/conditions/laser-tattoo-removal/,0,0,7,15,0%,0%,62.43,19.33
https://www.radianceclinics.com/treatment/non-surgical-facial-enhancements/,0,0,7,13,0%,0%,85.71,18.62
https://www.radianceclinics.com/post/how-effective-are-weight-loss-clinics-for-belly-fat-reduction/,0,0,6,3,0%,0%,8.17,13.33
https://www.radianceclinics.com/conditions/acne/,0,0,6,3,0%,0%,36.5,3.33
https://www.radianceclinics.com/post/advantages-of-online-dermatologist-consultations/,0,0,6,6,0%,0%,46.5,8.17
https://www.radianceclinics.com/concerns/aging-aesthetics/forehead-lines,0,0,6,0,0%,0%,55.83,0
https://www.radianceclinics.com/treatment/unwanted-hair/soprano-ice/,0,0,6,4,0%,0%,57.83,3.75
https://www.radianceclinics.com/treatment/bridal-dermatology/carbonpeel/,0,0,6,5,0%,0%,72.83,26.8
https://www.radianceclinics.com/treatment/premium-services/peels/,0,0,6,2,0%,0%,73.5,9.5
https://www.radianceclinics.com/treatment/bridal-dermatology/derma-roller/,0,0,6,10,0%,0%,91,11.1
https://www.radianceclinics.com/treatment/bridal-dermatology/mesofacials/,0,0,6,1,0%,0%,94.17,1
https://www.radianceclinics.com/post/unlocking-the-secrets-of-skincare-and-hair-restoration-a-journey-with-radiance-clinics/,0,0,5,10,0%,0%,2.6,7.7
https://www.radianceclinics.com/concerns,0,0,5,0,0%,0%,3.2,0
https://www.radianceclinics.com/post/luminous-love-laser-facials-for-bridal-skincare-bliss/,0,0,5,3,0%,0%,6.4,8.33
https://www.radianceclinics.com/concerns/acne-scars/ice-pick-scars,0,0,5,0,0%,0%,21,0
https://www.radianceclinics.com/post/skincare-mythbusters-debunking-common-misconceptions-about-skin-health/,0,1,5,2,0%,50%,25.2,25.5
https://www.radianceclinics.com/post/when-should-you-visit-a-skin-clinic-signs-and-symptoms-to-watch/,0,0,5,15,0%,0%,26,9.67
https://www.radianceclinics.com/doctor-answers/does-popping-pimples-cause-scars,0,0,5,0,0%,0%,46.6,0
https://www.radianceclinics.com/post/radiance-skin-and-hair-clinics-your-ideal-destination-for-hair-transplants/,0,0,5,11,0%,0%,47.4,30.45
https://www.radianceclinics.com/concerns/skin-texture/dull-skin,0,0,5,0,0%,0%,58.6,0
https://www.radianceclinics.com/post/non-surgical-hair-replacement/,0,0,5,6,0%,0%,85.2,8.17
https://www.radianceclinics.com/treatment/hairfall/advanced-stemcellow/,0,0,5,0,0%,0%,89,0
https://www.radianceclinics.com/treatment/bridal-dermatology/acnecheck-treatment/,0,0,5,2,0%,0%,121.8,65.5
https://www.radianceclinics.com/blogs/page/3/,0,0,4,0,0%,0%,3.25,0
https://www.radianceclinics.com/post/radiance-clinics-awarded-times-health-icon-for-exceptional-contributions-in-cosmetology-and-hair-transplant/,0,0,4,13,0%,0%,6.75,6.54
https://www.radianceclinics.com/doctor-answers/when-widening-part-needs-assessment,0,0,4,0,0%,0%,8.5,0
https://www.radianceclinics.com/knowledge/how-to-plan-hair-restoration,0,0,4,0,0%,0%,15.25,0
https://www.radianceclinics.com/doctor-answers/why-acne-after-shaving,0,0,4,0,0%,0%,22.25,0
https://www.radianceclinics.com/concerns/hair-loss-scalp/sudden-hair-shedding,0,0,4,0,0%,0%,24,0
https://www.radianceclinics.com/concerns/acne-scars/post-acne-red-marks,0,0,4,0,0%,0%,39.75,0
https://www.radianceclinics.com/treatment/acne-scars/erbium-fiber-laser/,0,0,4,4,0%,0%,47.75,4.25
https://www.radianceclinics.com/post/is-hair-restoration-worth-the-investment/,0,0,4,2,0%,0%,52.25,7.5
https://www.radianceclinics.com/concerns/hair-loss-scalp/alopecia-areata,0,0,4,0,0%,0%,72.5,0
https://www.radianceclinics.com/treatment/acne-treatment/acne-erase/,0,0,4,8,0%,0%,79.5,4.38
https://www.radianceclinics.com/conditions/ingrowing-toe-nails/,0,0,4,2,0%,0%,108.75,22
https://www.radianceclinics.com/treatment/anti-ageing-therapies/hyaluronic-acid-therapy/,0,0,3,1,0%,0%,2.33,2
https://www.radianceclinics.com/doctor-answers,0,0,3,0,0%,0%,7.67,0
https://www.radianceclinics.com/doctor-answers/tan-vs-pigmentation,0,0,3,0,0%,0%,8.33,0
https://www.radianceclinics.com/doctor-answers/laser-hair-reduction-safe-darker-skin,0,0,3,0,0%,0%,19,0
https://www.radianceclinics.com/knowledge/hair-transplant-aftercare,0,0,3,0,0%,0%,29.33,0
https://www.radianceclinics.com/concerns/aging-aesthetics/skin-laxity,0,0,3,0,0%,0%,93,0
https://www.radianceclinics.com/treatment/non-surgical-facial-enhancements/nose-enhancement/,0,0,3,6,0%,0%,113.67,53.5
https://www.radianceclinics.com/blogs/page/12/,0,0,2,1,0%,0%,4,4
https://www.radianceclinics.com/post/aging-gracefully-with-botox-how-it-can-enhance-your-natural-beauty/,0,0,2,4,0%,0%,5,6.75
https://www.radianceclinics.com/post/experience-natural-looking-hair-with-hair-patch/,0,0,2,0,0%,0%,5.5,0
https://www.radianceclinics.com/hair-regrowth-treatment/,0,0,2,0,0%,0%,6,0
https://www.radianceclinics.com/blogs/page/10/,0,0,2,1,0%,0%,6.5,5
https://www.radianceclinics.com/concerns/hair-transplant/shock-loss,0,0,2,0,0%,0%,6.5,0
https://www.radianceclinics.com/concerns/scars-stretch-marks/traumatic-scars,0,0,2,0,0%,0%,8,0
https://www.radianceclinics.com/doctor-answers/can-hair-transplant-work-weak-donor,0,0,2,0,0%,0%,9.5,0
https://www.radianceclinics.com/post/the-ultimate-guide-to-body-hair-removal-in-odishas-aesthetic-hub/,0,0,2,4,0%,0%,13,7.75
https://www.radianceclinics.com/doctor-answers/laser-hair-reduction-permanent,0,0,2,0,0%,0%,16,0
https://www.radianceclinics.com/post/is-hair-transplant-the-right-solution-for-you-a-complete-guide-on-hair-transplant/,0,0,2,16,0%,0%,21,9.5
https://www.radianceclinics.com/post/how-facial-fillers-can-enhance-your-natural-beauty/,0,0,2,3,0%,0%,23.5,22.33
https://www.radianceclinics.com/post/certain-myths-about-hair-transplants-for-young-men/,0,0,2,0,0%,0%,37.5,0
https://www.radianceclinics.com/concerns/pigmentation/lip-pigmentation,0,0,2,0,0%,0%,69,0
https://www.radianceclinics.com/concerns/hair-transplant/post-transplant-shedding,0,0,2,0,0%,0%,72,0
https://www.radianceclinics.com/doctor-answers/why-skin-dull-despite-skincare,0,0,2,0,0%,0%,76,0
https://www.radianceclinics.com/treatment/anti-ageing-therapies/thread-lift/,0,0,2,5,0%,0%,83.5,3.2
https://www.radianceclinics.com/post/top-hair-transplant-methods-achieve-natural-long-lasting-results/,0,0,2,2,0%,0%,87,4
https://www.radianceclinics.com/post/hair-transplants-what-to-expect/,0,0,2,4,0%,0%,87.5,5.5
https://www.radianceclinics.com/post/hair-loss-and-hair-thinning/,0,0,2,2,0%,0%,93.5,8
https://www.radianceclinics.com/concerns/aging-aesthetics/under-eye-bags,0,0,1,0,0%,0%,1,0
https://www.radianceclinics.com/concerns/other-skin-concerns/moles-and-warts,0,0,1,0,0%,0%,1,0
https://www.radianceclinics.com/post/essential-skincare-tips-and-advice-from-dermatologists/,0,0,1,0,0%,0%,1,0
https://www.radianceclinics.com/concerns/hair-transplant/donor-area-thinning,0,0,1,0,0%,0%,4,0
https://www.radianceclinics.com/post/understanding-male-specific-skin-concerns-expert-insights-and-solutions/,0,0,1,0,0%,0%,4,0
https://www.radianceclinics.com/treatment/,0,0,1,0,0%,0%,5,0
https://www.radianceclinics.com/doctor-answers/can-sunscreen-prevent-pigmentation-returning,0,0,1,0,0%,0%,6,0
https://www.radianceclinics.com/knowledge/hair-transplant-cost-factors,0,0,1,0,0%,0%,6,0
https://www.radianceclinics.com/post/is-it-possible-to-stop-saving-unwanted-hair/,0,0,1,0,0%,0%,7,0
https://www.radianceclinics.com/conditions/pigmentation-melasma,0,0,1,0,0%,0%,8,0
https://www.radianceclinics.com/post/locks-of-elegance-where-to-find-quality-hair-wigs/,0,0,1,0,0%,0%,9,0
https://www.radianceclinics.com/post/top-5-ways-the-millennial-use-for-better-hair-and-skin/,0,0,1,1,0%,0%,9,10
https://www.radianceclinics.com/privacy-policy,0,0,1,0,0%,0%,9,0
https://www.radianceclinics.com/concerns/scars-stretch-marks/stretch-marks,0,0,1,0,0%,0%,10,0
https://www.radianceclinics.com/concerns/hair-transplant/graft-number-planning,0,0,1,0,0%,0%,11,0
https://www.radianceclinics.com/post/ଲେଜର-ହେୟାର-ରିମୁଭାଲ୍-ର-ଉପକ/,0,0,1,0,0%,0%,11,0
https://www.radianceclinics.com/knowledge/laser-hair-reduction-expectations,0,0,1,0,0%,0%,12,0
https://www.radianceclinics.com/post/why-a-hair-wig-is-an-ideal-solution-for-hair-loss/,0,0,1,0,0%,0%,12,0
https://www.radianceclinics.com/post/tackling-hair-loss-a-guide-to-top-notch-hair-transplant-clinics/,0,0,1,10,0%,0%,30,19.8
https://www.radianceclinics.com/post/stubborn-acne-care-with-proven-medical-options/,0,0,1,0,0%,0%,31,0
https://www.radianceclinics.com/concerns/laser-hair-reduction/laser-hair-removal-dark-skin,0,0,1,0,0%,0%,50,0
https://www.radianceclinics.com/concerns/hair-loss-scalp/hair-thinning,0,0,1,0,0%,0%,53,0
https://www.radianceclinics.com/doctor-answers/why-hair-grows-back-after-laser,0,0,1,0,0%,0%,56,0
https://www.radianceclinics.com/concerns/scars-stretch-marks/raised-scars-keloids,0,0,1,0,0%,0%,66,0
https://www.radianceclinics.com/doctor-answers/how-many-sessions-acne-scars,0,0,1,0,0%,0%,73,0
https://www.radianceclinics.com/doctor-answers/when-wash-hair-after-transplant,0,0,1,0,0%,0%,75,0
https://www.radianceclinics.com/post/why-radiance-skin-and-hair-clinics-is-the-best-hair-loss-clinic-in-bhubaneswar/,0,0,1,0,0%,0%,76,0
https://www.radianceclinics.com/concerns/hair-loss-scalp/itchy-scalp,0,0,1,0,0%,0%,81,0
https://www.radianceclinics.com/treatment/acne-treatment/acne-check-peel/,0,0,1,0,0%,0%,179,0
https://www.radianceclinics.com/post/what-is-lip-blushing-and-how-does-it-work/,0,0,0,5,0%,0%,0,57.8
https://www.radianceclinics.com/post/how-to-ensure-the-success-of-hair-transplant-having-it-at-a-hair-transplant/,0,0,0,3,0%,0%,0,6.33
https://www.radianceclinics.com/post/hair-loss-treatment/,0,0,0,2,0%,0%,0,4
https://www.radianceclinics.com/post/do-not-get-frustrated-having-skin-issues/,0,0,0,2,0%,0%,0,5
https://www.radianceclinics.com/post/whats-the-cause-of-under-eye-dark-circles-and-what-treatments-can-help/,0,0,0,1,0%,0%,0,1
https://www.radianceclinics.com/treatment/pigmentation/insta-glow,0,0,0,1,0%,0%,0,1
https://www.radianceclinics.com/treatment/non-surgical-facial-enhancements/cheek-enhancement/,0,0,0,1,0%,0%,0,7
https://www.radianceclinics.com/post/what-are-the-latest-trends-in-filler-treatment/,0,0,0,1,0%,0%,0,8
https://www.radianceclinics.com/conditions/hairfall/hairfall-in-men/,0,0,0,1,0%,0%,0,9
https://www.radianceclinics.com/post/winter-skincare-and-hair-care-top-tips-for-radiance-and-health/,0,0,0,1,0%,0%,0,46