Top queries,Last 28 days Clicks,Previous 28 days Clicks,Last 28 days Impressions,Previous 28 days Impressions,Last 28 days CTR,Previous 28 days CTR,Last 28 days Position,Previous 28 days Position
radiance skin & hair clinics,55,95,924,1416,5.95%,6.71%,5.92,4.06
radiance clinic,37,16,677,466,5.47%,3.43%,11.76,18.9
radiance clinic bhubaneswar,20,8,309,181,6.47%,4.42%,1.5,3.62
hair transplant in bhubaneswar,17,8,631,643,2.69%,1.24%,8.41,7.6
hair transplant bhubaneswar,11,5,346,322,3.18%,1.55%,6.61,5.05
radiance skin and hair clinic bhubaneswar,11,1,70,18,15.71%,5.56%,1.23,1
radiance skin clinic,6,1,154,99,3.9%,1.01%,16.73,19.9
dr satyarth prakash,6,2,26,26,23.08%,7.69%,2.81,2.62
best hair transplant in bhubaneswar,5,1,330,303,1.52%,0.33%,15.91,14.94
best hair transplant clinic in bhubaneswar,5,2,281,340,1.78%,0.59%,9.4,8.96
radiance hair transplant,4,0,116,128,3.45%,0%,36.48,38.27
hair doctor bhubaneswar,3,0,278,210,1.08%,0%,4.93,5.93
hair specialist doctor in bhubaneswar,3,1,215,65,1.4%,1.54%,8.23,11.58
laser hair removal bhubaneswar,3,2,188,166,1.6%,1.2%,8.84,7.34
radiance hair clinic,3,4,145,159,2.07%,2.52%,33.55,36.21
hair clinic bhubaneswar,3,1,141,159,2.13%,0.63%,2.96,3.29
radiance,3,4,123,93,2.44%,4.3%,6.5,4.75
hair patch in bhubaneswar,3,3,113,205,2.65%,1.46%,5.46,5.88
radiance bhubaneswar,3,0,68,33,4.41%,0%,1,14.45
prp treatment in bhubaneswar,3,2,63,61,4.76%,3.28%,3.9,1.02
services offered by radiance skin & hair clinics,3,0,42,35,7.14%,0%,1.93,1
hair specialist in bhubaneswar,2,1,224,180,0.89%,0.56%,10.91,12.92
best hair clinic in bhubaneswar,2,1,166,153,1.2%,0.65%,13.57,11.12
laser hair removal in bhubaneswar,2,3,149,145,1.34%,2.07%,15.3,15.59
aesthetic clinic bhubaneswar,2,0,41,22,4.88%,0%,7.78,9.23
best prp treatment in bhubaneswar,2,0,37,22,5.41%,0%,3.62,3.86
microblading eyebrows in bhubaneswar,2,0,31,32,6.45%,0%,2.39,4.31
radiance skin & hair clinics bhubaneswar,2,2,21,36,9.52%,5.56%,1.19,1.06
radiance clinic bbsr,2,1,19,13,10.53%,7.69%,1.11,1
dr satyartha prakash,2,0,19,12,10.53%,0%,2.05,3.42
lip laser treatment cost in bhubaneswar,2,0,16,20,12.5%,0%,6.19,6.7
hair transplant clinic in bhubaneswar,1,3,340,279,0.29%,1.08%,11.17,10.29
hair treatment in bhubaneswar,1,4,331,333,0.3%,1.2%,12.39,13.06
best hair doctor in bhubaneswar,1,5,317,318,0.32%,1.57%,5.97,5.75
radiance skin & hair clinics reviews,1,1,256,244,0.39%,0.41%,7.37,9.08
hair clinic in bhubaneswar,1,1,238,226,0.42%,0.44%,22.61,21.94
top 10 skin specialist in bhubaneswar,1,0,229,199,0.44%,0%,8.15,8.25
best hair specialist in bhubaneswar,1,0,181,194,0.55%,0%,11.06,12.35
radiance skin & hair clinics photos,1,0,167,141,0.6%,0%,2.72,2.1
best dermatologist bhubaneswar,1,2,156,141,0.64%,1.42%,6.87,6.97
radiance skin and hair clinic,1,3,130,207,0.77%,1.45%,16.25,11.82
skin clinic bhubaneswar,1,0,126,63,0.79%,0%,10.29,11.19
hair doctor near me,1,0,115,119,0.87%,0%,7.05,6.78
radiant clinic,1,0,112,77,0.89%,0%,20.68,24.75
best hair treatment in bhubaneswar,1,0,88,96,1.14%,0%,8.26,7.61
skin doctor bhubaneswar,1,0,81,97,1.23%,0%,14.4,15.15
hydra facial in bhubaneswar,1,1,80,82,1.25%,1.22%,15.44,12.62
best hair transplant near me,1,0,78,48,1.28%,0%,5.15,3.23
bhubaneswar hair transplant clinic,1,3,75,95,1.33%,3.16%,2.4,2.19
tattoo removal bhubaneswar,1,3,57,114,1.75%,2.63%,6.63,5.75
radiance hair and skin clinic,1,0,57,43,1.75%,0%,27.09,26
hair transplant,1,0,53,91,1.89%,0%,5.08,4.8
radiance skin & hair clinic,1,2,53,82,1.89%,2.44%,35.74,28.99
prp treatment,1,0,50,38,2%,0%,2.42,2.87
glutathione treatment in bhubaneswar,1,0,47,53,2.13%,0%,22.23,18.55
hair transplant in odisha,1,1,45,45,2.22%,2.22%,3.47,2.47
best hair patch in bhubaneswar,1,2,40,62,2.5%,3.23%,6.88,4.02
skin radiance clinic,1,0,38,25,2.63%,0%,36.03,33.76
gfc treatment in bhubaneswar,1,0,34,10,2.94%,0%,3.41,3.1
hair patch service in bhubaneswar,1,1,31,24,3.23%,4.17%,2.39,3.33
best doctor for hair treatment in bhubaneswar,1,0,30,9,3.33%,0%,12.4,6.67
best hair transplant clinic in odisha,1,1,29,27,3.45%,3.7%,3.83,3.41
hair treatment berhampur,1,0,29,17,3.45%,0%,5.55,5.53
pseudoacanthosis nigricans,1,0,29,17,3.45%,0%,11.52,17.71
best hair fall doctor in bhubaneswar,1,0,28,8,3.57%,0%,3.82,3.88
bhubaneswar best hair doctor,1,0,27,5,3.7%,0%,7.52,10.2
hair wig in bhubaneswar,1,1,25,28,4%,3.57%,6.16,4.64
best hair treatment clinic in bhubaneswar,1,0,23,13,4.35%,0%,6.43,7
clinics in bhubaneswar,1,2,23,20,4.35%,10%,9.7,8
best laser hair removal in bhubaneswar,1,0,21,15,4.76%,0%,4.29,4.2
hair laser removal,1,0,20,0,5%,0%,2.1,0
hair transplant in cuttack,1,1,18,22,5.56%,4.55%,5.11,5.05
cosmetologist in bhubaneswar,1,0,17,8,5.88%,0%,6.94,6.88
wart removal bhubaneswar,1,1,15,34,6.67%,2.94%,3.53,6.06
odisha hair transplant clinic,1,0,15,1,6.67%,0%,5.53,2
laser hair reduction treatment,1,0,15,7,6.67%,0%,31.4,39
hair doctor angul,1,0,12,1,8.33%,0%,5.58,6
best hair dermatologist in bhubaneswar,1,1,11,19,9.09%,5.26%,3.91,3.32
prp treatment near me,1,0,10,10,10%,0%,4.8,6.8
best dermatologist for hair in bhubaneswar,1,0,9,1,11.11%,0%,2.56,3
best prp treatment near me,1,0,9,10,11.11%,0%,5.78,8.9
best dermat in bhubaneswar,1,0,8,9,12.5%,0%,5.75,6.89
hair laser treatment,1,0,8,3,12.5%,0%,8.12,7
weight loss doctor near me,1,0,8,7,12.5%,0%,10.38,10.43
glutathione iv drip bhubaneswar,1,0,7,4,14.29%,0%,3,8.5
skin treatment bhubaneswar,1,0,7,16,14.29%,0%,6.29,5.81
hair and skin clinic,1,0,7,4,14.29%,0%,9.14,3.75
hair wig for men in bhubaneswar,1,0,6,9,16.67%,0%,6,6.11
in bbsr,1,0,4,2,25%,0%,3.25,4
best skin specialist in bhubaneswar odisha,1,0,4,3,25%,0%,4.75,6
laser clinic near me,1,0,4,2,25%,0%,9,11
dermatologist for hair fall,1,0,3,2,33.33%,0%,1,11.5
top hair transplant clinic in india,1,0,3,2,33.33%,0%,1.67,1.5
photorejuvenation treatment,1,0,3,0,33.33%,0%,2.33,0
hair transplant in bhubaneswar price list,1,0,3,3,33.33%,0%,5.33,7.67
mole laser removal near me,1,0,3,0,33.33%,0%,6.33,0
mole removal centre near me,1,0,3,0,33.33%,0%,6.67,0
best,1,0,2,0,50%,0%,2,0
face laser treatment near me,1,0,2,1,50%,0%,5,12
places to buy wigs near me,1,0,2,0,50%,0%,11.5,0
best skin clinic in india,1,0,1,0,100%,0%,1,0
eyebrow micropigmentation near me,1,0,1,0,100%,0%,1,0
hair care doctor name,1,0,1,0,100%,0%,1,0
"india, odisha",1,0,1,0,100%,0%,1,0
top rated,1,0,1,0,100%,0%,1,0
best doctor,1,0,1,1,100%,0%,2,1
hydra facial around me,1,0,1,0,100%,0%,2,0
laser hair removal places,1,0,1,0,100%,0%,6,0
best hair care clinic,1,0,1,1,100%,0%,10,1
radiant bhubaneswar,1,0,1,0,100%,0%,11,0
best rhinoplasty surgeon in odisha,1,0,1,0,100%,0%,14,0
hair regrowth doctor,1,0,1,0,100%,0%,25,0
pediatrician bhubaneswar,1,0,1,0,100%,0%,141,0
laser hair removal,0,0,1424,448,0%,0%,3.33,11.23
gfc treatment,0,0,1147,519,0%,0%,7.48,11.18
skin doctor,0,0,814,1630,0%,0%,33.68,38.01
best dermatologist in bhubaneswar,0,2,531,516,0%,0.39%,6.31,6.39
closed comedones,0,0,370,0,0%,0%,10.98,0
skin radiance,0,0,350,347,0%,0%,3.19,4.5
best skin doctor in bhubaneswar,0,0,313,244,0%,0%,9.01,10.01
skin care doctor,0,0,312,497,0%,0%,27.52,31.35
dermatologist in bhubaneswar,0,3,288,257,0%,1.17%,8.72,8.85
skincare doctor,0,0,180,146,0%,0%,28.08,28.99
hair removal treatment,0,0,174,242,0%,0%,53.76,49.95
radiant skin clinic,0,0,170,168,0%,0%,34.42,35.84
acne prone skin,0,0,151,382,0%,0%,27.43,28.37
hair doctor in bhubaneswar,0,1,135,139,0%,0.72%,8.44,11.16
hair doctor kolkata,0,0,132,143,0%,0%,5.92,8.29
acne check,0,0,118,156,0%,0%,9.28,11.18
laser treatment in bhubaneswar,0,2,116,72,0%,2.78%,12.24,11.67
hair specialist,0,0,116,225,0%,0%,61.91,68.57
skin clinic in bhubaneswar,0,0,115,101,0%,0%,13.53,13.21
dandruff treatment,0,0,114,503,0%,0%,5.05,5.67
gfc procedure,0,0,111,274,0%,0%,6.49,5.5
dermatologist bhubaneswar,0,3,109,129,0%,2.33%,9.98,9.53
ฉีด gfc ผม,0,0,108,285,0%,0%,47.27,44.44
gfc กระตุ้นรากผม,0,0,108,71,0%,0%,53.9,51.32
radiance skin,0,0,103,174,0%,0%,10.91,8.4
skin clinic near me,0,0,98,109,0%,0%,8.8,8.44
hair removal laser,0,0,95,1,0%,0%,1,54
hair transplant in kolkata,0,0,95,200,0%,0%,41.07,39.13
hair transplant clinic in kolkata,0,0,92,167,0%,0%,38.42,43.05
skin care doctors,0,0,88,172,0%,0%,48.1,42.65
skin doctors,0,0,85,56,0%,0%,48.38,51.91
skin specialist in bhubaneswar,0,0,84,88,0%,0%,14.25,15.26
top 10 hair transplant in bhubaneswar,0,0,83,95,0%,0%,7.71,8.31
dermatologist near me,0,0,82,69,0%,0%,11.46,10.13
hair transplant clinic near me,0,1,79,62,0%,1.61%,3.96,3.56
hair transplant cost in bhubaneswar,0,1,76,54,0%,1.85%,26.7,32.94
hair prp treatment in bhubaneswar,0,0,70,66,0%,0%,11.36,12.21
best skin clinic in bhubaneswar,0,1,70,45,0%,2.22%,12.04,14.67
best hair transplant in kolkata,0,0,69,58,0%,0%,19.51,20
hair clinic near me,0,0,68,88,0%,0%,7.19,6.18
dermal fillers treatment in bhubaneswar,0,0,68,80,0%,0%,21.97,20.01
botox treatment in bhubaneswar,0,2,66,72,0%,2.78%,16.55,12.17
hair clinic,0,0,65,30,0%,0%,33.32,25.17
best skin specialist in bhubaneswar,0,1,64,64,0%,1.56%,8.33,12.48
site:www.radianceclinics.com,0,0,61,23,0%,0%,61.66,1
hair transplant candidates,0,0,61,137,0%,0%,74.77,77.51
hair transplant clinic in odisha,0,0,59,49,0%,0%,1.46,1.39
skin care clinic bhubaneswar,0,1,59,59,0%,1.69%,10.86,10.68
facial doctor,0,0,57,70,0%,0%,7.07,7.79
best hair transplant in odisha,0,1,55,52,0%,1.92%,2.84,2.38
hair doctor,0,0,55,46,0%,0%,6.55,8.15
acne skin treatment in bhubaneswar,0,0,55,58,0%,0%,14.82,15.98
skin and hair clinic bhubaneswar,0,0,54,31,0%,0%,3.57,3.1
doctor skin,0,0,54,90,0%,0%,14.83,20.8
bhubaneswar hair transplant,0,0,53,16,0%,0%,17.08,22.06
laser treatment bhubaneswar,0,0,50,38,0%,0%,6.62,12.03
hair patch service near me,0,1,50,99,0%,1.01%,7.96,8.51
hair doctor cuttack,0,0,50,109,0%,0%,10.8,9.83
ear piercing bhubaneswar,0,0,50,94,0%,0%,11.44,11.3
gfc ผม,0,0,50,51,0%,0%,36.44,34.33
hair transplant service bhubaneswar,0,0,49,45,0%,0%,1.37,3.44
hair treatment bhubaneswar,0,1,49,48,0%,2.08%,10.22,7.19
best hair restoration in odisha,0,0,48,69,0%,0%,1.42,2.07
prp treatment for hair in bhubaneswar,0,0,48,39,0%,0%,5.52,6.87
hair specialist doctor in berhampur,0,0,48,54,0%,0%,6.21,6.93
hair specialist bhubaneswar,0,1,48,62,0%,1.61%,6.85,4.66
hair doctor in berhampur,0,0,48,28,0%,0%,7.52,6.86
skin care dr,0,0,48,109,0%,0%,8.62,8.53
บำรุงผม gfc,0,0,48,58,0%,0%,34.15,35.31
best laser treatment in bhubaneswar,0,0,47,4,0%,0%,13.7,9
best dermatologist in bhubaneswar for hair,0,0,44,49,0%,0%,2.8,2.82
aft treatment for hair,0,0,44,32,0%,0%,7.36,8
chemical peeling cost,0,0,44,37,0%,0%,11.75,12.73
best cosmetologist in bhubaneswar,0,0,44,10,0%,0%,22.82,11.9
hair transplant near me,0,0,43,43,0%,0%,4.98,5.07
best hair doctor in berhampur,0,0,43,42,0%,0%,6.91,7.36
skin doctor near me,0,0,43,30,0%,0%,7.53,8.57
nose piercing near me,0,0,43,48,0%,0%,8.4,8.98
hair specialist doctor kolkata,0,0,43,34,0%,0%,9.84,10.74
hair care after hair transplant,0,0,43,69,0%,0%,79,79.43
deep acne scars,0,0,42,0,0%,0%,25.4,0
derma radiance skin & hair clinic,0,0,41,62,0%,0%,9.59,7.73
bio hair transplant,0,0,41,44,0%,0%,13.61,14.25
how to reverse the signs of ageing,0,0,40,46,0%,0%,56.35,51.67
hair restoration in bhubaneswar,0,0,39,39,0%,0%,1.54,2.1
hair transplantation in bhubaneswar,0,0,39,47,0%,0%,5,5
hydra facial price in bhubaneswar,0,0,39,53,0%,0%,8.82,10.04
piercing near me,0,0,39,54,0%,0%,10.18,10.19
vitiligo treatment in bhubaneswar,0,0,39,11,0%,0%,20.38,6.55
wart doctor,0,0,39,23,0%,0%,59.77,51.91
radiance clinics,0,0,38,21,0%,0%,9.37,6.57
best hair doctor in cuttack,0,0,38,60,0%,0%,10.71,10.88
aft treatment,0,0,38,26,0%,0%,18.32,17.46
check acne,0,0,37,102,0%,0%,2.08,1.74
doctor facial,0,0,37,66,0%,0%,3.65,3.53
bhubaneswar best hair transplant clinic,0,0,37,8,0%,0%,5.27,5.62
best hair doctor near me,0,0,37,29,0%,0%,6.76,5.97
hair specialist doctor near me,0,0,37,38,0%,0%,8.22,7.82
laser hair removal near me,0,0,37,35,0%,0%,8.27,7.14
laser hair removal cost in bhubaneswar,0,2,37,35,0%,5.71%,21.11,14.14
hair fall treatment in bhubaneswar,0,0,36,34,0%,0%,3.72,5.09
vampire facial in bhubaneswar,0,0,36,38,0%,0%,7.86,6.29
dermal filler in bhubaneswar,0,0,36,35,0%,0%,9.64,8.49
vampire facial treatment in bhubaneswar,0,0,36,41,0%,0%,10.89,9
pigmentation treatment in bhubaneswar,0,0,36,0,0%,0%,15.89,0
gfc,0,0,35,48,0%,0%,26.83,27.27
best hair transplant clinic in kolkata,0,0,35,74,0%,0%,33.54,32.89
dermatologist wart removal,0,0,35,28,0%,0%,73.6,65.21
best hair transplant clinic near me,0,0,34,30,0%,0%,1.94,2.17
lice treatment in bhubaneswar,0,1,34,31,0%,3.23%,2.62,2.13
hair doctor berhampur,0,0,34,37,0%,0%,7.88,7.19
exosomes treatment in bhubaneswar,0,0,34,30,0%,0%,38,33.63
skin treatment doctor,0,0,34,103,0%,0%,39.62,48.71
radiance skin and hair care,0,0,34,28,0%,0%,53.79,41.54
skin doctor in bhubaneswar,0,0,33,22,0%,0%,15.3,12.27
skin specialist bhubaneswar,0,0,33,38,0%,0%,17.33,18.5
trichologist bhubaneswar,0,0,32,19,0%,0%,1.19,1.16
best hair treatment doctor in bhubaneswar,0,0,32,21,0%,0%,5.5,2.81
laser hair removal treatment in bhubaneswar,0,0,32,23,0%,0%,8.59,11.74
top 10 skin specialist in odisha,0,0,32,27,0%,0%,9.09,9.07
carbon facial in bhubaneswar,0,0,32,33,0%,0%,15.06,12.21
botox treatment,0,0,32,63,0%,0%,24.41,26
scarring alopecia,0,0,32,44,0%,0%,91.44,88.09
laser for hair removal,0,0,31,0,0%,0%,1.35,0
laser treatment price in bhubaneswar,0,0,31,22,0%,0%,1.87,1.41
skin clinic,0,0,31,4,0%,0%,5.9,8.25
best skin doctor bhubaneswar,0,0,31,33,0%,0%,9.65,9.27
anti aging treatment in bhubaneswar,0,0,31,40,0%,0%,18.26,15.65
traya bhubaneswar,0,0,30,38,0%,0%,3.37,3.47
best dermatologist in odisha,0,0,30,34,0%,0%,7.53,6.91
hair fall doctor near me,0,0,30,21,0%,0%,8.47,8
aft laser,0,0,30,10,0%,0%,26.77,25.9
radiant hair transplant clinic,0,0,30,40,0%,0%,37.83,38.08
hair rejuvenation treatment,0,0,30,50,0%,0%,66.73,57.3
radiance salon,0,0,29,17,0%,0%,8.17,7.59
face clinic,0,0,29,20,0%,0%,8.72,10.75
rupam clinic,0,0,29,43,0%,0%,26.45,27.63
zap laser,0,0,29,28,0%,0%,29.34,29.36
platelet rich plasma in hair treatment in bhubaneswar,0,0,29,31,0%,0%,30.31,34.45
radiance skin antiaging & hair transplant clinic,0,0,29,25,0%,0%,36.83,35.48
radiance hair and sk,0,0,29,54,0%,0%,52.93,48.87
trichologist near me,0,0,28,19,0%,0%,6.5,5.68
skin care clinic in bhubaneswar,0,0,28,23,0%,0%,10.54,9.26
hydrafacial in bhubaneswar,0,0,28,40,0%,0%,12.68,10.68
best skin care clinic in bhubaneswar,0,0,28,27,0%,0%,13.61,12.81
gfc hair treatment,0,1,28,146,0%,0.68%,23.25,32.19
doctor skin care,0,0,28,27,0%,0%,39.93,36
skin booster treatment in bhubaneswar,0,0,28,26,0%,0%,43.75,43.46
hair specialist doctor,0,0,27,25,0%,0%,5.81,9.12
best hair doctor in balasore,0,1,27,49,0%,2.04%,7.04,6.61
lip pigmentation treatment,0,0,27,123,0%,0%,7.93,30.59
who is the best skin specialist in bhubaneswar,0,0,27,23,0%,0%,8.67,9.65
radiance skin care,0,0,27,63,0%,0%,25.11,20.81
bhubaneswar hair doctor,0,0,26,23,0%,0%,5.58,7.65
skin and hair clinic near me,0,0,26,20,0%,0%,6.88,6.4
mole removal bhubaneswar,0,0,26,12,0%,0%,7.23,9.33
laser treatment,0,0,26,11,0%,0%,9.81,9.27
hair specialist in sambalpur,0,0,26,51,0%,0%,10.08,10.08
laser tattoo removal treatment in bhubaneswar,0,0,26,31,0%,0%,28.42,25.13
hydra facial bhubaneswar,0,0,25,29,0%,0%,7.16,7.62
dermatologist,0,0,25,16,0%,0%,8.48,7.75
best dermatologist near me,0,0,25,20,0%,0%,9.8,8.9
co2 laser treatment in bhubaneswar,0,0,25,18,0%,0%,11.24,14.78
piercing shops near me,0,0,25,23,0%,0%,11.28,10.74
hair treatment in kolkata,0,0,25,57,0%,0%,12.88,23.58
is laser hair removal permanent,0,0,25,57,0%,0%,31.44,25.19
acne scar treatment,0,0,25,4,0%,0%,59.8,26.25
forehead lines,0,0,25,10,0%,0%,79.28,70
lice treatment parlour in bhubaneswar,0,0,24,7,0%,0%,1.75,1.29
bhubaneswar,0,0,24,7,0%,0%,2.92,2.57
hair dermatologist near me,0,0,24,31,0%,0%,8.96,7.65
best hair doctor in odisha,0,1,23,20,0%,5%,6.57,5
piercing bhubaneswar,0,0,23,44,0%,0%,8.91,8.82
laser vs waxing,0,0,23,29,0%,0%,18.13,28.24
doctors skin care,0,0,23,48,0%,0%,29.35,29.71
painless wart removal,0,0,22,22,0%,0%,1.91,1.23
hair transplant in berhampur,0,2,22,66,0%,3.03%,5.73,4.45
berhampur hair doctor,0,0,22,35,0%,0%,7.09,6.97
best skin care clinic in odisha,0,0,22,15,0%,0%,11.64,12.8
gfc treatment for hair loss,0,0,22,13,0%,0%,13.18,11
best hair clinic in kolkata,0,0,22,53,0%,0%,25.27,27.62
hydrafacial treatment in bhubaneswar,0,0,22,34,0%,0%,26.77,25.94
hair transplant kolkata,0,0,22,35,0%,0%,40.55,37.43
laser women,0,0,21,25,0%,0%,1.24,2.32
hair transplant in sambalpur,0,0,21,38,0%,0%,4.38,3.97
best skin specialist bhubaneswar,0,0,21,19,0%,0%,7.95,6.89
gfc therapy,0,0,21,43,0%,0%,11,13.26
doctor for face skin,0,0,21,32,0%,0%,13.62,11.59
hair clinic in kolkata,0,0,21,27,0%,0%,29.43,33.81
can you reverse signs of aging,0,0,21,23,0%,0%,72.38,86.04
hair fall treatment,0,0,20,18,0%,0%,3.25,2.61
hair doctor in angul,0,0,20,27,0%,0%,5.1,4.85
hair specialist near me,0,0,20,38,0%,0%,6.95,6.29
gfc meaning hair,0,0,20,28,0%,0%,7.5,7.96
tattoo removal in bhubaneswar,0,2,20,39,0%,5.13%,9.05,8.21
what is radiance skin,0,0,20,15,0%,0%,16.2,32.47
face skin doctor,0,0,20,3,0%,0%,17.2,21.67
acne checker,0,0,20,1123,0%,0%,30.6,11.49
laser zap,0,0,20,29,0%,0%,43.55,43.17
prp treatment for hair,0,0,19,16,0%,0%,1.68,2.56
yes,0,1,19,17,0%,5.88%,3.21,4.06
hair dermatologist in bhubaneswar,0,0,19,18,0%,0%,4.16,7.17
best hydra facial in bhubaneswar,0,1,19,16,0%,6.25%,4.42,4.19
trichologist in bhubaneswar,0,0,19,10,0%,0%,5.79,1
best dermatologist in bbsr,0,0,19,15,0%,0%,7.05,6.33
skin clinic nayapalli,0,0,19,5,0%,0%,8.21,9.6
hair treatment,0,0,19,13,0%,0%,8.79,9
hair patch bhubaneswar,0,1,19,40,0%,2.5%,9.05,5.7
what is bio hair,0,0,19,63,0%,0%,9.05,10.14
wart removal clinic near me,0,2,19,33,0%,6.06%,9.16,7.88
best hair specialist in cuttack,0,0,19,35,0%,0%,9.32,9.57
skin whitening treatment in bhubaneswar,0,0,19,25,0%,0%,9.42,9.32
clinic bhubaneswar,0,0,19,3,0%,0%,10.74,14.67
skin laser clinic near me,0,0,19,13,0%,0%,13.47,12.54
laser tattoo removal in bhubaneswar,0,0,19,0,0%,0%,13.95,0
trichologist,0,0,18,11,0%,0%,2.22,2.36
nearby hair transplant clinic,0,0,18,16,0%,0%,2.83,3.88
best skin clinic bhubaneswar,0,0,18,17,0%,0%,7.44,6.06
best doctor for hair loss treatment in bhubaneswar,0,0,18,0,0%,0%,7.67,0
hair treatment doctor near me,0,0,18,19,0%,0%,7.72,6.95
best plastic surgeon in bhubaneswar,0,0,18,15,0%,0%,10.83,11
keloid treatment in bhubaneswar,0,0,18,16,0%,0%,33.11,35.31
body hair transplant,0,0,18,32,0%,0%,74.94,77.03
prp hair treatment,0,0,17,23,0%,0%,2,5.7
top dermatologist in bhubaneswar,0,0,17,21,0%,0%,6.24,7.52
hair patch price in bhubaneswar,0,2,17,18,0%,11.11%,6.88,7
best hair doctor in sambalpur,0,0,17,33,0%,0%,9.24,9.97
piercing in bhubaneswar,0,0,17,17,0%,0%,9.29,8.71
hair doctor balasore,0,0,17,27,0%,0%,10.06,9.67
lip vitiligo permanent treatment,0,0,17,7,0%,0%,10.88,11.43
co2 laser treatment near me,0,0,17,19,0%,0%,13.53,16.11
facial skin doctor,0,0,17,26,0%,0%,30.47,33.77
best hair transplant kolkata,0,0,17,36,0%,0%,34.12,25.67
non surgical hair transplant in kolkata,0,0,17,29,0%,0%,44.06,46
prp treatment bhubaneswar,0,0,16,15,0%,0%,2.38,1.67
bbsr hair transplant clinic,0,0,16,1,0%,0%,3.44,1
trichoscopy test near me,0,0,16,9,0%,0%,3.69,5.89
best dermatologist in bhubaneswar for skin,0,0,16,30,0%,0%,6.44,7
berhampur hair treatment,0,1,16,10,0%,10%,6.69,6.7
bhubaneswar hair patch,0,0,16,23,0%,0%,7.06,5.48
skin doctor nayapalli,0,0,16,13,0%,0%,7.38,6.08
laser treatment near me,0,0,16,13,0%,0%,7.81,5.77
laser treatment for face,0,0,16,25,0%,0%,8.12,8.4
hair specialist in balasore,0,0,16,30,0%,0%,8.5,7.13
bio hair,0,0,16,31,0%,0%,10.19,10.55
roots restore,0,0,16,34,0%,0%,11.25,8.41
doctor skincare,0,0,16,21,0%,0%,13.19,14.86
kolkata best hair transplant clinic,0,0,16,20,0%,0%,17.88,19.3
prp hair treatment near me,0,0,16,23,0%,0%,19.5,24.57
closed comedone,0,0,16,0,0%,0%,20.88,0
growth factor therapy,0,0,16,5,0%,0%,52.06,42.4
reverse the signs of aging,0,0,16,11,0%,0%,64.81,61.91
bhubaneswar hair clinic,0,0,15,11,0%,0%,2.73,3.36
hair transplant cost,0,0,15,22,0%,0%,3.07,3.95
painless warts removal,0,0,15,21,0%,0%,4.2,1
cosmetic clinic in bhubaneswar,0,0,15,6,0%,0%,4.67,2.17
lip pigmentation laser treatment price near me,0,0,15,9,0%,0%,5.4,6.11
skin care clinic near me,0,0,15,3,0%,0%,5.93,6.33
skin treatment near me,0,0,15,10,0%,0%,6,6.7
close comedones,0,0,15,0,0%,0%,9.53,0
hair treatment near me,0,2,15,28,0%,7.14%,10.33,7.36
laser toning treatment in bhubaneswar,0,0,15,24,0%,0%,16.93,18.17
chest hair restoration in kolkata,0,0,15,25,0%,0%,37.93,40.52
best hair transplant center in bhubaneswar,0,0,15,19,0%,0%,50.53,61.42
growth factor hair,0,0,15,25,0%,0%,53.8,60.88
open pore treatment,0,0,15,2,0%,0%,83.6,86
radiance hair clinic bhubaneswar,0,3,14,41,0%,7.32%,1,1
permanent treatment,0,0,14,1,0%,0%,4.43,13
best hydrafacial in bhubaneswar,0,0,14,9,0%,0%,5.79,3.56
bhubaneswar laser treatment,0,0,14,1,0%,0%,6.21,1
hydrafacial bhubaneswar,0,1,14,23,0%,4.35%,6.29,6.83
hair wig shop in bhubaneswar,0,0,14,17,0%,0%,6.79,6.18
hair fall doctor,0,0,14,19,0%,0%,7.29,8.74
hair clinic berhampur,0,0,14,26,0%,0%,8,7.81
waxing vs laser hair reduction,0,0,14,13,0%,0%,16.14,21.85
scalp micropigmentation clinic,0,0,14,27,0%,0%,18.79,18.11
chemical peeling treatment in bhubaneswar,0,0,14,22,0%,0%,19.43,19.91
growth factor concentrate for hair,0,0,14,35,0%,0%,23.5,24.8
diode laser hair removal in newtown,0,0,14,25,0%,0%,50.21,39.8
slimming treatment,0,0,14,18,0%,0%,55.57,55.5
hair regrowth therapy,0,0,14,22,0%,0%,78.5,79.05
what causes lines on neck,0,0,14,19,0%,0%,78.93,77.89
forehead line,0,0,14,3,0%,0%,82.71,67.67
best trichologist in bhubaneswar,0,0,13,18,0%,0%,2.77,2.78
best hair transplant clinic bhubaneswar,0,0,13,2,0%,0%,3.77,8
hair treatment doctor,0,0,13,3,0%,0%,4.92,9.67
best dermatology doctor in bhubaneswar,0,0,13,3,0%,0%,7.46,10.33
hair botox treatment price in bhubaneswar,0,0,13,12,0%,0%,7.85,4.25
bio treatment for hair,0,0,13,43,0%,0%,9,9.21
bhatudi treatment in bhubaneswar,0,0,13,15,0%,0%,9.23,10.13
dermatologist in bbsr,0,0,13,7,0%,0%,9.31,11
skin treatment in bhubaneswar,0,0,13,14,0%,0%,9.31,6.93
skin and hair doctor near me,0,0,13,7,0%,0%,9.46,7.86
hair specialist doctor in kolkata,0,0,13,13,0%,0%,10.08,10.46
hair treatment kolkata,0,0,13,52,0%,0%,10.08,8.08
do people regret hair transplants,0,0,13,3,0%,0%,10.15,9.67
hair wig shop near me,0,0,13,11,0%,0%,10.23,8.45
rolling acne scars,0,0,13,0,0%,0%,30.46,0
hair treatment clinic in kolkata,0,0,13,30,0%,0%,35.08,36.57
hair growth factor treatment,0,0,13,23,0%,0%,38.69,34.83
beard transplant clinic in kolkata,0,0,13,30,0%,0%,42.69,46.2
dermatology certificate,0,0,13,18,0%,0%,44.08,54.33
new radiance,0,0,13,12,0%,0%,53.31,46.5
radiance elite,0,0,13,8,0%,0%,62.77,64.88
bioregeneratieve haartherapie,0,0,13,9,0%,0%,73.92,74.33
scarring hair loss,0,0,13,25,0%,0%,80.31,76.56
why does melasma come back after treatment,0,0,13,0,0%,0%,87.54,0
laser hair remover,0,0,12,3,0%,0%,1,4.67
lazer hair removal,0,0,12,3,0%,0%,1,1
radiant clinic near me,0,0,12,10,0%,0%,4.17,4.6
dermatologist for hair loss near me,0,0,12,9,0%,0%,5.5,8.11
good dermatologist in bhubaneswar,0,0,12,14,0%,0%,6.92,7.14
zap treatment,0,0,12,9,0%,0%,9.5,6.11
hair treatment sambalpur,0,0,12,8,0%,0%,9.83,9
hair doctor in cuttack,0,0,12,17,0%,0%,11.5,10.53
waxing and laser hair removal,0,0,12,0,0%,0%,16.08,0
uneven skin tone,0,0,12,0,0%,0%,63.08,0
cheap hair transplant risks,0,0,12,23,0%,0%,64.33,65.22
skin doctor treatment,0,0,12,9,0%,0%,81.67,74.33
pain free wart removal,0,0,11,9,0%,0%,1,1
radience,0,0,11,0,0%,0%,6.27,0
carbon laser treatment price in bhubaneswar,0,0,11,11,0%,0%,6.45,4.55
radiance salon near me,0,0,11,5,0%,0%,7.27,8.2
electrolysis hair removal near me,0,0,11,7,0%,0%,8.27,6.86
best hair clinic near me,0,0,11,19,0%,0%,8.36,6.58
gfc therapy for hair,0,0,11,12,0%,0%,9.45,15.83
hair clinic kolkata,0,0,11,14,0%,0%,9.45,9.86
face laser treatment,0,0,11,10,0%,0%,10.27,5.8
hair specialist doctor in cuttack,0,0,11,13,0%,0%,10.73,10.15
hydrafacial price in bhubaneswar,0,0,11,28,0%,0%,10.82,11.14
what is gfc treatment,0,0,11,2,0%,0%,11.55,9
hair transplant in rourkela,0,0,11,18,0%,0%,12.27,11.5
hydra facial in bhubaneswar price,0,0,11,12,0%,0%,13,11.42
hair ka doctor,0,0,11,15,0%,0%,15.55,15.07
hair tansplant,0,0,11,10,0%,0%,17.36,17.4
aqua skin whitening injection,0,0,11,13,0%,0%,19.82,24.38
facial treatments,0,0,11,14,0%,0%,21.91,23.36
aft laser treatment,0,0,11,2,0%,0%,27.09,20
radiance near me,0,0,11,4,0%,0%,32,9.75
eye facial,0,0,11,0,0%,0%,32.36,0
radiance ayurveda,0,0,11,11,0%,0%,50.91,51.91
how long do powder brows last,0,0,11,21,0%,0%,53.55,48.86
rolling scars,0,0,11,0,0%,0%,63.27,0
hair transplant specialist,0,0,11,16,0%,0%,80.91,73.44
laser removal of hair,0,0,10,1,0%,0%,1,10
hair transplant bbsr,0,0,10,16,0%,0%,3.2,4
lice treatment,0,0,10,11,0%,0%,3.3,4
in bhubaneswar,0,0,10,7,0%,0%,3.4,2.43
lice treatment near me,0,0,10,8,0%,0%,4.6,3.12
dermatologist in bhubaneswar near me,0,0,10,8,0%,0%,5.8,6.38
wig shop bhubaneswar,0,0,10,12,0%,0%,7.1,5.17
hydrafacial near me,0,0,10,6,0%,0%,8.1,9.33
tattoo removal near me,0,0,10,11,0%,0%,9,10.73
best skin doctor in odisha,0,0,10,1,0%,0%,10.7,10
top skin specialist in bhubaneswar,0,0,10,12,0%,0%,11.1,19.5
gfc hair treatment near me,0,0,10,6,0%,0%,14.4,7
what is gfc,0,0,10,39,0%,0%,16,13.69
weight loss treatment near me,0,0,10,8,0%,0%,16.2,19.5
skin specialist near me,0,0,10,11,0%,0%,16.3,11.45
hair loss affecting confidence,0,0,10,23,0%,0%,16.9,16.52
laser hair reduction,0,0,10,20,0%,0%,18.7,50.4
wart removal professional,0,0,10,12,0%,0%,23.9,37.83
hair transplant cost bhubaneswar,0,0,10,7,0%,0%,26.8,3.43
microblading eyebrows cost,0,0,10,11,0%,0%,38.8,37.73
how many sessions of prp are usually needed,0,0,10,23,0%,0%,50.5,49.17
post acne hyperpigmentation,0,0,10,0,0%,0%,87.3,0
strands of meaning: hair and the making of the self,0,0,10,0,0%,0%,92.1,0
how effective is gfc for hair growth,0,0,9,0,0%,0%,1,0
hair transplant cost in odisha,0,0,9,27,0%,0%,2,1.93
hair plantation near me,0,0,9,8,0%,0%,2.11,2.5
hair prp treatment,0,0,9,5,0%,0%,2.22,18
prp treatment cost,0,0,9,5,0%,0%,2.44,3
prp hair treatment in bhubaneswar,0,1,9,18,0%,5.56%,3.56,3.83
grey hair treatment,0,0,9,6,0%,0%,4.11,4.83
prp treatment cost in bhubaneswar,0,1,9,3,0%,33.33%,5.33,1.67
hair patch near me,0,0,9,35,0%,0%,5.44,6.2
lice treatment parlour near me,0,0,9,15,0%,0%,5.44,3.93
hair treatment clinic near me,0,0,9,5,0%,0%,5.67,4.8
best dermatologist,0,0,9,6,0%,0%,6,5.83
hair hospital near me,0,0,9,11,0%,0%,6.22,6.45
dermatologist for hair fall near me,0,0,9,2,0%,0%,6.56,5
dermatologist for hair loss,0,0,9,12,0%,0%,6.56,7.42
bhubaneswar dermatologist,0,0,9,10,0%,0%,7.78,5.3
lip laser treatment near me,0,0,9,8,0%,0%,8.22,4.25
best hair transplant surgeon in bhubaneswar,0,0,9,0,0%,0%,8.44,0
laser treatment for skin,0,0,9,1,0%,0%,8.89,7
piercing studio near me,0,0,9,0,0%,0%,10.44,0
pseudoacanthosis,0,0,9,3,0%,0%,10.89,10.67
smp micropigmentation near me,0,0,9,21,0%,0%,12.11,11.57
hair transplant regret,0,0,9,17,0%,0%,13.33,14.06
bio fue hair transplant,0,0,9,5,0%,0%,14,13.6
growth factor concentrate hair treatment,0,0,9,12,0%,0%,16.67,17.58
beauty clinic,0,0,9,6,0%,0%,17,16.83
skin treatments,0,0,9,3,0%,0%,17.22,10.33
gfc hair therapy,0,0,9,10,0%,0%,20.11,21.1
anti aging fillers,0,0,9,23,0%,0%,40.78,41.43
fillers,0,0,9,7,0%,0%,44.22,51.86
psoriasis treatment in bhubaneswar,0,0,9,0,0%,0%,52.33,0
why do i have neck lines,0,0,9,14,0%,0%,76.56,78.36
traya in bhubaneswar,0,0,8,6,0%,0%,1.5,7.83
kaya skin clinic bhubaneswar,0,0,8,6,0%,0%,1.62,1
hair removal by laser,0,0,8,0,0%,0%,2.38,0
lip lightening treatment,0,0,8,9,0%,0%,4.25,3.56
glutathione treatment,0,0,8,10,0%,0%,4.38,30.4
lice treatment in parlour near me,0,0,8,0,0%,0%,4.75,0
microblading near me,0,1,8,9,0%,11.11%,5.12,4
chemical peel treatment,0,0,8,1,0%,0%,5.62,4
hair fall doctor in bhubaneswar,0,0,8,22,0%,0%,5.88,5.82
doctor for face treatment,0,0,8,14,0%,0%,6.25,8.36
skin care hospital,0,0,8,0,0%,0%,6.25,0
skin and hair clinic,0,0,8,5,0%,0%,6.5,8.4
skin laser treatment near me,0,0,8,7,0%,0%,6.62,6.14
lip laser treatment,0,0,8,7,0%,0%,7.12,12.57
aesthetic skin clinic,0,0,8,0,0%,0%,7.38,0
best dermatologist doctor in bhubaneswar,0,0,8,18,0%,0%,7.38,7.11
best hair removal laser in bhubaneswar,0,0,8,0,0%,0%,7.5,0
dermatologist near me for hair,0,0,8,6,0%,0%,7.5,8.33
hair skin specialist near me,0,0,8,1,0%,0%,7.75,10
radiance hair salon,0,0,8,1,0%,0%,7.75,10
skin care clinic,0,0,8,3,0%,0%,7.88,10
skin laser treatment,0,1,8,5,0%,20%,8.25,3.2
best female dermatologist in bhubaneswar,0,0,8,3,0%,0%,8.62,7.67
laser clinics near me,0,0,8,0,0%,0%,8.62,0
hair care clinic near me,0,0,8,4,0%,0%,8.88,9
scalp micropigmentation,0,0,8,8,0%,0%,9.88,10.88
radiance skin antiaging and hair transplant clinic reviews,0,0,8,2,0%,0%,10.25,11
radiance skin hair and laser clinic,0,0,8,3,0%,0%,12.12,6
pseudo acanthosis nigricans,0,1,8,8,0%,12.5%,12.88,20.62
weight loss treatment near you,0,0,8,12,0%,0%,16.25,13
full body hair removal,0,0,8,6,0%,0%,17.12,26.83
gfc treatment for hair,0,0,8,76,0%,0%,17.5,23.88
radiance for skin,0,0,8,6,0%,0%,20.62,21
skin treatment clinic,0,0,8,5,0%,0%,24.88,20.8
aft laser hair removal,0,0,8,4,0%,0%,32,36.5
how long does ombre brows last,0,0,8,20,0%,0%,36.75,43.7
aft hair removal,0,0,8,6,0%,0%,38.75,48.5
gloss clinic,0,0,8,5,0%,0%,39.25,35.6
best hair and dental center in bhubaneswar,0,0,8,8,0%,0%,44,32.5
face skin care doctor,0,0,8,16,0%,0%,44.12,61.69
acne pigmentation,0,0,8,0,0%,0%,44.38,0
piercing,0,0,8,25,0%,0%,45.88,9.92
ultherapy,0,0,8,5,0%,0%,47,36.2
acne scar removal treatment,0,0,8,0,0%,0%,51.12,0
post acne pigmentation,0,0,8,0,0%,0%,60.62,0
radiance skin & laser clinic,0,0,8,1,0%,0%,64.88,36
female pattern hair loss,0,0,8,2,0%,0%,66.12,2
beauty salon hair removal,0,0,8,0,0%,0%,82.75,0
hyperpigmentation from acne,0,0,8,0,0%,0%,92.25,0
hair transplant centre near me,0,0,7,9,0%,0%,1.71,3.22
microblading eyebrows near me,0,0,7,16,0%,0%,2.71,4.62
hair transplant clinic,0,0,7,8,0%,0%,3.14,2.62
bhubaneswar hair specialist,0,0,7,0,0%,0%,3.43,0
prp therapy,0,0,7,0,0%,0%,3.71,0
best skin treatment in bhubaneswar,0,0,7,5,0%,0%,3.86,6.2
hifu treatment near me,0,0,7,1,0%,0%,4,5
root restore therapy,0,0,7,11,0%,0%,4.43,5.91
hair care doctor near me,0,0,7,14,0%,0%,4.57,8.93
skin perfect clinic bhubaneswar,0,0,7,0,0%,0%,5.43,0
leisure treatment,0,0,7,3,0%,0%,5.57,8.33
nipple piercing near me,0,0,7,6,0%,0%,5.71,5.5
gfc treatment near me,0,0,7,6,0%,0%,5.86,5.17
bhubaneswar best dermatologist,0,0,7,10,0%,0%,7.29,5.4
hairfall doctors near me,0,0,7,1,0%,0%,7.43,1
acne scar treatment near me,0,0,7,2,0%,0%,7.71,6
coolsculpting near me,0,0,7,1,0%,0%,7.71,9
balasore hair specialist doctor,0,0,7,9,0%,0%,8.86,7.44
aesthetic doctor,0,0,7,0,0%,0%,9,0
radiant salon,0,0,7,1,0%,0%,9,4
best hair treatment doctor near me,0,0,7,0,0%,0%,9.14,0
skin care near me,0,0,7,8,0%,0%,10.14,9.25
hair doctor sambalpur,0,0,7,2,0%,0%,10.43,8.5
best clinic bhubaneswar,0,0,7,1,0%,0%,10.71,24
hair fix bhubaneswar,0,0,7,15,0%,0%,10.71,10.53
best skin doctor near me,0,0,7,12,0%,0%,11.71,7.58
"radiance skin, hair & cosmetic center",0,0,7,9,0%,0%,13,10.67
scalp micropigmentation near me,0,0,7,31,0%,0%,13.57,15.87
exosome mesotherapy treatment in bhubaneswar,0,0,7,8,0%,0%,15.57,11.5
hair doctor in kolkata,0,0,7,2,0%,0%,17.86,11
lip vitiligo treatment,0,0,7,2,0%,0%,18,12
how many prp sessions are needed for hair,0,0,7,19,0%,0%,18.14,22.05
gluthathione treatment in bhubaneswar,0,0,7,0,0%,0%,18.43,0
vitiligo surgery treatment in bhubaneswar,0,0,7,6,0%,0%,21.86,11.5
best aesthetic physician in bhubaneswar,0,0,7,0,0%,0%,26.43,0
beauty clinic treatments,0,0,7,14,0%,0%,31.43,21.29
hair transplant in raipur,0,0,7,6,0%,0%,38.43,35.5
vitiligo surgery in bhubaneswar,0,0,7,0,0%,0%,43.29,0
lip colouring treatment,0,0,7,6,0%,0%,45,42.5
under eye treatment near me,0,0,7,6,0%,0%,48,52.67
doctor in skin,0,0,7,3,0%,0%,48.86,43
professional wart removal,0,0,7,5,0%,0%,52.86,59
chemical face peel,0,0,7,10,0%,0%,54.71,64.4
skinhance,0,0,7,1,0%,0%,55.43,53
best hair transplant for women,0,0,7,2,0%,0%,60,57
reason for open pores,0,0,7,2,0%,0%,73.71,71
white stretch marks,0,0,7,0,0%,0%,75.71,0
botox treatment near me,0,0,6,7,0%,0%,1,1
is gfc treatment effective,0,0,6,16,0%,0%,1,1
prp treatment for face,0,0,6,2,0%,0%,1.67,2
best skin and hair doctor in bhubaneswar,0,0,6,19,0%,0%,2.83,5.26
chemical peel before and after,0,0,6,0,0%,0%,2.83,0
hair loss treatment,0,0,6,11,0%,0%,3,2.73
best eyebrow transplant near me,0,0,6,0,0%,0%,3.5,0
hair specialist doctor in angul,0,0,6,0,0%,0%,4.17,0
lip pigmentation treatment near me,0,0,6,6,0%,0%,4.33,24.17
hair transplant in bhubaneswar cost,0,0,6,16,0%,0%,5,2.38
earlobe repair near me,0,2,6,9,0%,22.22%,5.5,5
odisha best dermatologist doctor,0,0,6,2,0%,0%,5.5,9
skin treatment clinic near me,0,0,6,0,0%,0%,5.5,0
hair replacement near me,0,0,6,4,0%,0%,6,6.5
hair consultant near me,0,0,6,5,0%,0%,6.17,8.4
hair fall treatment doctor near me,0,0,6,0,0%,0%,6.5,0
cosmetic clinic near me,0,0,6,11,0%,0%,6.67,11.91
face laser,0,0,6,6,0%,0%,6.67,8
skin treatment,0,0,6,26,0%,0%,7,25.96
ear hole repair without surgery near me,0,0,6,13,0%,0%,7.33,8.77
gfc injection for hair growth,0,0,6,3,0%,0%,7.5,1
hair wig near me,0,0,6,3,0%,0%,7.5,5.33
rhinoplasty in bhubaneswar,0,0,6,0,0%,0%,7.5,0
skin scan clinic,0,0,6,1,0%,0%,7.5,11
best dermatologist in bhubaneswar for face,0,0,6,8,0%,0%,7.83,7.25
piercing doctor near me,0,0,6,1,0%,0%,8.17,7
balo ka doctor near me,0,0,6,4,0%,0%,8.33,10.25
best dermatology in bhubaneswar,0,0,6,0,0%,0%,8.33,0
hair fall treatment near me,0,2,6,13,0%,15.38%,8.67,6.85
hair and skin clinic near me,0,0,6,6,0%,0%,8.83,6.67
eugenix bhubaneswar,0,0,6,5,0%,0%,9,7
skin pixel clinic,0,0,6,1,0%,0%,9.33,8
best skin specialist in odisha,0,0,6,2,0%,0%,9.5,7.5
best skin doctor in bbsr,0,0,6,14,0%,0%,9.67,7.5
gfc means in hair,0,0,6,0,0%,0%,9.67,0
wart treatment near me,0,0,6,5,0%,0%,10,6.4
best skin hospital in bhubaneswar,0,0,6,8,0%,0%,10.17,8.75
ear piercing in bhubaneswar,0,0,6,24,0%,0%,10.5,10.92
nearby skin clinic,0,0,6,2,0%,0%,10.5,8.5
hair transplant ka result kab tak aata hai,0,0,6,18,0%,0%,10.67,9
place for piercings near me,0,0,6,0,0%,0%,10.67,0
closed comedones causes,0,0,6,0,0%,0%,11.17,0
hair specialist in rourkela,0,0,6,5,0%,0%,11.17,10.8
face peeling treatment price,0,0,6,6,0%,0%,12.83,10.83
best plastic surgeon in odisha,0,0,6,7,0%,0%,13.33,11.29
radiant hair clinic,0,0,6,8,0%,0%,16.33,6
how to buy a wig,0,0,6,7,0%,0%,16.83,18.14
prp treatment for hair thinning,0,0,6,5,0%,0%,17,21.2
what is gfc hair treatment,0,0,6,25,0%,0%,19.5,22.32
density focused hair transplant,0,0,6,6,0%,0%,19.67,26
dark circle treatment near me,0,0,6,0,0%,0%,20.67,0
closed whiteheads,0,0,6,0,0%,0%,21,0
growth factor concentrate treatment,0,0,6,20,0%,0%,21,22.8
best hair treatment in kolkata,0,0,6,34,0%,0%,22.5,12.44
gfc hair,0,0,6,17,0%,0%,23.17,27.18
loss of confidence due to hair loss,0,0,6,6,0%,0%,24.33,19.5
gfc after hair transplant,0,0,6,3,0%,0%,26.17,26.33
best hair transplant clinic in vizag,0,0,6,6,0%,0%,27.5,26.83
lip pigmentation treatment cost,0,0,6,4,0%,0%,27.83,33.5
hair transplantation in vizag,0,0,6,10,0%,0%,29.67,30.4
hydrafacial,0,0,6,8,0%,0%,32.17,24.12
aft laser treatment reviews,0,0,6,4,0%,0%,32.5,34
hair transplant in vizag,0,0,6,13,0%,0%,39.17,35.31
how long do ombre brows last,0,0,6,14,0%,0%,40.17,28.86
ultra high density hair transplant,0,0,6,10,0%,0%,42,42.1
roots clinic,0,0,6,7,0%,0%,43,34.71
keratin treatment price in bbsr,0,0,6,10,0%,0%,49.83,41.1
weight loss clinic,0,0,6,17,0%,0%,60.67,41.06
the best treatment for acne scars,0,0,6,9,0%,0%,62.17,65.11
do powder brows fade completely,0,0,6,2,0%,0%,67.5,56.5
neck lines causes,0,0,6,5,0%,0%,67.5,77.6
liquid rhinoplasty in bhubaneswar,0,0,6,3,0%,0%,73.5,68.33
hair treatments for hair growth,0,0,6,3,0%,0%,77.67,91.33
causes of scarring alopecia,0,0,6,7,0%,0%,86.83,87.43
what causes uneven skin pigmentation,0,0,6,0,0%,0%,91.17,0
how many prp sessions are needed for hair growth,0,0,5,12,0%,0%,1,9.92
painless wart,0,0,5,3,0%,0%,2,1
kaya skin clinic,0,0,5,2,0%,0%,2.2,1.5
hair transplant clinics near me,0,0,5,0,0%,0%,2.4,0
hair fall,0,0,5,3,0%,0%,2.6,3
prp price,0,0,5,2,0%,0%,2.8,3
hair fall treatment doctor,0,0,5,3,0%,0%,3.4,4.67
laser hair removal cost,0,0,5,2,0%,0%,3.6,1
prp clinic near me,0,0,5,1,0%,0%,3.6,6
microneedling bhubaneswar,0,0,5,0,0%,0%,3.8,0
hair loss treatment near me,0,0,5,4,0%,0%,4,8
nikki skincare,0,0,5,0,0%,0%,4,0
best hair transplant clinic,0,0,5,4,0%,0%,4.2,9
how gfc treatment works,0,0,5,0,0%,0%,4.2,0
pigmentation treatment near me for face,0,0,5,0,0%,0%,4.4,0
best clinic in bhubaneswar,0,0,5,5,0%,0%,4.6,5.6
gfc hair treatment process,0,0,5,16,0%,0%,4.6,4.19
full body laser hair removal,0,0,5,6,0%,0%,4.8,55.67
near hair transplant clinic,0,0,5,7,0%,0%,4.8,5.43
scalp treatment near me,0,0,5,1,0%,0%,5,10
top rated dermatologist in bhubaneswar,0,0,5,14,0%,0%,5.2,7.79
best hair doctor,0,0,5,6,0%,0%,5.6,4.67
wig shop near me,0,0,5,8,0%,0%,5.6,7.12
best hair clinic,0,0,5,0,0%,0%,5.8,0
pigmentation treatment near me,0,0,5,2,0%,0%,5.8,9
dermatologist bbsr,0,0,5,9,0%,0%,6,7.44
nearest hair transplant,0,0,5,8,0%,0%,6,8.12
good skin doctor in bhubaneswar,0,0,5,5,0%,0%,6.2,8
hair hospital,0,0,5,1,0%,0%,6.2,9
hair care centre near me,0,0,5,5,0%,0%,6.6,6.4
hair loss treatment for women near me,0,0,5,1,0%,0%,7,9
best hair treatment,0,0,5,4,0%,0%,7.8,10.25
dermatologist hair specialist near me,0,0,5,0,0%,0%,7.8,0
hair wig centre in bhubaneswar,0,0,5,16,0%,0%,7.8,7.88
best skin specialist in bbsr,0,0,5,4,0%,0%,8.2,5.75
bhubaneswar best skin doctor,0,0,5,6,0%,0%,8.4,8.83
beauty clinic near me,0,0,5,0,0%,0%,8.6,0
permanent eyebrows near me,0,0,5,8,0%,0%,8.6,6.75
best laser treatment near me,0,0,5,1,0%,0%,8.8,5
radiance laser,0,0,5,0,0%,0%,9.8,0
microblading eyebrows cost near me,0,0,5,3,0%,0%,10.4,7
scalp test near me,0,0,5,1,0%,0%,10.4,9
warts removal near me,0,0,5,0,0%,0%,10.6,0
kolkata hair transplant clinic,0,0,5,8,0%,0%,10.8,14.88
needle piercing near me,0,0,5,1,0%,0%,10.8,10
closed comedones on face,0,0,5,0,0%,0%,11,0
closed comedones reasons,0,0,5,0,0%,0%,11,0
janpath bhubaneswar clinics with phone number,0,0,5,0,0%,0%,11,0
hair solution near me,0,0,5,0,0%,0%,11.4,0
regret hair transplant,0,0,5,3,0%,0%,11.4,10.67
for hair which doctor,0,0,5,3,0%,0%,11.6,8.33
kolkata best hair doctor,0,0,5,6,0%,0%,11.8,22.83
skin near me,0,0,5,0,0%,0%,12,0
बालों का डॉक्टर,0,0,5,1,0%,0%,12,11
body piercing,0,0,5,3,0%,0%,13,9
face clinic bhubaneswar,0,0,5,2,0%,0%,13.8,7.5
balo ka doctor,0,0,5,5,0%,0%,15,15
hair regain treatment,0,0,5,1,0%,0%,15.6,15
botox anti aging treatment,0,0,5,12,0%,0%,15.8,14.58
laser treatment for hair removal,0,0,5,9,0%,0%,16.4,51.89
permanent makeup clinic near me,0,0,5,0,0%,0%,16.6,0
radiant skin and hair clinic,0,1,5,7,0%,14.29%,17.6,3.29
slimming centre near me,0,0,5,5,0%,0%,17.6,22.8
radience clinic,0,0,5,0,0%,0%,18.6,0
bio fue technique,0,0,5,2,0%,0%,19.4,23
microbotox treatment in bhubaneswar,0,0,5,10,0%,0%,19.4,21.3
slimming clinic near me,0,0,5,7,0%,0%,21.4,32.57
laser waxing,0,0,5,2,0%,0%,21.6,43.5
plasma hair treatment near me,0,0,5,26,0%,0%,21.8,23.15
plastic surgeon in bhubaneswar,0,0,5,2,0%,0%,23.4,24.5
body reshaping doctor in bhubaneswar,0,0,5,11,0%,0%,30.2,22.82
can laser hair removal be permanent,0,0,5,18,0%,0%,30.6,33.11
dr skin care,0,0,5,10,0%,0%,31.2,27.5
best hair transplant clinic in visakhapatnam,0,0,5,4,0%,0%,31.8,35.5
hair aesthetic clinic,0,0,5,0,0%,0%,36.8,0
solace hair transplant,0,0,5,6,0%,0%,36.8,40.67
hair transplant cost in raipur,0,0,5,9,0%,0%,37.4,35.56
tattoo removal service,0,0,5,1,0%,0%,40.4,41
best acne scar treatment,0,0,5,3,0%,0%,41.2,61.33
radiance hair studio,0,0,5,8,0%,0%,41.6,26.25
under eye treatment,0,0,5,10,0%,0%,41.6,42.4
neck lines,0,0,5,8,0%,0%,46,45.12
radiance-boosting facials,0,0,5,3,0%,0%,46.2,54.67
top 10 hair transplant clinic in kolkata,0,0,5,9,0%,0%,49.2,48.78
laser clinic,0,0,5,3,0%,0%,54.8,5.67
can hair be transplanted from body to head,0,0,5,3,0%,0%,63.6,70
anti acne treatment,0,0,5,5,0%,0%,72.4,47
hair transplant from body hair,0,0,5,12,0%,0%,77.2,75.5
uneven skin color on body,0,0,5,0,0%,0%,88.6,0
early scarring alopecia,0,0,5,5,0%,0%,90.8,86.4
best hair restoration near me,0,0,4,0,0%,0%,1,0
cfc treatment for hair,0,0,4,0,0%,0%,1,0
hair transplant cost mumbai,0,0,4,0,0%,0%,1,0
hair transplant doctors near me,0,0,4,6,0%,0%,1,1
laser hair remove,0,0,4,5,0%,0%,1,2
microblading eyebrow,0,0,4,0,0%,0%,1,0
wide local excision in bhubaneswar,0,0,4,0,0%,0%,1,0
doctor for hair fall,0,0,4,0,0%,0%,1.25,0
check pimples,0,0,4,15,0%,0%,1.75,1.53
prp therapy near me,0,0,4,0,0%,0%,1.75,0
the skin radiance,0,0,4,7,0%,0%,2,2.57
what is prp treatment,0,0,4,0,0%,0%,2,0
lip blushing near me,0,0,4,2,0%,0%,2.25,6
kaya clinic bhubaneswar,0,0,4,4,0%,0%,2.5,1
laser hair removal for men,0,0,4,2,0%,0%,3.25,5.5
radiance hair and skin,0,0,4,10,0%,0%,3.25,7.7
derma clinics,0,0,4,0,0%,0%,3.5,0
hydra facial clinic near me,0,0,4,0,0%,0%,3.5,0
botox,0,0,4,2,0%,0%,3.75,4
mesotherapy for hair,0,0,4,7,0%,0%,3.75,1.43
radiance hair,0,0,4,1,0%,0%,4,1
hair care specialist doctor near me,0,0,4,0,0%,0%,4.25,0
in odisha,0,0,4,5,0%,0%,4.25,3.8
face laser treatment price,0,0,4,1,0%,0%,5,1
near skin clinic,0,0,4,2,0%,0%,5,9
liposuction in bhubaneswar,0,0,4,10,0%,0%,5.25,6
aqua skin iv,0,0,4,2,0%,0%,5.5,14
best gfc treatment near me,0,1,4,10,0%,10%,5.5,5.7
wig shop in bhubaneswar,0,0,4,15,0%,0%,5.5,5.8
eyebrow microblading near me,0,1,4,3,0%,33.33%,5.75,6.33
hair consultant,0,0,4,2,0%,0%,5.75,6
skin hair removal,0,0,4,3,0%,0%,5.75,5.33
hair ke liye best doctor,0,0,4,0,0%,0%,6,0
skin aesthetic clinic,0,0,4,0,0%,0%,6,0
best clinic for hair treatment,0,0,4,0,0%,0%,6.25,0
lip tattoo near me,0,0,4,5,0%,0%,6.25,4.6
prp near me,0,0,4,7,0%,0%,6.25,7
carbon laser treatment,0,0,4,3,0%,0%,6.5,7.33
derma clinic near me,0,0,4,0,0%,0%,6.5,0
best vitiligo doctor in bhubaneswar,0,1,4,3,0%,33.33%,6.75,4.67
best skin laser treatment near me,0,0,4,1,0%,0%,7,6
face laser hair removal,0,0,4,0,0%,0%,7,0
hair prp treatment near me,0,0,4,7,0%,0%,7,7
laser skin treatment,0,0,4,5,0%,0%,7,7.6
skin and hair specialist near me,0,0,4,1,0%,0%,7,8
belly piercing near me,0,0,4,3,0%,0%,7.25,8.33
electrolysis hair removal,0,0,4,10,0%,0%,7.5,3.4
hair checkup near me,0,0,4,4,0%,0%,7.5,8.75
best botox hair treatment near me,0,0,4,2,0%,0%,7.75,4
best hair patch service near me,0,0,4,3,0%,0%,7.75,8
doctor for hair,0,0,4,6,0%,0%,7.75,8.83
hair expert near me,0,0,4,5,0%,0%,7.75,9.6
hair transplant dr,0,0,4,1,0%,0%,7.75,5
aesthetic clinic near,0,0,4,0,0%,0%,8,0
best hair wig in bhubaneswar,0,0,4,0,0%,0%,8,0
ear stitching near me,0,0,4,1,0%,0%,8,10
face treatment,0,0,4,4,0%,0%,8.25,7.5
skin institute,0,0,4,8,0%,0%,8.25,8.75
best laser hair removal near me,0,0,4,2,0%,0%,8.5,9
hair care hospital,0,0,4,0,0%,0%,8.5,0
hair loss dermatologist near me,0,0,4,1,0%,0%,8.5,9
hydra facial near me,0,0,4,4,0%,0%,8.5,9.75
best tattoo removal near me,0,0,4,0,0%,0%,8.75,0
face care doctor,0,0,4,13,0%,0%,8.75,8.62
hair dr specialist near me,0,0,4,0,0%,0%,8.75,0
hair skin doctor near me,0,0,4,2,0%,0%,8.75,8.5
hair growth doctor near me,0,0,4,3,0%,0%,9,8.33
best weight loss treatment near me,0,0,4,0,0%,0%,9.25,0
gfc treatments,0,0,4,1,0%,0%,9.25,1
near hair doctor,0,0,4,4,0%,0%,9.25,9
odisha best skin specialist doctor,0,0,4,3,0%,0%,9.25,9.33
hair system service near me,0,0,4,1,0%,0%,9.5,7
best skin specialist doctor in bhubaneswar,0,0,4,0,0%,0%,9.75,0
closed pimple,0,0,4,0,0%,0%,9.75,0
hair fall ke liye doctor near me,0,0,4,0,0%,0%,9.75,0
best ear piercing in bhubaneswar,0,0,4,8,0%,0%,10,11
gluta c injection,0,0,4,2,0%,0%,10,11
skin hospital bhubaneswar,0,0,4,1,0%,0%,10,6
hair doctors near me,0,0,4,14,0%,0%,10.25,7.79
lung transplantation in bhubaneswar,0,0,4,16,0%,0%,10.25,17.81
wig expert,0,0,4,9,0%,0%,10.25,9.44
close comedonal acne,0,0,4,0,0%,0%,10.5,0
closed comedonal acne,0,0,4,0,0%,0%,10.5,0
best doctor for hair fall treatment,0,0,4,3,0%,0%,10.75,4.33
laser vs wax hair removal,0,0,4,1,0%,0%,10.75,26
what is closed comedones on face,0,0,4,0,0%,0%,10.75,0
smp clinic near me,0,0,4,16,0%,0%,11,8.5
weight loss doctor,0,0,4,1,0%,0%,11,10
what is closed comedones,0,0,4,0,0%,0%,11.25,0
laser tattoo removal,0,0,4,12,0%,0%,11.5,10.58
reason for closed comedones,0,0,4,0,0%,0%,11.5,0
hair gfc treatment,0,0,4,6,0%,0%,12.75,11.83
weight loss clinic near me,0,0,4,5,0%,0%,13,23.4
grc treatment,0,0,4,0,0%,0%,13.75,0
hair specialist in kolkata,0,0,4,3,0%,0%,13.75,12
best plastic surgery hospital in odisha,0,0,4,1,0%,0%,14,18
prp treatment for hair near me,0,0,4,7,0%,0%,14.5,10.86
dermatology clinic near me,0,0,4,0,0%,0%,14.75,0
ombre brows how long do they last,0,0,4,0,0%,0%,15,0
waxing or laser hair removal,0,0,4,4,0%,0%,16.25,22.75
deep cystic acne,0,0,4,0,0%,0%,16.5,0
plastic surgeon bhubaneswar,0,0,4,4,0%,0%,16.75,6.25
wart removal treatment franchise,0,0,4,0,0%,0%,17,0
armpit laser hair removal vs waxing,0,0,4,4,0%,0%,19.75,19.75
radiance aesthetic clinic,0,0,4,1,0%,0%,22.5,48
radiance skin care system india,0,0,4,5,0%,0%,23.25,25.2
radiance skin antiaging and hair transplant clinic,0,0,4,2,0%,0%,23.75,5.5
chemical peel,0,0,4,0,0%,0%,24.25,0
bio treatment,0,0,4,4,0%,0%,25.25,26
the radiance elite hair & skin aesthetic clinic,0,0,4,2,0%,0%,27.25,35
hair transplant result,0,0,4,8,0%,0%,29.25,28
moles removal in bhubaneswar,0,0,4,0,0%,0%,31.25,0
microblading price,0,0,4,4,0%,0%,31.5,34
hair restoration near me,0,0,4,6,0%,0%,32.25,5.33
laser hair removal permanent,0,0,4,12,0%,0%,33,45.25
does laser remove hair permanently,0,0,4,15,0%,0%,34.75,33.87
aft skin rejuvenation,0,0,4,0,0%,0%,35,0
growth factor hair treatment,0,0,4,9,0%,0%,35,33
scalp micropigmentation cost,0,0,4,4,0%,0%,36,35.5
lip pigmentation laser treatment,0,0,4,11,0%,0%,36.75,29.18
microblading cost,0,0,4,3,0%,0%,38,41.33
can laser remove hair permanently,0,0,4,13,0%,0%,39,36.85
female hair transplant,0,0,4,1,0%,0%,40,4
radiant skin care and hair transplant center,0,0,4,3,0%,0%,44,10.67
face treatment doctor,0,0,4,1,0%,0%,44.5,11
cosmo radiance,0,0,4,1,0%,0%,45.25,46
hair transplant surgery in kolkata,0,0,4,9,0%,0%,46.5,49.67
acne scars treatment,0,0,4,1,0%,0%,47.25,6
hairfall cure,0,0,4,2,0%,0%,47.75,47.5
permanent beard shaping,0,0,4,8,0%,0%,47.75,58.5
enhance clinic hair transplant cost,0,0,4,2,0%,0%,49.75,45.5
nose reshaping in bhubaneswar,0,0,4,3,0%,0%,52.75,52.67
collagen induction therapy,0,0,4,2,0%,0%,54.25,53.5
laser hair removal treatment near me,0,0,4,2,0%,0%,54.25,7
laser body hair reduction,0,0,4,0,0%,0%,67,0
does laser hair removal help with strawberry legs,0,0,4,0,0%,0%,67.75,0
hair transplant candidate,0,0,4,5,0%,0%,68.25,76.2
radiance clinic mysore,0,0,4,3,0%,0%,68.75,35
kolkata best hair transplant,0,0,4,13,0%,0%,69.25,61.31
radiance hair transplant rajahmundry,0,0,4,1,0%,0%,69.5,12
desiccated skin,0,0,4,0,0%,0%,70.25,0
inch loss treatment cost,0,0,4,1,0%,0%,71,68
growth factor injections for hair loss,0,0,4,18,0%,0%,72,87.56
hair transplant from body,0,0,4,8,0%,0%,72.25,73.5
female pattern baldness,0,0,4,0,0%,0%,73.25,0
causes of pigmentation on face,0,0,4,0,0%,0%,73.75,0
difference between uneven skin tone and pigmentation,0,0,4,0,0%,0%,75.5,0
hair transplant body hair,0,0,4,5,0%,0%,80,80.2
alopecia with scarring,0,0,4,2,0%,0%,87.75,84
anti dandruff treatment near me,0,0,3,1,0%,0%,1,2
c gfc,0,0,3,0,0%,0%,1,0
for skin radiance,0,0,3,2,0%,0%,1,1
gfc c,0,0,3,0,0%,0%,1,0
hair removal lazer,0,0,3,0,0%,0%,1,0
hair transplant cost pune,0,0,3,0,0%,0%,1,0
hair treatment for hair fall,0,0,3,2,0%,0%,1,4.5
irc bhubaneswar clinics with phone number,0,0,3,0,0%,0%,1,0
kaya clinic near me,0,0,3,3,0%,0%,1,1
lasers for hair removal,0,0,3,0,0%,0%,1,0
mens hair transplant near me,0,0,3,1,0%,0%,1,1
painless warts,0,0,3,2,0%,0%,1,1
hair fall best doctor near me,0,0,3,0,0%,0%,1.33,0
how many prp sessions are required,0,0,3,4,0%,0%,1.33,1
wart removal without pain,0,0,3,4,0%,0%,1.33,1
aesthetic clinic in bhubaneswar,0,0,3,0,0%,0%,1.67,0
hair fall problem doctor near me,0,0,3,0,0%,0%,1.67,0
which is the best clinic for hair fall treatment?,0,0,3,0,0%,0%,1.67,0
whole body hair removal for men,0,0,3,0,0%,0%,1.67,0
check pimple,0,0,3,16,0%,0%,2,2.12
hair transplant in ahmedabad,0,0,3,0,0%,0%,2,0
lip blushing cost,0,0,3,3,0%,0%,2,3.67
prp therapy for hair,0,0,3,0,0%,0%,2,0
prp vs gfc which is better,0,0,3,1,0%,0%,2,2
which doctor to consult for hair fall,0,1,3,2,0%,50%,2,4
hair clinics near me,0,0,3,1,0%,0%,2.33,7
hair doctor in sum hospital bhubaneswar,0,0,3,0,0%,0%,2.33,0
hair removal laser treatment near me,0,0,3,0,0%,0%,2.33,0
hair transplant hyderabad,0,0,3,0,0%,0%,2.33,0
traya clinic in bhubaneswar,0,0,3,0,0%,0%,2.33,0
traya store near me,0,0,3,2,0%,0%,2.33,4
facial hair removal laser,0,0,3,0,0%,0%,2.67,0
beard doctor near me,0,0,3,1,0%,0%,3,11
best clinics for laser hair removal,0,0,3,0,0%,0%,3,0
dr partha skin and hair clinic,0,0,3,14,0%,0%,3,2.36
good skin and hair clinic,0,0,3,2,0%,0%,3,4.5
hair plantation in bhubaneswar,0,0,3,0,0%,0%,3,0
skin whitening treatment,0,0,3,2,0%,0%,3,10
cost,0,0,3,1,0%,0%,3.33,4
ha,0,0,3,0,0%,0%,3.33,0
hair transplantation,0,0,3,0,0%,0%,3.33,0
traya centre near me,0,0,3,4,0%,0%,3.33,8.75
bbsr,0,0,3,0,0%,0%,3.67,0
lip blush treatment price,0,0,3,7,0%,0%,3.67,9.29
are acne scars permanent,0,0,3,12,0%,0%,4,10
best prp hair treatment near me,0,0,3,2,0%,0%,4,1
cost in bhubaneswar,0,0,3,0,0%,0%,4,0
hair and skin treatment near me,0,0,3,0,0%,0%,4,0
hair fall specialist doctor near me,0,0,3,2,0%,0%,4,11
radiance skin clinic bangalore,0,0,3,0,0%,0%,4,0
radiant skin,0,0,3,13,0%,0%,4,15.31
hair fall treatment near me for women,0,0,3,0,0%,0%,4.33,0
lasik hair removal,0,0,3,0,0%,0%,4.33,0
skin and hair doctor,0,0,3,0,0%,0%,4.33,0
best skin care clinic near me,0,0,3,0,0%,0%,4.67,0
microneedling,0,0,3,0,0%,0%,4.67,0
hair doctor called,0,0,3,0,0%,0%,5,0
hair fillers,0,0,3,0,0%,0%,5,0
ipl treatment for face,0,0,3,0,0%,0%,5,0
laser facial hair removal,0,1,3,2,0%,50%,5,1
skin lightening treatment,0,0,3,0,0%,0%,5,0
anti lice treatment,0,0,3,1,0%,0%,5.33,5
hair & skin clinic near me,0,0,3,2,0%,0%,5.33,2
hair loss treatment for women,0,0,3,0,0%,0%,5.33,0
sambalpur hair transplant clinic,0,1,3,29,0%,3.45%,5.33,6
best dermatologist for face near me,0,0,3,0,0%,0%,5.67,0
chemical peel cost,0,0,3,10,0%,0%,5.67,27.7
hair specialist clinic near me,0,0,3,1,0%,0%,5.67,7
laser hair reduction near me,0,0,3,5,0%,0%,5.67,4.8
near hair hospital,0,0,3,0,0%,0%,5.67,0
underarm treatment near me,0,0,3,2,0%,0%,5.67,8
women hair transplant near me,0,0,3,0,0%,0%,5.67,0
doctor for face,0,0,3,6,0%,0%,6,32.5
permanent makeup,0,0,3,0,0%,0%,6,0
private laser,0,0,3,0,0%,0%,6,0
best hair dermatologist near me,0,0,3,7,0%,0%,6.33,5.43
cosmetic skin and hair clinic,0,0,3,1,0%,0%,6.33,1
dermatologist for beard growth,0,0,3,0,0%,0%,6.33,0
tattoo removal shop near me,0,3,2,6,0%,50%,10,3.33
permanent hair removal,0,1,3,51,0%,1.96%,32,36.88
best hair transplant clinic in india,0,1,0,6,0%,16.67%,0,12.67
laser skin treatment near me,0,1,0,5,0%,20%,0,7
fat loss treatment near me,0,1,1,5,0%,20%,6,33.8
for hair,0,1,0,4,0%,25%,0,2
hair wig for men near me,0,1,2,4,0%,25%,6,7
best hair loss doctor near me,0,1,1,3,0%,33.33%,1,1
hair and skin doctor near me,0,1,2,3,0%,33.33%,4,5
piercing center,0,1,0,2,0%,50%,0,3
wig for women near me,0,1,0,2,0%,50%,0,5.5
eyebrows microblading price,0,1,0,2,0%,50%,0,7
permanent lip colour treatment price,0,1,3,2,0%,50%,8.67,8
laser hair removal treatments,0,1,0,1,0%,100%,0,1
nose piercing clinic near me,0,1,0,1,0%,100%,0,1
radiance cosmetics,0,1,1,1,0%,100%,27,1
radio frequency treatment near me,0,1,0,1,0%,100%,0,1
skin radiant,0,1,0,1,0%,100%,0,1
adress,0,1,0,1,0%,100%,0,2
face acne scars treatment,0,1,0,1,0%,100%,0,2
lip lightening surgery,0,1,0,1,0%,100%,0,2
permanent skin whitening treatment,0,1,0,1,0%,100%,0,2
private area,0,1,0,1,0%,100%,0,2
blood test for this,0,1,0,1,0%,100%,0,3
clitoris piercing near me,0,1,0,1,0%,100%,0,3
which one is the best,0,1,0,1,0%,100%,0,4
best clinic for botox near me,0,1,0,1,0%,100%,0,5
eyebrow grooming near me,0,1,0,1,0%,100%,0,6
obesity clinic,0,1,1,1,0%,100%,12,9
gfc treatment price in sri lanka,0,1,0,1,0%,100%,0,15
best hair doctor in kolkata,0,0,2,34,0%,0%,9,11.91
ear piercing near me,0,0,3,31,0%,0%,12.67,11.84
hair transplant density,0,0,0,27,0%,0%,0,31.89
ear piercing price in bhubaneswar,0,0,3,23,0%,0%,12,11.48
can laser remove facial hair permanently,0,0,0,23,0%,0%,0,44.26
growth factor injections hair,0,0,0,22,0%,0%,0,55.32
ear lobe repair in bhubaneswar,0,0,3,21,0%,0%,9.67,9.33
permanent hair reduction,0,0,2,21,0%,0%,37.5,34.14
hair removal permanent,0,0,2,21,0%,0%,64,73.33
weight loss centres,0,0,0,20,0%,0%,0,38.35
permanent laser hair removal,0,0,2,19,0%,0%,26,45.16
radiance skin clinic bhubaneswar,0,0,0,16,0%,0%,0,1
dr srichandan skin specialist bhubaneswar,0,0,0,15,0%,0%,0,2.87
hair transplant sambalpur,0,0,1,15,0%,0%,4,3.8
what makes you feel most confident about your hair?,0,0,0,15,0%,0%,0,10
gfc full form,0,0,2,15,0%,0%,21,25.93
high density hair transplant,0,0,3,15,0%,0%,42.67,40.2
lip lightening treatment near me,0,0,3,15,0%,0%,41.33,47.27
hair transplant cuttack,0,0,0,14,0%,0%,0,4.36
hair,0,0,1,14,0%,0%,18,5.14
tattoo removal,0,0,0,14,0%,0%,0,7.07
acne zap,0,0,1,14,0%,0%,26,11.21
does gfc treatment work,0,0,0,13,0%,0%,0,1
prp session gap,0,0,1,13,0%,0%,49,7.62
fue vs fut hair transplant,0,0,0,13,0%,0%,0,21.46
hair toppers shop near me,0,0,1,13,0%,0%,96,46.85
hair loss treatment in bhubaneswar,0,0,1,12,0%,0%,11,3.58
acnechecker,0,0,1,12,0%,0%,11,10.42
radiance hair & skin clinic,0,0,3,12,0%,0%,9.67,18.33
lip laser treatment cost,0,0,2,12,0%,0%,48.5,26.5
does laser hair removal permanently remove hair,0,0,0,12,0%,0%,0,32.33
laser hair removal is it permanent,0,0,0,12,0%,0%,0,32.75
under eye rejuvenation,0,0,1,12,0%,0%,34,46
near me laser hair removal clinic,0,0,0,11,0%,0%,0,7.27
acne cheker,0,0,0,11,0%,0%,0,9.64
बालो का डॉक्टर नियर में,0,0,2,11,0%,0%,9.5,10
botox treatments,0,0,1,11,0%,0%,38,46
"""semi-autobiography"" ""that hair""",0,0,0,10,0%,0%,0,2
eyebrow transplant in bhubaneswar,0,0,2,10,0%,0%,4,4
root restore,0,0,2,10,0%,0%,9.5,6.2
hair gfc,0,0,0,10,0%,0%,0,6.8
skin care bhubaneswar,0,0,0,10,0%,0%,0,7.3
doctor for skin care,0,0,3,10,0%,0%,11.33,24
can laser treatment remove hair permanently,0,0,3,10,0%,0%,47.67,37.5
inch loss treatment near me,0,0,3,10,0%,0%,46.67,42.3
permanent removal of hair,0,0,0,10,0%,0%,0,46.8
professional acne treatment,0,0,3,10,0%,0%,85,81.2
best hair fall treatment clinic near me,0,0,0,9,0%,0%,0,6.11
lip blush treatment near me,0,0,1,9,0%,0%,3,8.67
hair problem doctor,0,0,0,9,0%,0%,0,8.89
what makes you feel most confident about your hair,0,0,0,9,0%,0%,0,9.44
skin radiance clinic photos,0,0,1,9,0%,0%,9,9.56
lip pigmentation laser treatment price,0,0,3,9,0%,0%,35.33,18.67
lip pigmentation treatment price,0,0,2,9,0%,0%,21,28.11
clear skin treatment,0,0,1,9,0%,0%,5,46
non surgical hair regrowth treatment in kolkata,0,0,0,9,0%,0%,0,52
alopecia scarring,0,0,3,9,0%,0%,86.67,84.22
permanent lip colour treatment near me,0,0,0,8,0%,0%,0,3.38
the face clinic bhubaneswar,0,0,0,8,0%,0%,0,3.75
hair dermatologist,0,0,2,8,0%,0%,7.5,5
best hair transplant,0,0,3,8,0%,0%,8,5.25
hair wig service near me,0,0,0,8,0%,0%,0,6.75
laser lip lightening treatment,0,0,0,8,0%,0%,0,8
hair loss doctor near me,0,0,2,8,0%,0%,5.5,8.12
best wig shop near me,0,0,2,8,0%,0%,9,8.5
scalp doctor near me,0,0,3,8,0%,0%,9.33,8.88
chemical peel treatment price,0,0,1,8,0%,0%,12,12.25
skin doctor skin care,0,0,3,8,0%,0%,18,19.75
micropigmentation hair near me,0,0,1,8,0%,0%,12,20.38
tattoo removal studio,0,0,1,8,0%,0%,24,23.75
medical weight loss program near me,0,0,0,8,0%,0%,0,39.88
dense hair transplant,0,0,3,8,0%,0%,29.33,47.38
hair transplant doctor in kolkata,0,0,2,8,0%,0%,49,47.88
how many prp after hair transplant,0,0,2,8,0%,0%,53,50.62
how many prp treatments are needed,0,0,2,8,0%,0%,63,62.38
laser treatment for body hair,0,0,3,8,0%,0%,65.33,72.5
facial hair laser treatment cost,0,0,0,7,0%,0%,0,2.71
facial hair removal laser treatment cost,0,0,0,7,0%,0%,0,3.14
best microblading eyebrows near me,0,0,0,7,0%,0%,0,4.14
glutathione injection price in bhubaneswar,0,0,2,7,0%,0%,8.5,6.43
skin hair clinic near me,0,0,1,7,0%,0%,2,7.86
aesthetic clinic near me,0,0,2,7,0%,0%,12,8.14
hair transplant result kitne din me aata hai,0,0,3,7,0%,0%,8.33,8.43
wig store near me,0,0,1,7,0%,0%,10,8.57
tattoo remove price,0,0,3,7,0%,0%,7,8.86
skin laser treatment in bhubaneswar,0,0,0,7,0%,0%,0,9.43
laser wart removal near me,0,0,1,7,0%,0%,1,10.71
growth factor concentrate therapy,0,0,0,7,0%,0%,0,18.43
chemical peel treatment cost,0,0,1,7,0%,0%,12,25.14
hair loss confidence,0,0,2,7,0%,0%,26.5,28
gfc for hair,0,0,3,7,0%,0%,30.33,29
how long do ombre powder brows last,0,0,2,7,0%,0%,39,33.29
are pimple scars permanent,0,0,0,7,0%,0%,0,35.57
medical weight loss near me,0,0,0,7,0%,0%,0,36.86
ombre powder brows after 2 years,0,0,3,7,0%,0%,32.33,41
hair transplantation in visakhapatnam,0,0,0,7,0%,0%,0,43.43
bes belly fat removal surgery in bhubaneswar,0,0,2,7,0%,0%,69,48.43
laser depilation,0,0,0,7,0%,0%,0,54
how to control hair fall in monsoon,0,0,2,7,0%,0%,65,57.71
how to stop hairfall in monsoon,0,0,3,7,0%,0%,61.67,58.43
how long does a hair transplant take to heal,0,0,0,7,0%,0%,0,76.14
wart removal specialist,0,0,2,7,0%,0%,97,79.43
eye line elevation treatment,0,0,3,7,0%,0%,73,79.57
gfc hair loss,0,0,0,6,0%,0%,0,1
hair treatment for growth,0,0,0,6,0%,0%,0,1.83
do hair transplants work,0,0,0,6,0%,0%,0,2.17
hair care specialist near me,0,0,2,6,0%,0%,9,4.83
gfc treatment procedure,0,0,3,6,0%,0%,7,5.5
wig near me,0,0,0,6,0%,0%,0,5.5
best skin doctor,0,0,3,6,0%,0%,7,5.67
best dermatologist near me for hair,0,0,2,6,0%,0%,11,5.83
best hair hospital near me,0,0,2,6,0%,0%,8,6.5
dermatologist bhubaneswar near me,0,0,2,6,0%,0%,6,6.67
radiance beauty parlour,0,0,3,6,0%,0%,8.67,7
best hair treatment near me,0,0,1,6,0%,0%,3,7.17
derma facial near me,0,0,0,6,0%,0%,0,8.17
dermatologist for hair,0,0,0,6,0%,0%,0,8.17
skin brightening clinic near me,0,0,0,6,0%,0%,0,8.83
skin clinics near me,0,0,3,6,0%,0%,16,8.83
"the face clinics – centre of excellence in skin, hair & laser, 13+ years
experience, odisha’s 1st dermafrac bhubaneswar",0,0,0,6,0%,0%,0,9
hair fix near me,0,0,3,6,0%,0%,9.67,9.67
g f c hair treatment,0,0,0,6,0%,0%,0,9.83
hair loss doctor,0,0,1,6,0%,0%,10,10
gfc for hair growth,0,0,1,6,0%,0%,31,10.17
hair treatment cuttack,0,0,0,6,0%,0%,0,10.17
hair doctor in sambalpur,0,0,2,6,0%,0%,5.5,10.67
piercings near me,0,0,3,6,0%,0%,9.33,11
growth factor concentrate,0,0,2,6,0%,0%,27.5,13.33
hair growth factor concentrate,0,0,2,6,0%,0%,14.5,15.5
hair fue vs fut,0,0,0,6,0%,0%,0,21.67
permanent make up clinic,0,0,3,6,0%,0%,26.67,24.33
does laser permanently remove hair,0,0,0,6,0%,0%,0,24.5
does laser hair removal remove hair permanently,0,0,0,6,0%,0%,0,25.67
fut and fue hair transplant,0,0,0,6,0%,0%,0,25.83
cosmetic surgery face lift in bhubaneswar,0,0,3,6,0%,0%,22.33,27.83
moustache restoration treatment in kolkata,0,0,2,6,0%,0%,25.5,28.17
roots skin clinic,0,0,3,6,0%,0%,45,32
hair patch treatment,0,0,1,6,0%,0%,27,33.17
dermatology clinic,0,0,2,6,0%,0%,62.5,33.33
gfc hair treatment benefits,0,0,3,6,0%,0%,20,33.33
how many prp injections are needed for hair,0,0,3,6,0%,0%,40,34.17
does laser really remove hair permanently?,0,0,0,6,0%,0%,0,40
radiant skin treatment,0,0,3,6,0%,0%,33,48.17
removal hair permanent,0,0,0,6,0%,0%,0,49.83
lip blush treatment,0,0,0,6,0%,0%,0,56.67
how to stop hair fall in monsoon,0,0,2,6,0%,0%,64,66.17
laser hair removal treatment,0,0,0,6,0%,0%,0,67.83
growth factors treatment for hair loss,0,0,1,6,0%,0%,56,74.33
prp treatment indore,0,0,3,6,0%,0%,74.67,75.67
is gfc good for hair growth,0,0,0,5,0%,0%,0,1
cosmetic skin and hair clinic photos,0,0,0,5,0%,0%,0,1.2
skin radiance meaning,0,0,0,5,0%,0%,0,1.4
radiance in skin,0,0,2,5,0%,0%,1,1.8
jatamansi,0,0,0,5,0%,0%,0,2
acne on check,0,0,0,5,0%,0%,0,2.2
acne scars,0,0,0,5,0%,0%,0,2.6
"radiance skin, hair, & laser clinic thillai nagar - hair loss, laser, acne
scar treatments by dr rakhavi reviews",0,0,0,5,0%,0%,0,2.8
microneedling in bhubaneswar,0,0,0,5,0%,0%,0,3.8
best trichologist near me,0,0,2,5,0%,0%,3.5,4
hair transplant cost in cuttack odisha,0,0,0,5,0%,0%,0,4
beard transplant near me,0,0,3,5,0%,0%,7.67,4.2
eyebrow tattoo near me,0,0,2,5,0%,0%,4.5,4.2
best hair specialist doctor near me,0,0,1,5,0%,0%,1,4.6
hair consultant doctor near me,0,0,2,5,0%,0%,11,4.6
acne checked,0,0,0,5,0%,0%,0,5
ear hole repair near me,0,0,1,5,0%,0%,8,5
hydra facial price,0,0,1,5,0%,0%,9,5
best skin clinic,0,0,1,5,0%,0%,5,5.4
ear repair near me,0,0,1,5,0%,0%,11,6
hairfall specialist near me,0,0,1,5,0%,0%,11,6.4
best skin specialist,0,0,0,5,0%,0%,0,7
hair scalp doctor near me,0,0,3,5,0%,0%,7.67,7.2
laser skin whitening treatment near me,0,0,0,5,0%,0%,0,7.2
hair fall clinic near me,0,0,3,5,0%,0%,8.67,7.4
tattoo removal clinic near me,0,0,1,5,0%,0%,5,7.4
hair patching near me,0,0,0,5,0%,0%,0,8.2
wart removal near me,0,0,2,5,0%,0%,9.5,8.4
hair fall treatment clinic in bhubaneswar,0,0,0,5,0%,0%,0,8.8
skin health clinic,0,0,1,5,0%,0%,9,8.8
hair wigs near me,0,0,3,5,0%,0%,8.33,9.2
enhance hairtech clinics | hair transplant clinic in bhubaneswar,0,0,2,5,0%,0%,7,9.4
bio hair treatment,0,0,3,5,0%,0%,16,9.6
hair dr,0,0,3,5,0%,0%,11,10
best microneedling treatment near me,0,0,0,5,0%,0%,0,10.2
bio hair implants,0,0,0,5,0%,0%,0,10.8
ance checker,0,0,0,5,0%,0%,0,11
dandruff treatment near me,0,0,1,5,0%,0%,3,11.8
radiant aesthetics clinic,0,0,2,5,0%,0%,4.5,11.8
permanent tattoo removal,0,0,2,5,0%,0%,5,12.4
clinics in bhubaneswer nayapalli,0,0,0,5,0%,0%,0,13
skin institute bhubaneswar,0,0,1,5,0%,0%,14,14.6
full body wax vs laser,0,0,1,5,0%,0%,19,15.2
skin care doc,0,0,1,5,0%,0%,8,15.2
bio hair transplant clinic,0,0,2,5,0%,0%,8.5,15.4
hair transplant results month by month,0,0,0,5,0%,0%,0,18
plastic surgery bhubaneswar,0,0,1,5,0%,0%,18,18.4
gfc for hair regrowth,0,0,2,5,0%,0%,18.5,19.2
laser hair transplant,0,0,0,5,0%,0%,0,22.2
scalp micro pigmentation,0,0,0,5,0%,0%,0,24.8
hair transplant clinic in newtown,0,0,0,5,0%,0%,0,35
laser hair removal safe and permanent,0,0,3,5,0%,0%,37.33,36.2
fat loss near me,0,0,2,5,0%,0%,41,37.4
best hair plantation in kolkata,0,0,2,5,0%,0%,44,37.8
hair removal permanently,0,0,0,5,0%,0%,0,38.8
best hair transplant centre in kolkata,0,0,2,5,0%,0%,43.5,39.6
hair transplant centre in kolkata,0,0,2,5,0%,0%,44,39.6
lip pigmentation laser treatment cost,0,0,2,5,0%,0%,45.5,39.6
weight loss program near me,0,0,2,5,0%,0%,30,42.6
how long does it take for hair transplant to grow,0,0,0,5,0%,0%,0,47
hair transplant kalyan,0,0,1,5,0%,0%,55,49.4
open pores meaning,0,0,0,5,0%,0%,0,51.8
how long does powder brows last,0,0,2,5,0%,0%,42.5,55.8
hair topper shop near me,0,0,0,5,0%,0%,0,57.6
puffy eyes treatment near me,0,0,3,5,0%,0%,65,60
how to stop balding,0,0,0,4,0%,0%,0,1
easy grow hair replacement centre sambalpur,0,0,0,4,0%,0%,0,1.25
face prp treatment,0,0,0,4,0%,0%,0,1.75
radiance hospital,0,0,2,4,0%,0%,2,1.75
acanthosis,0,0,0,4,0%,0%,0,2
dr m srichandan skin specialist bhubaneswar,0,0,2,4,0%,0%,3.5,2
prp treatment for hair cost in india,0,0,0,4,0%,0%,0,2
permanent scarring.,0,0,1,4,0%,0%,4,2.5
traya hair clinic near me,0,0,0,4,0%,0%,0,2.5
hair mask for hair fall,0,0,0,4,0%,0%,0,3
odisha,0,0,2,4,0%,0%,5.5,3.25
men laser hair removal,0,0,0,4,0%,0%,0,4
wigs near me,0,0,1,4,0%,0%,3,4.25
ear piercing at home service,0,0,0,4,0%,0%,0,4.75
hydra facial,0,0,3,4,0%,0%,8.67,4.75
best doctor for hair,0,0,0,4,0%,0%,0,5
hair loss,0,0,0,4,0%,0%,0,5
laser lip lightening treatment near me,0,0,0,4,0%,0%,0,5
best hair fall doctor near me,0,0,0,4,0%,0%,0,5.25
cellulite injections near me,0,0,0,4,0%,0%,0,5.25
hair patch near me for men,0,0,1,4,0%,0%,6,5.25
trichologist doctor near me,0,0,1,4,0%,0%,11,5.5
laser or waxing which is better,0,0,1,4,0%,0%,7,5.75
prp,0,0,2,4,0%,0%,1.5,6
hair medical near me,0,0,2,4,0%,0%,10,6.5
laser hair removal full body,0,0,0,4,0%,0%,0,6.75
hair radiance,0,0,0,4,0%,0%,0,7
piercing in body,0,0,0,4,0%,0%,0,7
laser hair near me,0,0,2,4,0%,0%,7,7.25
under eye hair,0,0,1,4,0%,0%,8,7.5
hair treatment dr near me,0,0,0,4,0%,0%,0,7.75
alopecia doctor near me,0,0,1,4,0%,0%,11,8
best cosmetic surgeon in bhubaneswar,0,0,2,4,0%,0%,1,8
pigmentation clinic near me,0,0,1,4,0%,0%,9,8.25
piercing studio,0,0,2,4,0%,0%,10.5,8.5
hair treatment hospital near me,0,0,1,4,0%,0%,6,8.75
subsicion,0,0,2,4,0%,0%,9.5,8.75
wig for men near me,0,0,2,4,0%,0%,10.5,8.75
acne checket,0,0,0,4,0%,0%,0,9
piercing near me open now,0,0,1,4,0%,0%,10,9
skin institute nayapalli,0,0,0,4,0%,0%,0,9
skincare clinic near me,0,0,0,4,0%,0%,0,9
best piercing studio near me,0,0,0,4,0%,0%,0,9.25
face treatment near me,0,0,2,4,0%,0%,5.5,9.25
lips laser treatment cost,0,0,0,4,0%,0%,0,9.25
odisha best skin doctor,0,0,1,4,0%,0%,11,9.5
tan removal treatment,0,0,0,4,0%,0%,0,9.5
tattoo remove,0,0,1,4,0%,0%,7,9.75
how long ombre brows last,0,0,2,4,0%,0%,38.5,10
weight loss centre near me,0,0,0,4,0%,0%,0,10
acne cgecker,0,0,0,4,0%,0%,0,10.25
best skin clinic near me,0,0,1,4,0%,0%,4,10.5
hair patch salon near me,0,0,3,4,0%,0%,9.33,10.5
obesity doctor near me,0,0,2,4,0%,0%,11,10.5
wig clinic,0,0,0,4,0%,0%,0,10.5
beauty care in chandaka bhubaneshwar,0,0,0,4,0%,0%,0,11
helix piercing near me,0,0,1,4,0%,0%,12,11.25
hair kg in odisha,0,0,0,4,0%,0%,0,12.5
hair expert kolkata,0,0,0,4,0%,0%,0,13
bhubaneswar clinic,0,0,2,4,0%,0%,19,14.25
radiance beauty salon,0,0,1,4,0%,0%,20,16.25
scalp micropigmentation in pcmc,0,0,3,4,0%,0%,16,17.75
zap acne treatment,0,0,0,4,0%,0%,0,24.25
radiance skin clinic mysore,0,0,3,4,0%,0%,51.33,27.25
hair transplant fue vs fut,0,0,1,4,0%,0%,2,27.5
hair patch in coimbatore,0,0,2,4,0%,0%,34.5,28.5
laser aft,0,0,1,4,0%,0%,30,29.5
can laser permanently remove hair,0,0,2,4,0%,0%,32,31.25
hair transplant cost in vizag,0,0,3,4,0%,0%,35,32.25
skin radiance clinic logo,0,0,0,4,0%,0%,0,34.5
hair transplant in visakhapatnam,0,0,3,4,0%,0%,34.67,34.75
how long does ombre powder brows last,0,0,2,4,0%,0%,15.5,35.75
lip lightening treatment cost,0,0,1,4,0%,0%,68,35.75
hair transplant raipur,0,0,2,4,0%,0%,38,36.25
growth factors for hair,0,0,1,4,0%,0%,70,38.5
lip color treatment near me,0,0,3,4,0%,0%,58,39.5
do laser removes hair permanently,0,0,0,4,0%,0%,0,40
hair transplant in trichy,0,0,1,4,0%,0%,43,41.5
how long does powder brow last,0,0,2,4,0%,0%,45.5,42
top hair transplant clinic in kolkata,0,0,2,4,0%,0%,41.5,43.75
laser hair treatment,0,0,0,4,0%,0%,0,44
female hair transplant in kolkata,0,0,2,4,0%,0%,43,46
fue vs fut in coimbatore,0,0,2,4,0%,0%,79.5,46.5
mesotherapy hair fall treatment,0,0,3,4,0%,0%,43.67,47
cellulite reduction treatment near me,0,0,1,4,0%,0%,34,48.75
fue hair transplant cost,0,0,0,4,0%,0%,0,49.75
hair plantation in kolkata,0,0,1,4,0%,0%,46,51.25
gfc stands for,0,0,1,4,0%,0%,42,52.75
gfc treatment for face in indore,0,0,0,4,0%,0%,0,56
lines on neck meaning,0,0,3,4,0%,0%,82,57.5
body hair transplant to head,0,0,1,4,0%,0%,56,57.75
gfc hair treatment in indore,0,0,1,4,0%,0%,56,57.75
professional acne,0,0,0,4,0%,0%,0,59.75
diode laser hair removal,0,0,1,4,0%,0%,5,63.75
gfc treatment in coimbatore,0,0,1,4,0%,0%,65,66
unwanted hair removal permanent,0,0,0,4,0%,0%,0,66
gfc hair treatment in coimbatore,0,0,2,4,0%,0%,63.5,67
prp treatment in indore,0,0,2,4,0%,0%,68.5,70.25
laser anti ageing treatment,0,0,0,4,0%,0%,0,70.75
neck lines cause,0,0,1,4,0%,0%,85,74.25
hair rejuvenation therapy,0,0,0,4,0%,0%,0,75.25
top acne scar treatment,0,0,1,4,0%,0%,65,79
what causes neck wrinkles,0,0,2,4,0%,0%,84.5,83.5