Top pages,Clicks,Impressions,CTR,Position
https://www.radianceclinics.com/,357,25128,1.42%,7.13
https://www.radianceclinics.com/book-online-radiance-clinics-bhuabaneswar,24,1569,1.53%,4.64
https://www.radianceclinics.com/hair-patch/,8,625,1.28%,18.92
https://www.radianceclinics.com/mole-wart-removal/,7,251,2.79%,9.71
https://www.radianceclinics.com/skin-clinic-bhubaneswar,6,1847,0.32%,20.04
https://www.radianceclinics.com/hair-wig/,6,303,1.98%,8.01
https://www.radianceclinics.com/treatment/non-surgical-facial-enhancements/micro-blading/,6,233,2.58%,10.67
https://www.radianceclinics.com/about,6,104,5.77%,7.61
https://www.radianceclinics.com/hair-transplant-in-berhampur/,5,683,0.73%,7.73
https://www.radianceclinics.com/laser-hair-removal-radiance/,5,560,0.89%,18.12
https://www.radianceclinics.com/tattoo-removal-radiance/,5,260,1.92%,9.01
https://www.radianceclinics.com/treatment/premium-services/lip-pigmentation/,5,250,2%,15.35
https://www.radianceclinics.com/treatment/non-surgical-facial-enhancements/lip-blushing/,5,146,3.42%,8.03
https://www.radianceclinics.com/fillers/,5,98,5.1%,13.53
https://www.radianceclinics.com/skin-care-treatments/,4,1578,0.25%,21.19
https://www.radianceclinics.com/hair-transplant-in-cuttack/,4,324,1.23%,13.26
https://www.radianceclinics.com/hair-transplant-in-baripada/,4,131,3.05%,11.61
https://www.radianceclinics.com/hair-loss-treatments/,3,756,0.4%,21.31
https://www.radianceclinics.com/hair-transplant-in-angul/,3,227,1.32%,6.62
https://www.radianceclinics.com/about-us/,3,208,1.44%,24.07
https://www.radianceclinics.com/post/hair-treatment-doctor-near-me/,3,199,1.51%,10.08
https://www.radianceclinics.com/treatment/hairfall/gfc/,3,155,1.94%,29.68
https://www.radianceclinics.com/hair-transplant-in-puri/,3,124,2.42%,16.31
https://www.radianceclinics.com/treatment/bridal-dermatology/under-eye-rejuvenation/,3,109,2.75%,27.98
https://www.radianceclinics.com/laser-hair-removal-bhubaneswar,2,391,0.51%,23.73
https://www.radianceclinics.com/contact-us/,2,348,0.57%,13.46
https://www.radianceclinics.com/hair-transplant-in-sambalpur/,2,329,0.61%,9.83
https://www.radianceclinics.com/hair-transplantation/,2,317,0.63%,45.93
https://www.radianceclinics.com/treatment/hairfall/prp/,2,305,0.66%,19.9
https://www.radianceclinics.com/weight-loss-radiance/,2,227,0.88%,24.06
https://www.radianceclinics.com/treatments/hair-restoration/prp-gfc-scalp-therapy,2,216,0.93%,14.85
https://www.radianceclinics.com/ear-piercing/,2,115,1.74%,9.95
https://www.radianceclinics.com/locations/,2,51,3.92%,26.71
https://www.radianceclinics.com/post/advanced-acne-scar-removal-treatments-you-should-know/,2,15,13.33%,18.33
https://www.radianceclinics.com/hair-transplant-bhubaneswar,1,495,0.2%,38.02
https://www.radianceclinics.com/post/why-radiance-skin-and-hair-clinic-is-the-ideal-choice-for-hair-loss-treatment/,1,440,0.23%,10.29
https://www.radianceclinics.com/body-piercing/,1,367,0.27%,10.65
https://www.radianceclinics.com/laser-re-surfacing/,1,222,0.45%,25.1
https://www.radianceclinics.com/post/how-long-does-it-take-to-see-results-after-a-hair-transplant/,1,134,0.75%,16.47
https://www.radianceclinics.com/split-ear-repair/,1,101,0.99%,11.75
https://www.radianceclinics.com/conditions/pseudo-acanthosis-nigricans/,1,100,1%,18.28
https://www.radianceclinics.com/post/a-complete-guide-to-know-about-botox-treatment/,1,94,1.06%,20.5
https://www.radianceclinics.com/scalp-micropigmentation/,1,83,1.2%,17.51
https://www.radianceclinics.com/reviews,1,81,1.23%,11.58
https://www.radianceclinics.com/vitiligo-3/,1,81,1.23%,12.25
https://www.radianceclinics.com/body-shaping-bhuabaneswar/,1,72,1.39%,17.96
https://www.radianceclinics.com/hair-transplant-in-jajpur/,1,60,1.67%,15.33
https://www.radianceclinics.com/locations,1,60,1.67%,51.08
https://www.radianceclinics.com/conditions/pcod/,1,55,1.82%,6.42
https://www.radianceclinics.com/hair-transplant-in-koraput/,1,49,2.04%,23.55
https://www.radianceclinics.com/skin-pigmentation/,1,45,2.22%,27.47
https://www.radianceclinics.com/treatment/anti-ageing-therapies/ultherapy/,1,38,2.63%,52.24
https://www.radianceclinics.com/treatment/acne-scars/fractional-co2-laser/,1,30,3.33%,13.07
https://www.radianceclinics.com/treatment/bridal-dermatology/mesotherapy/,1,23,4.35%,32.78
https://www.radianceclinics.com/doctor-answers/why-melasma-returns,1,16,6.25%,80.56
https://www.radianceclinics.com/treatment/bridal-dermatology/lip-pigmentation-2/,1,12,8.33%,22.83
https://www.radianceclinics.com/post/can-skin-clinics-help-with-dark-circles-and-under-eye-concerns/,1,9,11.11%,27
https://www.radianceclinics.com/treatments/hair-restoration/advanced-hair-fall-solutions,1,5,20%,6.6
https://www.radianceclinics.com/post/common-myths-about-laser-hair-removal-treatments/,1,5,20%,61.4
https://www.radianceclinics.com/hair-,1,1,100%,1
https://www.radianceclinics.com/post/what-is-gfc-treatment-and-how-does-it-help-in-hair-regrowth/,0,2313,0%,16.63
https://www.radianceclinics.com/post/what-to-expect-during-your-first-visit-to-a-skin-care-doctor/,0,1958,0%,29.97
https://www.radianceclinics.com/post/the-key-to-lasting-smoothness-unlock-laser-hair-removal/,0,1875,0%,8.28
https://www.radianceclinics.com/dermatology-clinic-in-bhubaneswar/,0,1278,0%,11.36
https://www.radianceclinics.com/hair-transplant-in-kolkata/,0,927,0%,31.39
https://www.radianceclinics.com/contact,0,655,0%,8.11
https://www.radianceclinics.com/concerns/acne/closed-comedones,0,618,0%,11.74
https://www.radianceclinics.com/post/how-many-prp-sessions-are-needed-for-visible-hair-growth/,0,537,0%,10.02
https://www.radianceclinics.com/post/why-do-some-people-regret-getting-a-hair-transplant-too-early/,0,419,0%,5.43
https://www.radianceclinics.com/book-online-radiance-clinics-bhuabaneswar/,0,295,0%,66.86
https://www.radianceclinics.com/hair-transplant-in-balasore/,0,244,0%,9.5
https://www.radianceclinics.com/post/acne-check-peel-your-comprehensive-guide-to-clearer-skin/,0,242,0%,8.86
https://www.radianceclinics.com/post/laser-vs-waxing-which-hair-removal-method-is-right-for-you/,0,210,0%,11.09
https://www.radianceclinics.com/hair-care-solutions/,0,208,0%,64.28
https://www.radianceclinics.com/post/where-can-i-get-painless-wart-removal-treatment/,0,201,0%,17.94
https://www.radianceclinics.com/post/how-long-do-ombre-powder-eyebrows-last/,0,200,0%,27.63
https://www.radianceclinics.com/treatment/unwanted-hair/aft-laser/,0,193,0%,21.74
https://www.radianceclinics.com/treatments/laser,0,172,0%,39.28
https://www.radianceclinics.com/post/what-makes-bio-hair-transplant-different-from-traditional-methods/,0,171,0%,9.64
https://www.radianceclinics.com/post/decoding-the-cost-of-chemical-peels-in-odisha-understanding-the-factors-behind-pricing/,0,170,0%,8.48
https://www.radianceclinics.com/skin-brightening-solutions-radiance/,0,166,0%,15.91
https://www.radianceclinics.com/post/things-to-avoid-if-you-have-acne-prone-skin/,0,162,0%,25.83
https://www.radianceclinics.com/treatment/premium-services/hydra-facial/,0,161,0%,21.37
https://www.radianceclinics.com/post/how-hair-shapes-self-image-and-personal-confidence/,0,150,0%,15.18
https://www.radianceclinics.com/concerns/acne-scars/rolling-scars,0,149,0%,14.29
https://www.radianceclinics.com/conditions/antiageing/neck-line/,0,126,0%,66.89
https://www.radianceclinics.com/hair-transplant-in-rourkela/,0,125,0%,14.22
https://www.radianceclinics.com/concerns/acne-scars/post-inflammatory-hyperpigmentation,0,123,0%,69
https://www.radianceclinics.com/treatments,0,121,0%,72.5
https://www.radianceclinics.com/conditions/hairfall/scarring-alopecia/,0,118,0%,87.81
https://www.radianceclinics.com/alopecia-treatment/,0,107,0%,38.28
https://www.radianceclinics.com/conditions/open-pores/,0,105,0%,49.22
https://www.radianceclinics.com/post/what-are-the-common-causes-of-hair-loss-in-women/,0,102,0%,2.55
https://www.radianceclinics.com/post/can-laser-hair-removal-permanently-remove-hair/,0,101,0%,34.89
https://www.radianceclinics.com/treatments/aesthetic-dermatology/injectable-aesthetics,0,98,0%,54.35
https://www.radianceclinics.com/treatment/premium-services/,0,98,0%,67.9
https://www.radianceclinics.com/post/which-is-better-synthetic-or-natural-hair-wigs/,0,97,0%,6.42
https://www.radianceclinics.com/conditions/antiageing/forehead-line/,0,95,0%,75.98
https://www.radianceclinics.com/post/are-acne-scars-permanent-the-answer-may-surprise-you/,0,91,0%,8.46
https://www.radianceclinics.com/recent-result/,0,90,0%,13.41
https://www.radianceclinics.com/post/can-you-reverse-signs-of-ageing-with-anti-ageing-treatment/,0,90,0%,62.14
https://www.radianceclinics.com/post/fillers-treatment-at-radiance-skin-and-hair-clinics-in-bhubaneswar/,0,89,0%,11.4
https://www.radianceclinics.com/post/the-best-acne-scar-treatments-to-boost-your-confidence/,0,89,0%,56.15
https://www.radianceclinics.com/post/how-does-hair-loss-affect-an-individuals-confidence-level/,0,86,0%,19.47
https://www.radianceclinics.com/bio-therapy-treatment/,0,85,0%,33.94
https://www.radianceclinics.com/treatment/acne-treatment/acne-zap-laser/,0,84,0%,27.32
https://www.radianceclinics.com/concerns/acne-scars/deep-acne-scars,0,82,0%,17.89
https://www.radianceclinics.com/treatment/hairfall/hair-transplant/,0,79,0%,77.1
https://www.radianceclinics.com/treatments/aesthetic-dermatology,0,77,0%,32.96
https://www.radianceclinics.com/treatment/unwanted-hair/,0,75,0%,66.32
https://www.radianceclinics.com/treatment/non-surgical-facial-enhancements/lip-vitiligo-correction/,0,74,0%,12.16
https://www.radianceclinics.com/post/the-quality-of-hair-transplant-service-offered-by-radiance-skin-and-hair-clinics/,0,71,0%,33.94
https://www.radianceclinics.com/post/specialized-wart-removal-services-for-flawless-skin/,0,71,0%,40.35
https://www.radianceclinics.com/post/who-is-the-ideal-candidate-for-a-hair-transplant/,0,71,0%,72.27
https://www.radianceclinics.com/treatment/premium-services/aqua-skin-whitening-shots/,0,69,0%,12.49
https://www.radianceclinics.com/treatment/premium-services/gluta-c-shots/,0,69,0%,15.8
https://www.radianceclinics.com/concerns/pigmentation/uneven-skin-tone,0,69,0%,77.12
https://www.radianceclinics.com/treatments/hair-restoration/fue-hair-transplant,0,67,0%,56.06
https://www.radianceclinics.com/treatment/hairfall/root-restore-therapy/,0,64,0%,18.09
https://www.radianceclinics.com/treatment/bridal-dermatology/vampirefacial/,0,64,0%,18.97
https://www.radianceclinics.com/treatment/acne-treatment/carbon-laser-peel/,0,60,0%,13.83
https://www.radianceclinics.com/treatment/anti-ageing-therapies/prp-facelift/,0,58,0%,71.98
https://www.radianceclinics.com/post/how-to-care-for-your-scalp-after-a-hair-transplant/,0,57,0%,75.37
https://www.radianceclinics.com/conditions,0,54,0%,71.89
https://www.radianceclinics.com/bio-hair-transplant/,0,54,0%,73.33
https://www.radianceclinics.com/female-hair-transplant/,0,54,0%,76.15
https://www.radianceclinics.com/treatment/anti-ageing-therapies/filler/,0,54,0%,83.87
https://www.radianceclinics.com/conditions/fungal-infection/,0,53,0%,10.68
https://www.radianceclinics.com/hair-transplant-in-raipur/,0,52,0%,45.02
https://www.radianceclinics.com/post/four-misconceptions-people-have-about-laser-tattoo-removal-in-bhubaneswar/,0,51,0%,14.04
https://www.radianceclinics.com/treatment/bridal-dermatology/dermal-fillers/,0,50,0%,40.12
https://www.radianceclinics.com/hair-transplant-in-vizag/,0,50,0%,43.36
https://www.radianceclinics.com/post/the-ideal-clinic-to-have-acne-treatment-in-bhubaneswar-is-radiance-skin-and-hair-clinics/,0,49,0%,10.16
https://www.radianceclinics.com/treatments/skin,0,49,0%,60.9
https://www.radianceclinics.com/body-hair-transplant/,0,48,0%,72.85
https://www.radianceclinics.com/beard-mustache-transplant/,0,47,0%,19.89
https://www.radianceclinics.com/treatment/stretch-marks/prp/,0,47,0%,61.47
https://www.radianceclinics.com/frequently-asked-questions/,0,46,0%,34.72
https://www.radianceclinics.com/treatment/non-surgical-facial-enhancements/ombrepowder-eyebrows/,0,45,0%,15.38
https://www.radianceclinics.com/tan-removal/,0,45,0%,18.42
https://www.radianceclinics.com/chemical-peel/,0,44,0%,22.5
https://www.radianceclinics.com/post/fue-vs-fut-which-hair-transplant-works-right-for-you/,0,44,0%,27.09
https://www.radianceclinics.com/treatment/stretch-marks/,0,43,0%,14.79
https://www.radianceclinics.com/post/how-effective-is-having-laser-hair-removal-in-bhubaneswar/,0,43,0%,14.84
https://www.radianceclinics.com/treatment/acne-treatment/,0,43,0%,76.28
https://www.radianceclinics.com/post/laser-vs-fillers-vs-creams-what-truly-works-for-under-eye-bags/,0,42,0%,6.33
https://www.radianceclinics.com/knowledge/prp-gfc-hair-restoration-guide,0,40,0%,8.35
https://www.radianceclinics.com/laser-photo-rejuvenation-radiance/,0,39,0%,11.13
https://www.radianceclinics.com/post/what-is-the-best-hair-transplant-for-density/,0,39,0%,18.85
https://www.radianceclinics.com/pigmentation-treatment-bhubaneswar,0,39,0%,38.54
https://www.radianceclinics.com/knowledge,0,39,0%,66.54
https://www.radianceclinics.com/conditions/seborrheic-dermatitis/,0,38,0%,44.87
https://www.radianceclinics.com/treatments/skin-laser/laser-pigmentation-program,0,37,0%,38.08
https://www.radianceclinics.com/treatments/hair-restoration,0,35,0%,33.63
https://www.radianceclinics.com/treatment/bridal-dermatology/mnrf-acne-scars/,0,35,0%,42.54
https://www.radianceclinics.com/acne-scar-treatment-bhubaneswar,0,35,0%,45.23
https://www.radianceclinics.com/treatment/pigmentation/power-glow/,0,34,0%,24.94
https://www.radianceclinics.com/treatments/skin-laser/laser-hair-reduction,0,34,0%,42.71
https://www.radianceclinics.com/treatment/anti-ageing-therapies/age-reverse/,0,34,0%,65.5
https://www.radianceclinics.com/treatment/anti-ageing-therapies/anti-ageing-laser/,0,33,0%,52.64
https://www.radianceclinics.com/treatment/premium-services/permanent-makeup/,0,31,0%,26.1
https://www.radianceclinics.com/microdermabrasion-radiance/,0,31,0%,48.84
https://www.radianceclinics.com/doctor-answers/can-old-stretch-marks-improve,0,31,0%,60.55
https://www.radianceclinics.com/conditions/pigmentation-removal/,0,31,0%,69.45
https://www.radianceclinics.com/laser-lipolysis-treatment/,0,30,0%,29.57
https://www.radianceclinics.com/post/pioneering-proficiency-satyartha-prakash-excels-in-advanced-dermatology-fellowship-at-dubai-derma/,0,30,0%,34.53
https://www.radianceclinics.com/treatment/stretch-marks/dermaroller/,0,30,0%,46.43
https://www.radianceclinics.com/high-density-hair-transplant/,0,30,0%,51.37
https://www.radianceclinics.com/dandruff-treatment/,0,29,0%,7.97
https://www.radianceclinics.com/post/the-skin-brightening-treatment-possible-to-have-at-radiance-skin-and-hair-clinics/,0,29,0%,12.52
https://www.radianceclinics.com/post/why-radiance-skin-and-hair-clinic-is-the-best-hair-loss-clinic-in-bhubaneswar/,0,29,0%,26.9
https://www.radianceclinics.com/treatment/anti-ageing-therapies/ipl-therapy-photofacial/,0,28,0%,19.61
https://www.radianceclinics.com/post/how-prp-treatment-helps-in-hair-fall-control-and-regrowth-naturally/,0,28,0%,20.39
https://www.radianceclinics.com/post/is-it-safe-to-have-a-hair-transplant-in-bhubaneswar-at-radiance-skin-and-hair-clinic/,0,27,0%,22.04
https://www.radianceclinics.com/treatment/pigmentation/,0,27,0%,55.56
https://www.radianceclinics.com/concerns/hair-loss-scalp/female-pattern-hair-loss,0,27,0%,67.85
https://www.radianceclinics.com/treatment/premium-services/laser-facial/,0,27,0%,71
https://www.radianceclinics.com/conditions/freckles/,0,25,0%,18.12
https://www.radianceclinics.com/acne-scars/,0,25,0%,37.48
https://www.radianceclinics.com/post/when-you-need-to-be-at-the-best-skin-clinic/,0,25,0%,41.68
https://www.radianceclinics.com/post/transformative-insights-from-radiance-clinics-for-skin-and-hair-health/,0,24,0%,30.12
https://www.radianceclinics.com/post/what-is-the-best-permanent-treatment-for-hair-loss/,0,23,0%,5.83
https://www.radianceclinics.com/conditions/dark-circles/,0,23,0%,16.65
https://www.radianceclinics.com/treatment/unwanted-hair/diode-laser/,0,22,0%,59.59
https://www.radianceclinics.com/concerns/pigmentation/pigmentation,0,22,0%,61.14
https://www.radianceclinics.com/conditions/stretch-marks-removal/,0,21,0%,34.48
https://www.radianceclinics.com/post/what-common-mistakes-can-make-your-hair-transplant-more-expensive/,0,21,0%,49.76
https://www.radianceclinics.com/treatment/anti-ageing-therapies/,0,21,0%,54.9
https://www.radianceclinics.com/concerns/skin-texture/dehydrated-skin,0,21,0%,57.14
https://www.radianceclinics.com/treatment/hairfall/,0,21,0%,67.29
https://www.radianceclinics.com/doctor-answers/does-pcos-affect-laser-hair-reduction,0,20,0%,7.6
https://www.radianceclinics.com/conditions/skin-growth/,0,20,0%,41.15
https://www.radianceclinics.com/blogs/,0,19,0%,10.47
https://www.radianceclinics.com/sunspot-removal/,0,19,0%,11.37
https://www.radianceclinics.com/conditions/contact-dermatitis/,0,19,0%,35.16
https://www.radianceclinics.com/results,0,19,0%,38.84
https://www.radianceclinics.com/treatment/bridal-dermatology/laser-hair-reduction/,0,19,0%,94.58
https://www.radianceclinics.com/privacy-policy/,0,18,0%,16.94
https://www.radianceclinics.com/post/combat-hair-fall-natural-remedies-dermatologist-tips/,0,18,0%,20.06
https://www.radianceclinics.com/treatment/bridal-dermatology/hgp-for-hair/,0,18,0%,21.33
https://www.radianceclinics.com/treatment/acne-scars/,0,18,0%,37.11
https://www.radianceclinics.com/treatment/pigmentation/chemical-peel/,0,18,0%,42.61
https://www.radianceclinics.com/post/using-botox-and-fillers-for-anti-aging-treatments/,0,18,0%,45.5
https://www.radianceclinics.com/treatment/pigmentation/laser-toning/,0,18,0%,47.56
https://www.radianceclinics.com/doctor-answers/when-see-doctor-for-acne,0,18,0%,71.67
https://www.radianceclinics.com/post/common-hair-loss-myths-that-might-be-holding-you-back/,0,17,0%,1.59
https://www.radianceclinics.com/treatments/skin-laser/acne-scar-revision,0,17,0%,8.35
https://www.radianceclinics.com/concerns/acne/cystic-acne,0,17,0%,16.94
https://www.radianceclinics.com/treatment/stretch-marks/pixigenus-stretch-marks/,0,17,0%,17.71
https://www.radianceclinics.com/concerns/hair-loss-scalp/dandruff,0,17,0%,22.35
https://www.radianceclinics.com/treatment/pigmentation/mesotherapy/,0,17,0%,39.65
https://www.radianceclinics.com/doctor-answers/why-pores-look-large-on-nose,0,17,0%,55.59
https://www.radianceclinics.com/treatment/acne-scars/dermaroller/,0,17,0%,79.35
https://www.radianceclinics.com/knowledge/best-skin-clinic-bhubaneswar,0,16,0%,13.06
https://www.radianceclinics.com/post/spending-on-weight-loss-is-an-ideal-investment/,0,16,0%,17.19
https://www.radianceclinics.com/post/skin-and-hair-specialist-near-me/,0,16,0%,29.81
https://www.radianceclinics.com/treatment/anti-ageing-therapies/pixel/,0,16,0%,32.44
https://www.radianceclinics.com/post/best-dermatologist-for-acne-an-treatment/,0,16,0%,37.5
https://www.radianceclinics.com/conditions/body-hair/,0,16,0%,38.69
https://www.radianceclinics.com/treatment/hairfall/mesotherapy/,0,16,0%,43.69
https://www.radianceclinics.com/treatment/stretch-marks/tixel/,0,16,0%,51.69
https://www.radianceclinics.com/treatment/premium-services/photofacials/,0,16,0%,51.88
https://www.radianceclinics.com/treatment/anti-ageing-therapies/age-erase/,0,16,0%,82.44
https://www.radianceclinics.com/post/what-should-i-know-before-buying-a-hair-wig/,0,15,0%,15.67
https://www.radianceclinics.com/treatment/premium-services/hydra-revive/,0,15,0%,26.73
https://www.radianceclinics.com/treatment/premium-services/iv-infusions/,0,15,0%,41.2
https://www.radianceclinics.com/invisible-facelift-at-bhubaneswar/,0,15,0%,68.6
https://www.radianceclinics.com/treatment/anti-ageing-therapies/high-intensity-focused-ultrasound/,0,14,0%,5.43
https://www.radianceclinics.com/conditions/antiageing/,0,14,0%,20.14
https://www.radianceclinics.com/conditions/skin-ageing-laxity,0,14,0%,59.14
https://www.radianceclinics.com/conditions/psoriasis/,0,13,0%,17.85
https://www.radianceclinics.com/conditions/eczema/,0,13,0%,18.54
https://www.radianceclinics.com/conditions/urticaria/,0,13,0%,22.62
https://www.radianceclinics.com/treatment/premium-services/radiance-3d/,0,13,0%,40.77
https://www.radianceclinics.com/treatment/hairfall/advanced-hgp/,0,13,0%,46.38
https://www.radianceclinics.com/treatment/acne-scars/prp-subsicion/,0,13,0%,53.15
https://www.radianceclinics.com/post/laser-hair-removal/,0,13,0%,56.54
https://www.radianceclinics.com/doctor-answers/why-pigmentation-worse-after-treatment,0,12,0%,6.58
https://www.radianceclinics.com/knowledge/premium-aesthetic-consultation,0,12,0%,8.67
https://www.radianceclinics.com/post/say-goodbye-to-warts-transform-your-skin-at-radiance-clinic/,0,12,0%,11.92
https://www.radianceclinics.com/conditions/hairfall/,0,12,0%,16
https://www.radianceclinics.com/conditions/vitiligo/,0,12,0%,17.33
https://www.radianceclinics.com/concerns/scars-stretch-marks/surgical-scars,0,12,0%,18.25
https://www.radianceclinics.com/conditions/keloid/,0,12,0%,21.25
https://www.radianceclinics.com/conditions/rosacea/,0,12,0%,24.25
https://www.radianceclinics.com/post/what-diet-and-lifestyle-changes-can-support-successful-hair-restoration/,0,12,0%,24.83
https://www.radianceclinics.com/treatment/bridal-dermatology/mnrf-stretch-marks/,0,12,0%,28.08
https://www.radianceclinics.com/treatment/bridal-dermatology/beardshaping/,0,12,0%,41.92
https://www.radianceclinics.com/concerns/other-skin-concerns/rosacea-redness,0,12,0%,56.75
https://www.radianceclinics.com/post/what-causes-hair-loss-and-how-it-can-be-treated/,0,12,0%,60.08
https://www.radianceclinics.com/treatment/bridal-dermatology/photofacial/,0,12,0%,63.58
https://www.radianceclinics.com/doctor-answers/why-scalp-visible-under-bright-light,0,11,0%,6.18
https://www.radianceclinics.com/doctor-answers/enlarged-pores-or-acne-scars,0,11,0%,7.82
https://www.radianceclinics.com/conditions/melasma/,0,11,0%,23.64
https://www.radianceclinics.com/doctor-answers/why-hair-falls-more-on-wash-days,0,11,0%,31.82
https://www.radianceclinics.com/post/which-filler-is-right-for-you-expert-advice/,0,11,0%,37.36
https://www.radianceclinics.com/treatment/pigmentation/insta-glow/,0,11,0%,42.36
https://www.radianceclinics.com/treatment/bridal-dermatology/,0,11,0%,42.55
https://www.radianceclinics.com/concerns/laser-hair-reduction/strawberry-legs,0,11,0%,44
https://www.radianceclinics.com/treatment/anti-ageing-therapies/collagen-induction-therapy/,0,11,0%,51.64
https://www.radianceclinics.com/anti-wrinkle-radiance/,0,11,0%,52.27
https://www.radianceclinics.com/concerns/hair-loss-scalp/receding-hairline,0,11,0%,67.18
https://www.radianceclinics.com/hair-/,0,10,0%,31.5
https://www.radianceclinics.com/virtual-tour/,0,10,0%,47.5
https://www.radianceclinics.com/treatment/bridal-dermatology/lasertoning/,0,10,0%,47.7
https://www.radianceclinics.com/conditions/acne-scar-removal/,0,10,0%,52.8
https://www.radianceclinics.com/conditions/atopic-dermatitis/,0,10,0%,55.7
https://www.radianceclinics.com/post/say-goodbye-to-monsoon-hair-loss-easy-ways-to-control-hairfall/,0,10,0%,58.6
https://www.radianceclinics.com/post/reasons-to-have-professional-treatment-for-acne/,0,10,0%,69.4
https://www.radianceclinics.com/doctor-answers/melasma-vs-hyperpigmentation,0,10,0%,75.8
https://www.radianceclinics.com/treatment/acne-scars/pixel/,0,10,0%,82.2
https://www.radianceclinics.com/concerns/hair-loss-scalp/widening-part,0,9,0%,13.11
https://www.radianceclinics.com/treatment/stretch-marks/erbium-fibre-laser/,0,9,0%,29.22
https://www.radianceclinics.com/before-after,0,9,0%,36.78
https://www.radianceclinics.com/doctor-answers/why-hairline-receding-one-side,0,9,0%,38.22
https://www.radianceclinics.com/treatment/bridal-dermatology/laser-facials/,0,9,0%,38.67
https://www.radianceclinics.com/hair-loss-causes/,0,9,0%,48.67
https://www.radianceclinics.com/blogs/page/2/,0,9,0%,60.78
https://www.radianceclinics.com/conditions/antiageing/age-spot/,0,9,0%,79
https://www.radianceclinics.com/treatment/pigmentation/cosmelan-peel/,0,9,0%,81.89
https://www.radianceclinics.com/treatment/non-surgical-facial-enhancements/lip-enhancement/,0,8,0%,6.88
https://www.radianceclinics.com/post/why-radiance-skin-and-hair-clinics-leads-in-stem-cell-transplants-in-odisha/,0,8,0%,7.62
https://www.radianceclinics.com/post/how-to-know-if-youre-a-good-candidate-for-fue-or-fut/,0,8,0%,9
https://www.radianceclinics.com/post/when-is-the-perfect-time-to-restore-your-hair/,0,8,0%,14.5
https://www.radianceclinics.com/doctor-answers/when-wear-helmet-after-hair-transplant,0,8,0%,14.75
https://www.radianceclinics.com/treatment/acne-treatment/diamond-polishing/,0,8,0%,28.62
https://www.radianceclinics.com/treatment/premium-services/4d-photofacial/,0,8,0%,39.5
https://www.radianceclinics.com/post-hair-transplant-recovery-guide/,0,8,0%,40.5
https://www.radianceclinics.com/concerns/pigmentation/melasma,0,8,0%,54.75
https://www.radianceclinics.com/conditions/spider-veins/,0,8,0%,61.12
https://www.radianceclinics.com/treatment/unwanted-hair/beard-shaping/,0,8,0%,62.75
https://www.radianceclinics.com/treatment/premium-services/insta-glam/,0,8,0%,76
https://www.radianceclinics.com/post/best-treatment-for-a-healthy-hair-and-skin/,0,7,0%,7.57
https://www.radianceclinics.com/concerns/hair-transplant/female-hair-transplant,0,7,0%,27.43
https://www.radianceclinics.com/concerns/skin-texture/rough-skin-texture,0,7,0%,32.57
https://www.radianceclinics.com/concerns/acne-scars/boxcar-scars,0,7,0%,33.14
https://www.radianceclinics.com/post/radiance-skin-clinics-your-solution-for-skin-issues/,0,7,0%,33.14
https://www.radianceclinics.com/post/modern-treatments-for-effective-fat-reduction/,0,7,0%,35.57
https://www.radianceclinics.com/media-press-release/,0,7,0%,48.71
https://www.radianceclinics.com/conditions/laser-tattoo-removal/,0,7,0%,62.43
https://www.radianceclinics.com/treatment/non-surgical-facial-enhancements/,0,7,0%,85.71
https://www.radianceclinics.com/post/how-effective-are-weight-loss-clinics-for-belly-fat-reduction/,0,6,0%,8.17
https://www.radianceclinics.com/conditions/acne/,0,6,0%,36.5
https://www.radianceclinics.com/post/advantages-of-online-dermatologist-consultations/,0,6,0%,46.5
https://www.radianceclinics.com/concerns/aging-aesthetics/forehead-lines,0,6,0%,55.83
https://www.radianceclinics.com/treatment/unwanted-hair/soprano-ice/,0,6,0%,57.83
https://www.radianceclinics.com/treatment/bridal-dermatology/carbonpeel/,0,6,0%,72.83
https://www.radianceclinics.com/treatment/premium-services/peels/,0,6,0%,73.5
https://www.radianceclinics.com/treatment/bridal-dermatology/derma-roller/,0,6,0%,91
https://www.radianceclinics.com/treatment/bridal-dermatology/mesofacials/,0,6,0%,94.17
https://www.radianceclinics.com/post/unlocking-the-secrets-of-skincare-and-hair-restoration-a-journey-with-radiance-clinics/,0,5,0%,2.6
https://www.radianceclinics.com/concerns,0,5,0%,3.2
https://www.radianceclinics.com/post/luminous-love-laser-facials-for-bridal-skincare-bliss/,0,5,0%,6.4
https://www.radianceclinics.com/concerns/acne-scars/ice-pick-scars,0,5,0%,21
https://www.radianceclinics.com/post/skincare-mythbusters-debunking-common-misconceptions-about-skin-health/,0,5,0%,25.2
https://www.radianceclinics.com/post/when-should-you-visit-a-skin-clinic-signs-and-symptoms-to-watch/,0,5,0%,26
https://www.radianceclinics.com/doctor-answers/does-popping-pimples-cause-scars,0,5,0%,46.6
https://www.radianceclinics.com/post/radiance-skin-and-hair-clinics-your-ideal-destination-for-hair-transplants/,0,5,0%,47.4
https://www.radianceclinics.com/concerns/skin-texture/dull-skin,0,5,0%,58.6
https://www.radianceclinics.com/post/non-surgical-hair-replacement/,0,5,0%,85.2
https://www.radianceclinics.com/treatment/hairfall/advanced-stemcellow/,0,5,0%,89
https://www.radianceclinics.com/treatment/bridal-dermatology/acnecheck-treatment/,0,5,0%,121.8
https://www.radianceclinics.com/blogs/page/3/,0,4,0%,3.25
https://www.radianceclinics.com/post/radiance-clinics-awarded-times-health-icon-for-exceptional-contributions-in-cosmetology-and-hair-transplant/,0,4,0%,6.75
https://www.radianceclinics.com/doctor-answers/when-widening-part-needs-assessment,0,4,0%,8.5
https://www.radianceclinics.com/knowledge/how-to-plan-hair-restoration,0,4,0%,15.25
https://www.radianceclinics.com/doctor-answers/why-acne-after-shaving,0,4,0%,22.25
https://www.radianceclinics.com/concerns/hair-loss-scalp/sudden-hair-shedding,0,4,0%,24
https://www.radianceclinics.com/concerns/acne-scars/post-acne-red-marks,0,4,0%,39.75
https://www.radianceclinics.com/treatment/acne-scars/erbium-fiber-laser/,0,4,0%,47.75
https://www.radianceclinics.com/post/is-hair-restoration-worth-the-investment/,0,4,0%,52.25
https://www.radianceclinics.com/concerns/hair-loss-scalp/alopecia-areata,0,4,0%,72.5
https://www.radianceclinics.com/treatment/acne-treatment/acne-erase/,0,4,0%,79.5
https://www.radianceclinics.com/conditions/ingrowing-toe-nails/,0,4,0%,108.75
https://www.radianceclinics.com/treatment/anti-ageing-therapies/hyaluronic-acid-therapy/,0,3,0%,2.33
https://www.radianceclinics.com/doctor-answers,0,3,0%,7.67
https://www.radianceclinics.com/doctor-answers/tan-vs-pigmentation,0,3,0%,8.33
https://www.radianceclinics.com/doctor-answers/laser-hair-reduction-safe-darker-skin,0,3,0%,19
https://www.radianceclinics.com/knowledge/hair-transplant-aftercare,0,3,0%,29.33
https://www.radianceclinics.com/concerns/aging-aesthetics/skin-laxity,0,3,0%,93
https://www.radianceclinics.com/treatment/non-surgical-facial-enhancements/nose-enhancement/,0,3,0%,113.67
https://www.radianceclinics.com/blogs/page/12/,0,2,0%,4
https://www.radianceclinics.com/post/aging-gracefully-with-botox-how-it-can-enhance-your-natural-beauty/,0,2,0%,5
https://www.radianceclinics.com/post/experience-natural-looking-hair-with-hair-patch/,0,2,0%,5.5
https://www.radianceclinics.com/hair-regrowth-treatment/,0,2,0%,6
https://www.radianceclinics.com/blogs/page/10/,0,2,0%,6.5
https://www.radianceclinics.com/concerns/hair-transplant/shock-loss,0,2,0%,6.5
https://www.radianceclinics.com/concerns/scars-stretch-marks/traumatic-scars,0,2,0%,8
https://www.radianceclinics.com/doctor-answers/can-hair-transplant-work-weak-donor,0,2,0%,9.5
https://www.radianceclinics.com/post/the-ultimate-guide-to-body-hair-removal-in-odishas-aesthetic-hub/,0,2,0%,13
https://www.radianceclinics.com/doctor-answers/laser-hair-reduction-permanent,0,2,0%,16
https://www.radianceclinics.com/post/is-hair-transplant-the-right-solution-for-you-a-complete-guide-on-hair-transplant/,0,2,0%,21
https://www.radianceclinics.com/post/how-facial-fillers-can-enhance-your-natural-beauty/,0,2,0%,23.5
https://www.radianceclinics.com/post/certain-myths-about-hair-transplants-for-young-men/,0,2,0%,37.5
https://www.radianceclinics.com/concerns/pigmentation/lip-pigmentation,0,2,0%,69
https://www.radianceclinics.com/concerns/hair-transplant/post-transplant-shedding,0,2,0%,72
https://www.radianceclinics.com/doctor-answers/why-skin-dull-despite-skincare,0,2,0%,76
https://www.radianceclinics.com/treatment/anti-ageing-therapies/thread-lift/,0,2,0%,83.5
https://www.radianceclinics.com/post/top-hair-transplant-methods-achieve-natural-long-lasting-results/,0,2,0%,87
https://www.radianceclinics.com/post/hair-transplants-what-to-expect/,0,2,0%,87.5
https://www.radianceclinics.com/post/hair-loss-and-hair-thinning/,0,2,0%,93.5
https://www.radianceclinics.com/concerns/aging-aesthetics/under-eye-bags,0,1,0%,1
https://www.radianceclinics.com/concerns/other-skin-concerns/moles-and-warts,0,1,0%,1
https://www.radianceclinics.com/post/essential-skincare-tips-and-advice-from-dermatologists/,0,1,0%,1
https://www.radianceclinics.com/concerns/hair-transplant/donor-area-thinning,0,1,0%,4
https://www.radianceclinics.com/post/understanding-male-specific-skin-concerns-expert-insights-and-solutions/,0,1,0%,4
https://www.radianceclinics.com/treatment/,0,1,0%,5
https://www.radianceclinics.com/doctor-answers/can-sunscreen-prevent-pigmentation-returning,0,1,0%,6
https://www.radianceclinics.com/knowledge/hair-transplant-cost-factors,0,1,0%,6
https://www.radianceclinics.com/post/is-it-possible-to-stop-saving-unwanted-hair/,0,1,0%,7
https://www.radianceclinics.com/conditions/pigmentation-melasma,0,1,0%,8
https://www.radianceclinics.com/post/locks-of-elegance-where-to-find-quality-hair-wigs/,0,1,0%,9
https://www.radianceclinics.com/post/top-5-ways-the-millennial-use-for-better-hair-and-skin/,0,1,0%,9
https://www.radianceclinics.com/privacy-policy,0,1,0%,9
https://www.radianceclinics.com/concerns/scars-stretch-marks/stretch-marks,0,1,0%,10
https://www.radianceclinics.com/concerns/hair-transplant/graft-number-planning,0,1,0%,11
https://www.radianceclinics.com/post/ଲେଜର-ହେୟାର-ରିମୁଭାଲ୍-ର-ଉପକ/,0,1,0%,11
https://www.radianceclinics.com/knowledge/laser-hair-reduction-expectations,0,1,0%,12
https://www.radianceclinics.com/post/why-a-hair-wig-is-an-ideal-solution-for-hair-loss/,0,1,0%,12
https://www.radianceclinics.com/post/tackling-hair-loss-a-guide-to-top-notch-hair-transplant-clinics/,0,1,0%,30
https://www.radianceclinics.com/post/stubborn-acne-care-with-proven-medical-options/,0,1,0%,31
https://www.radianceclinics.com/concerns/laser-hair-reduction/laser-hair-removal-dark-skin,0,1,0%,50
https://www.radianceclinics.com/concerns/hair-loss-scalp/hair-thinning,0,1,0%,53
https://www.radianceclinics.com/doctor-answers/why-hair-grows-back-after-laser,0,1,0%,56
https://www.radianceclinics.com/concerns/scars-stretch-marks/raised-scars-keloids,0,1,0%,66
https://www.radianceclinics.com/doctor-answers/how-many-sessions-acne-scars,0,1,0%,73
https://www.radianceclinics.com/doctor-answers/when-wash-hair-after-transplant,0,1,0%,75
https://www.radianceclinics.com/post/why-radiance-skin-and-hair-clinics-is-the-best-hair-loss-clinic-in-bhubaneswar/,0,1,0%,76
https://www.radianceclinics.com/concerns/hair-loss-scalp/itchy-scalp,0,1,0%,81
https://www.radianceclinics.com/treatment/acne-treatment/acne-check-peel/,0,1,0%,179