Top queries,Clicks,Impressions,CTR,Position
radiance skin & hair clinics,55,924,5.95%,5.92
radiance clinic,37,677,5.47%,11.76
radiance clinic bhubaneswar,20,309,6.47%,1.5
hair transplant in bhubaneswar,17,631,2.69%,8.41
hair transplant bhubaneswar,11,346,3.18%,6.61
radiance skin and hair clinic bhubaneswar,11,70,15.71%,1.23
radiance skin clinic,6,154,3.9%,16.73
dr satyarth prakash,6,26,23.08%,2.81
best hair transplant in bhubaneswar,5,330,1.52%,15.91
best hair transplant clinic in bhubaneswar,5,281,1.78%,9.4
radiance hair transplant,4,116,3.45%,36.48
hair doctor bhubaneswar,3,278,1.08%,4.93
hair specialist doctor in bhubaneswar,3,215,1.4%,8.23
laser hair removal bhubaneswar,3,188,1.6%,8.84
radiance hair clinic,3,145,2.07%,33.55
hair clinic bhubaneswar,3,141,2.13%,2.96
radiance,3,123,2.44%,6.5
hair patch in bhubaneswar,3,113,2.65%,5.46
radiance bhubaneswar,3,68,4.41%,1
prp treatment in bhubaneswar,3,63,4.76%,3.9
services offered by radiance skin & hair clinics,3,42,7.14%,1.93
hair specialist in bhubaneswar,2,224,0.89%,10.91
best hair clinic in bhubaneswar,2,166,1.2%,13.57
laser hair removal in bhubaneswar,2,149,1.34%,15.3
aesthetic clinic bhubaneswar,2,41,4.88%,7.78
best prp treatment in bhubaneswar,2,37,5.41%,3.62
microblading eyebrows in bhubaneswar,2,31,6.45%,2.39
radiance skin & hair clinics bhubaneswar,2,21,9.52%,1.19
radiance clinic bbsr,2,19,10.53%,1.11
dr satyartha prakash,2,19,10.53%,2.05
lip laser treatment cost in bhubaneswar,2,16,12.5%,6.19
hair transplant clinic in bhubaneswar,1,340,0.29%,11.17
hair treatment in bhubaneswar,1,331,0.3%,12.39
best hair doctor in bhubaneswar,1,317,0.32%,5.97
radiance skin & hair clinics reviews,1,256,0.39%,7.37
hair clinic in bhubaneswar,1,238,0.42%,22.61
top 10 skin specialist in bhubaneswar,1,229,0.44%,8.15
best hair specialist in bhubaneswar,1,181,0.55%,11.06
radiance skin & hair clinics photos,1,167,0.6%,2.72
best dermatologist bhubaneswar,1,156,0.64%,6.87
radiance skin and hair clinic,1,130,0.77%,16.25
skin clinic bhubaneswar,1,126,0.79%,10.29
hair doctor near me,1,115,0.87%,7.05
radiant clinic,1,112,0.89%,20.68
best hair treatment in bhubaneswar,1,88,1.14%,8.26
skin doctor bhubaneswar,1,81,1.23%,14.4
hydra facial in bhubaneswar,1,80,1.25%,15.44
best hair transplant near me,1,78,1.28%,5.15
bhubaneswar hair transplant clinic,1,75,1.33%,2.4
tattoo removal bhubaneswar,1,57,1.75%,6.63
radiance hair and skin clinic,1,57,1.75%,27.09
hair transplant,1,53,1.89%,5.08
radiance skin & hair clinic,1,53,1.89%,35.74
prp treatment,1,50,2%,2.42
glutathione treatment in bhubaneswar,1,47,2.13%,22.23
hair transplant in odisha,1,45,2.22%,3.47
best hair patch in bhubaneswar,1,40,2.5%,6.88
skin radiance clinic,1,38,2.63%,36.03
gfc treatment in bhubaneswar,1,34,2.94%,3.41
hair patch service in bhubaneswar,1,31,3.23%,2.39
best doctor for hair treatment in bhubaneswar,1,30,3.33%,12.4
best hair transplant clinic in odisha,1,29,3.45%,3.83
hair treatment berhampur,1,29,3.45%,5.55
pseudoacanthosis nigricans,1,29,3.45%,11.52
best hair fall doctor in bhubaneswar,1,28,3.57%,3.82
bhubaneswar best hair doctor,1,27,3.7%,7.52
hair wig in bhubaneswar,1,25,4%,6.16
best hair treatment clinic in bhubaneswar,1,23,4.35%,6.43
clinics in bhubaneswar,1,23,4.35%,9.7
best laser hair removal in bhubaneswar,1,21,4.76%,4.29
hair laser removal,1,20,5%,2.1
hair transplant in cuttack,1,18,5.56%,5.11
cosmetologist in bhubaneswar,1,17,5.88%,6.94
wart removal bhubaneswar,1,15,6.67%,3.53
odisha hair transplant clinic,1,15,6.67%,5.53
laser hair reduction treatment,1,15,6.67%,31.4
hair doctor angul,1,12,8.33%,5.58
best hair dermatologist in bhubaneswar,1,11,9.09%,3.91
prp treatment near me,1,10,10%,4.8
best dermatologist for hair in bhubaneswar,1,9,11.11%,2.56
best prp treatment near me,1,9,11.11%,5.78
best dermat in bhubaneswar,1,8,12.5%,5.75
hair laser treatment,1,8,12.5%,8.12
weight loss doctor near me,1,8,12.5%,10.38
glutathione iv drip bhubaneswar,1,7,14.29%,3
skin treatment bhubaneswar,1,7,14.29%,6.29
hair and skin clinic,1,7,14.29%,9.14
hair wig for men in bhubaneswar,1,6,16.67%,6
in bbsr,1,4,25%,3.25
best skin specialist in bhubaneswar odisha,1,4,25%,4.75
laser clinic near me,1,4,25%,9
dermatologist for hair fall,1,3,33.33%,1
top hair transplant clinic in india,1,3,33.33%,1.67
photorejuvenation treatment,1,3,33.33%,2.33
hair transplant in bhubaneswar price list,1,3,33.33%,5.33
mole laser removal near me,1,3,33.33%,6.33
mole removal centre near me,1,3,33.33%,6.67
best,1,2,50%,2
face laser treatment near me,1,2,50%,5
places to buy wigs near me,1,2,50%,11.5
best skin clinic in india,1,1,100%,1
eyebrow micropigmentation near me,1,1,100%,1
hair care doctor name,1,1,100%,1
"india, odisha",1,1,100%,1
top rated,1,1,100%,1
best doctor,1,1,100%,2
hydra facial around me,1,1,100%,2
laser hair removal places,1,1,100%,6
best hair care clinic,1,1,100%,10
radiant bhubaneswar,1,1,100%,11
best rhinoplasty surgeon in odisha,1,1,100%,14
hair regrowth doctor,1,1,100%,25
pediatrician bhubaneswar,1,1,100%,141
laser hair removal,0,1424,0%,3.33
gfc treatment,0,1147,0%,7.48
skin doctor,0,814,0%,33.68
best dermatologist in bhubaneswar,0,531,0%,6.31
closed comedones,0,370,0%,10.98
skin radiance,0,350,0%,3.19
best skin doctor in bhubaneswar,0,313,0%,9.01
skin care doctor,0,312,0%,27.52
dermatologist in bhubaneswar,0,288,0%,8.72
skincare doctor,0,180,0%,28.08
hair removal treatment,0,174,0%,53.76
radiant skin clinic,0,170,0%,34.42
acne prone skin,0,151,0%,27.43
hair doctor in bhubaneswar,0,135,0%,8.44
hair doctor kolkata,0,132,0%,5.92
acne check,0,118,0%,9.28
laser treatment in bhubaneswar,0,116,0%,12.24
hair specialist,0,116,0%,61.91
skin clinic in bhubaneswar,0,115,0%,13.53
dandruff treatment,0,114,0%,5.05
gfc procedure,0,111,0%,6.49
dermatologist bhubaneswar,0,109,0%,9.98
ฉีด gfc ผม,0,108,0%,47.27
gfc กระตุ้นรากผม,0,108,0%,53.9
radiance skin,0,103,0%,10.91
skin clinic near me,0,98,0%,8.8
hair removal laser,0,95,0%,1
hair transplant in kolkata,0,95,0%,41.07
hair transplant clinic in kolkata,0,92,0%,38.42
skin care doctors,0,88,0%,48.1
skin doctors,0,85,0%,48.38
skin specialist in bhubaneswar,0,84,0%,14.25
top 10 hair transplant in bhubaneswar,0,83,0%,7.71
dermatologist near me,0,82,0%,11.46
hair transplant clinic near me,0,79,0%,3.96
hair transplant cost in bhubaneswar,0,76,0%,26.7
hair prp treatment in bhubaneswar,0,70,0%,11.36
best skin clinic in bhubaneswar,0,70,0%,12.04
best hair transplant in kolkata,0,69,0%,19.51
hair clinic near me,0,68,0%,7.19
dermal fillers treatment in bhubaneswar,0,68,0%,21.97
botox treatment in bhubaneswar,0,66,0%,16.55
hair clinic,0,65,0%,33.32
best skin specialist in bhubaneswar,0,64,0%,8.33
site:www.radianceclinics.com,0,61,0%,61.66
hair transplant candidates,0,61,0%,74.77
hair transplant clinic in odisha,0,59,0%,1.46
skin care clinic bhubaneswar,0,59,0%,10.86
facial doctor,0,57,0%,7.07
best hair transplant in odisha,0,55,0%,2.84
hair doctor,0,55,0%,6.55
acne skin treatment in bhubaneswar,0,55,0%,14.82
skin and hair clinic bhubaneswar,0,54,0%,3.57
doctor skin,0,54,0%,14.83
bhubaneswar hair transplant,0,53,0%,17.08
laser treatment bhubaneswar,0,50,0%,6.62
hair patch service near me,0,50,0%,7.96
hair doctor cuttack,0,50,0%,10.8
ear piercing bhubaneswar,0,50,0%,11.44
gfc ผม,0,50,0%,36.44
hair transplant service bhubaneswar,0,49,0%,1.37
hair treatment bhubaneswar,0,49,0%,10.22
best hair restoration in odisha,0,48,0%,1.42
prp treatment for hair in bhubaneswar,0,48,0%,5.52
hair specialist doctor in berhampur,0,48,0%,6.21
hair specialist bhubaneswar,0,48,0%,6.85
hair doctor in berhampur,0,48,0%,7.52
skin care dr,0,48,0%,8.62
บำรุงผม gfc,0,48,0%,34.15
best laser treatment in bhubaneswar,0,47,0%,13.7
best dermatologist in bhubaneswar for hair,0,44,0%,2.8
aft treatment for hair,0,44,0%,7.36
chemical peeling cost,0,44,0%,11.75
best cosmetologist in bhubaneswar,0,44,0%,22.82
hair transplant near me,0,43,0%,4.98
best hair doctor in berhampur,0,43,0%,6.91
skin doctor near me,0,43,0%,7.53
nose piercing near me,0,43,0%,8.4
hair specialist doctor kolkata,0,43,0%,9.84
hair care after hair transplant,0,43,0%,79
deep acne scars,0,42,0%,25.4
derma radiance skin & hair clinic,0,41,0%,9.59
bio hair transplant,0,41,0%,13.61
how to reverse the signs of ageing,0,40,0%,56.35
hair restoration in bhubaneswar,0,39,0%,1.54
hair transplantation in bhubaneswar,0,39,0%,5
hydra facial price in bhubaneswar,0,39,0%,8.82
piercing near me,0,39,0%,10.18
vitiligo treatment in bhubaneswar,0,39,0%,20.38
wart doctor,0,39,0%,59.77
radiance clinics,0,38,0%,9.37
best hair doctor in cuttack,0,38,0%,10.71
aft treatment,0,38,0%,18.32
check acne,0,37,0%,2.08
doctor facial,0,37,0%,3.65
bhubaneswar best hair transplant clinic,0,37,0%,5.27
best hair doctor near me,0,37,0%,6.76
hair specialist doctor near me,0,37,0%,8.22
laser hair removal near me,0,37,0%,8.27
laser hair removal cost in bhubaneswar,0,37,0%,21.11
hair fall treatment in bhubaneswar,0,36,0%,3.72
vampire facial in bhubaneswar,0,36,0%,7.86
dermal filler in bhubaneswar,0,36,0%,9.64
vampire facial treatment in bhubaneswar,0,36,0%,10.89
pigmentation treatment in bhubaneswar,0,36,0%,15.89
gfc,0,35,0%,26.83
best hair transplant clinic in kolkata,0,35,0%,33.54
dermatologist wart removal,0,35,0%,73.6
best hair transplant clinic near me,0,34,0%,1.94
lice treatment in bhubaneswar,0,34,0%,2.62
hair doctor berhampur,0,34,0%,7.88
exosomes treatment in bhubaneswar,0,34,0%,38
skin treatment doctor,0,34,0%,39.62
radiance skin and hair care,0,34,0%,53.79
skin doctor in bhubaneswar,0,33,0%,15.3
skin specialist bhubaneswar,0,33,0%,17.33
trichologist bhubaneswar,0,32,0%,1.19
best hair treatment doctor in bhubaneswar,0,32,0%,5.5
laser hair removal treatment in bhubaneswar,0,32,0%,8.59
top 10 skin specialist in odisha,0,32,0%,9.09
carbon facial in bhubaneswar,0,32,0%,15.06
botox treatment,0,32,0%,24.41
scarring alopecia,0,32,0%,91.44
laser for hair removal,0,31,0%,1.35
laser treatment price in bhubaneswar,0,31,0%,1.87
skin clinic,0,31,0%,5.9
best skin doctor bhubaneswar,0,31,0%,9.65
anti aging treatment in bhubaneswar,0,31,0%,18.26
traya bhubaneswar,0,30,0%,3.37
best dermatologist in odisha,0,30,0%,7.53
hair fall doctor near me,0,30,0%,8.47
aft laser,0,30,0%,26.77
radiant hair transplant clinic,0,30,0%,37.83
hair rejuvenation treatment,0,30,0%,66.73
radiance salon,0,29,0%,8.17
face clinic,0,29,0%,8.72
rupam clinic,0,29,0%,26.45
zap laser,0,29,0%,29.34
platelet rich plasma in hair treatment in bhubaneswar,0,29,0%,30.31
radiance skin antiaging & hair transplant clinic,0,29,0%,36.83
radiance hair and sk,0,29,0%,52.93
trichologist near me,0,28,0%,6.5
skin care clinic in bhubaneswar,0,28,0%,10.54
hydrafacial in bhubaneswar,0,28,0%,12.68
best skin care clinic in bhubaneswar,0,28,0%,13.61
gfc hair treatment,0,28,0%,23.25
doctor skin care,0,28,0%,39.93
skin booster treatment in bhubaneswar,0,28,0%,43.75
hair specialist doctor,0,27,0%,5.81
best hair doctor in balasore,0,27,0%,7.04
lip pigmentation treatment,0,27,0%,7.93
who is the best skin specialist in bhubaneswar,0,27,0%,8.67
radiance skin care,0,27,0%,25.11
bhubaneswar hair doctor,0,26,0%,5.58
skin and hair clinic near me,0,26,0%,6.88
mole removal bhubaneswar,0,26,0%,7.23
laser treatment,0,26,0%,9.81
hair specialist in sambalpur,0,26,0%,10.08
laser tattoo removal treatment in bhubaneswar,0,26,0%,28.42
hydra facial bhubaneswar,0,25,0%,7.16
dermatologist,0,25,0%,8.48
best dermatologist near me,0,25,0%,9.8
co2 laser treatment in bhubaneswar,0,25,0%,11.24
piercing shops near me,0,25,0%,11.28
hair treatment in kolkata,0,25,0%,12.88
is laser hair removal permanent,0,25,0%,31.44
acne scar treatment,0,25,0%,59.8
forehead lines,0,25,0%,79.28
lice treatment parlour in bhubaneswar,0,24,0%,1.75
bhubaneswar,0,24,0%,2.92
hair dermatologist near me,0,24,0%,8.96
best hair doctor in odisha,0,23,0%,6.57
piercing bhubaneswar,0,23,0%,8.91
laser vs waxing,0,23,0%,18.13
doctors skin care,0,23,0%,29.35
painless wart removal,0,22,0%,1.91
hair transplant in berhampur,0,22,0%,5.73
berhampur hair doctor,0,22,0%,7.09
best skin care clinic in odisha,0,22,0%,11.64
gfc treatment for hair loss,0,22,0%,13.18
best hair clinic in kolkata,0,22,0%,25.27
hydrafacial treatment in bhubaneswar,0,22,0%,26.77
hair transplant kolkata,0,22,0%,40.55
laser women,0,21,0%,1.24
hair transplant in sambalpur,0,21,0%,4.38
best skin specialist bhubaneswar,0,21,0%,7.95
gfc therapy,0,21,0%,11
doctor for face skin,0,21,0%,13.62
hair clinic in kolkata,0,21,0%,29.43
can you reverse signs of aging,0,21,0%,72.38
hair fall treatment,0,20,0%,3.25
hair doctor in angul,0,20,0%,5.1
hair specialist near me,0,20,0%,6.95
gfc meaning hair,0,20,0%,7.5
tattoo removal in bhubaneswar,0,20,0%,9.05
what is radiance skin,0,20,0%,16.2
face skin doctor,0,20,0%,17.2
acne checker,0,20,0%,30.6
laser zap,0,20,0%,43.55
prp treatment for hair,0,19,0%,1.68
yes,0,19,0%,3.21
hair dermatologist in bhubaneswar,0,19,0%,4.16
best hydra facial in bhubaneswar,0,19,0%,4.42
trichologist in bhubaneswar,0,19,0%,5.79
best dermatologist in bbsr,0,19,0%,7.05
skin clinic nayapalli,0,19,0%,8.21
hair treatment,0,19,0%,8.79
hair patch bhubaneswar,0,19,0%,9.05
what is bio hair,0,19,0%,9.05
wart removal clinic near me,0,19,0%,9.16
best hair specialist in cuttack,0,19,0%,9.32
skin whitening treatment in bhubaneswar,0,19,0%,9.42
clinic bhubaneswar,0,19,0%,10.74
skin laser clinic near me,0,19,0%,13.47
laser tattoo removal in bhubaneswar,0,19,0%,13.95
trichologist,0,18,0%,2.22
nearby hair transplant clinic,0,18,0%,2.83
best skin clinic bhubaneswar,0,18,0%,7.44
best doctor for hair loss treatment in bhubaneswar,0,18,0%,7.67
hair treatment doctor near me,0,18,0%,7.72
best plastic surgeon in bhubaneswar,0,18,0%,10.83
keloid treatment in bhubaneswar,0,18,0%,33.11
body hair transplant,0,18,0%,74.94
prp hair treatment,0,17,0%,2
top dermatologist in bhubaneswar,0,17,0%,6.24
hair patch price in bhubaneswar,0,17,0%,6.88
best hair doctor in sambalpur,0,17,0%,9.24
piercing in bhubaneswar,0,17,0%,9.29
hair doctor balasore,0,17,0%,10.06
lip vitiligo permanent treatment,0,17,0%,10.88
co2 laser treatment near me,0,17,0%,13.53
facial skin doctor,0,17,0%,30.47
best hair transplant kolkata,0,17,0%,34.12
non surgical hair transplant in kolkata,0,17,0%,44.06
prp treatment bhubaneswar,0,16,0%,2.38
bbsr hair transplant clinic,0,16,0%,3.44
trichoscopy test near me,0,16,0%,3.69
best dermatologist in bhubaneswar for skin,0,16,0%,6.44
berhampur hair treatment,0,16,0%,6.69
bhubaneswar hair patch,0,16,0%,7.06
skin doctor nayapalli,0,16,0%,7.38
laser treatment near me,0,16,0%,7.81
laser treatment for face,0,16,0%,8.12
hair specialist in balasore,0,16,0%,8.5
bio hair,0,16,0%,10.19
roots restore,0,16,0%,11.25
doctor skincare,0,16,0%,13.19
kolkata best hair transplant clinic,0,16,0%,17.88
prp hair treatment near me,0,16,0%,19.5
closed comedone,0,16,0%,20.88
growth factor therapy,0,16,0%,52.06
reverse the signs of aging,0,16,0%,64.81
bhubaneswar hair clinic,0,15,0%,2.73
hair transplant cost,0,15,0%,3.07
painless warts removal,0,15,0%,4.2
cosmetic clinic in bhubaneswar,0,15,0%,4.67
lip pigmentation laser treatment price near me,0,15,0%,5.4
skin care clinic near me,0,15,0%,5.93
skin treatment near me,0,15,0%,6
close comedones,0,15,0%,9.53
hair treatment near me,0,15,0%,10.33
laser toning treatment in bhubaneswar,0,15,0%,16.93
chest hair restoration in kolkata,0,15,0%,37.93
best hair transplant center in bhubaneswar,0,15,0%,50.53
growth factor hair,0,15,0%,53.8
open pore treatment,0,15,0%,83.6
radiance hair clinic bhubaneswar,0,14,0%,1
permanent treatment,0,14,0%,4.43
best hydrafacial in bhubaneswar,0,14,0%,5.79
bhubaneswar laser treatment,0,14,0%,6.21
hydrafacial bhubaneswar,0,14,0%,6.29
hair wig shop in bhubaneswar,0,14,0%,6.79
hair fall doctor,0,14,0%,7.29
hair clinic berhampur,0,14,0%,8
waxing vs laser hair reduction,0,14,0%,16.14
scalp micropigmentation clinic,0,14,0%,18.79
chemical peeling treatment in bhubaneswar,0,14,0%,19.43
growth factor concentrate for hair,0,14,0%,23.5
diode laser hair removal in newtown,0,14,0%,50.21
slimming treatment,0,14,0%,55.57
hair regrowth therapy,0,14,0%,78.5
what causes lines on neck,0,14,0%,78.93
forehead line,0,14,0%,82.71
best trichologist in bhubaneswar,0,13,0%,2.77
best hair transplant clinic bhubaneswar,0,13,0%,3.77
hair treatment doctor,0,13,0%,4.92
best dermatology doctor in bhubaneswar,0,13,0%,7.46
hair botox treatment price in bhubaneswar,0,13,0%,7.85
bio treatment for hair,0,13,0%,9
bhatudi treatment in bhubaneswar,0,13,0%,9.23
dermatologist in bbsr,0,13,0%,9.31
skin treatment in bhubaneswar,0,13,0%,9.31
skin and hair doctor near me,0,13,0%,9.46
hair specialist doctor in kolkata,0,13,0%,10.08
hair treatment kolkata,0,13,0%,10.08
do people regret hair transplants,0,13,0%,10.15
hair wig shop near me,0,13,0%,10.23
rolling acne scars,0,13,0%,30.46
hair treatment clinic in kolkata,0,13,0%,35.08
hair growth factor treatment,0,13,0%,38.69
beard transplant clinic in kolkata,0,13,0%,42.69
dermatology certificate,0,13,0%,44.08
new radiance,0,13,0%,53.31
radiance elite,0,13,0%,62.77
bioregeneratieve haartherapie,0,13,0%,73.92
scarring hair loss,0,13,0%,80.31
why does melasma come back after treatment,0,13,0%,87.54
laser hair remover,0,12,0%,1
lazer hair removal,0,12,0%,1
radiant clinic near me,0,12,0%,4.17
dermatologist for hair loss near me,0,12,0%,5.5
good dermatologist in bhubaneswar,0,12,0%,6.92
zap treatment,0,12,0%,9.5
hair treatment sambalpur,0,12,0%,9.83
hair doctor in cuttack,0,12,0%,11.5
waxing and laser hair removal,0,12,0%,16.08
uneven skin tone,0,12,0%,63.08
cheap hair transplant risks,0,12,0%,64.33
skin doctor treatment,0,12,0%,81.67
pain free wart removal,0,11,0%,1
radience,0,11,0%,6.27
carbon laser treatment price in bhubaneswar,0,11,0%,6.45
radiance salon near me,0,11,0%,7.27
electrolysis hair removal near me,0,11,0%,8.27
best hair clinic near me,0,11,0%,8.36
gfc therapy for hair,0,11,0%,9.45
hair clinic kolkata,0,11,0%,9.45
face laser treatment,0,11,0%,10.27
hair specialist doctor in cuttack,0,11,0%,10.73
hydrafacial price in bhubaneswar,0,11,0%,10.82
what is gfc treatment,0,11,0%,11.55
hair transplant in rourkela,0,11,0%,12.27
hydra facial in bhubaneswar price,0,11,0%,13
hair ka doctor,0,11,0%,15.55
hair tansplant,0,11,0%,17.36
aqua skin whitening injection,0,11,0%,19.82
facial treatments,0,11,0%,21.91
aft laser treatment,0,11,0%,27.09
radiance near me,0,11,0%,32
eye facial,0,11,0%,32.36
radiance ayurveda,0,11,0%,50.91
how long do powder brows last,0,11,0%,53.55
rolling scars,0,11,0%,63.27
hair transplant specialist,0,11,0%,80.91
laser removal of hair,0,10,0%,1
hair transplant bbsr,0,10,0%,3.2
lice treatment,0,10,0%,3.3
in bhubaneswar,0,10,0%,3.4
lice treatment near me,0,10,0%,4.6
dermatologist in bhubaneswar near me,0,10,0%,5.8
wig shop bhubaneswar,0,10,0%,7.1
hydrafacial near me,0,10,0%,8.1
tattoo removal near me,0,10,0%,9
best skin doctor in odisha,0,10,0%,10.7
top skin specialist in bhubaneswar,0,10,0%,11.1
gfc hair treatment near me,0,10,0%,14.4
what is gfc,0,10,0%,16
weight loss treatment near me,0,10,0%,16.2
skin specialist near me,0,10,0%,16.3
hair loss affecting confidence,0,10,0%,16.9
laser hair reduction,0,10,0%,18.7
wart removal professional,0,10,0%,23.9
hair transplant cost bhubaneswar,0,10,0%,26.8
microblading eyebrows cost,0,10,0%,38.8
how many sessions of prp are usually needed,0,10,0%,50.5
post acne hyperpigmentation,0,10,0%,87.3
strands of meaning: hair and the making of the self,0,10,0%,92.1
how effective is gfc for hair growth,0,9,0%,1
hair transplant cost in odisha,0,9,0%,2
hair plantation near me,0,9,0%,2.11
hair prp treatment,0,9,0%,2.22
prp treatment cost,0,9,0%,2.44
prp hair treatment in bhubaneswar,0,9,0%,3.56
grey hair treatment,0,9,0%,4.11
prp treatment cost in bhubaneswar,0,9,0%,5.33
hair patch near me,0,9,0%,5.44
lice treatment parlour near me,0,9,0%,5.44
hair treatment clinic near me,0,9,0%,5.67
best dermatologist,0,9,0%,6
hair hospital near me,0,9,0%,6.22
dermatologist for hair fall near me,0,9,0%,6.56
dermatologist for hair loss,0,9,0%,6.56
bhubaneswar dermatologist,0,9,0%,7.78
lip laser treatment near me,0,9,0%,8.22
best hair transplant surgeon in bhubaneswar,0,9,0%,8.44
laser treatment for skin,0,9,0%,8.89
piercing studio near me,0,9,0%,10.44
pseudoacanthosis,0,9,0%,10.89
smp micropigmentation near me,0,9,0%,12.11
hair transplant regret,0,9,0%,13.33
bio fue hair transplant,0,9,0%,14
growth factor concentrate hair treatment,0,9,0%,16.67
beauty clinic,0,9,0%,17
skin treatments,0,9,0%,17.22
gfc hair therapy,0,9,0%,20.11
anti aging fillers,0,9,0%,40.78
fillers,0,9,0%,44.22
psoriasis treatment in bhubaneswar,0,9,0%,52.33
why do i have neck lines,0,9,0%,76.56
traya in bhubaneswar,0,8,0%,1.5
kaya skin clinic bhubaneswar,0,8,0%,1.62
hair removal by laser,0,8,0%,2.38
lip lightening treatment,0,8,0%,4.25
glutathione treatment,0,8,0%,4.38
lice treatment in parlour near me,0,8,0%,4.75
microblading near me,0,8,0%,5.12
chemical peel treatment,0,8,0%,5.62
hair fall doctor in bhubaneswar,0,8,0%,5.88
doctor for face treatment,0,8,0%,6.25
skin care hospital,0,8,0%,6.25
skin and hair clinic,0,8,0%,6.5
skin laser treatment near me,0,8,0%,6.62
lip laser treatment,0,8,0%,7.12
aesthetic skin clinic,0,8,0%,7.38
best dermatologist doctor in bhubaneswar,0,8,0%,7.38
best hair removal laser in bhubaneswar,0,8,0%,7.5
dermatologist near me for hair,0,8,0%,7.5
hair skin specialist near me,0,8,0%,7.75
radiance hair salon,0,8,0%,7.75
skin care clinic,0,8,0%,7.88
skin laser treatment,0,8,0%,8.25
best female dermatologist in bhubaneswar,0,8,0%,8.62
laser clinics near me,0,8,0%,8.62
hair care clinic near me,0,8,0%,8.88
scalp micropigmentation,0,8,0%,9.88
radiance skin antiaging and hair transplant clinic reviews,0,8,0%,10.25
radiance skin hair and laser clinic,0,8,0%,12.12
pseudo acanthosis nigricans,0,8,0%,12.88
weight loss treatment near you,0,8,0%,16.25
full body hair removal,0,8,0%,17.12
gfc treatment for hair,0,8,0%,17.5
radiance for skin,0,8,0%,20.62
skin treatment clinic,0,8,0%,24.88
aft laser hair removal,0,8,0%,32
how long does ombre brows last,0,8,0%,36.75
aft hair removal,0,8,0%,38.75
gloss clinic,0,8,0%,39.25
best hair and dental center in bhubaneswar,0,8,0%,44
face skin care doctor,0,8,0%,44.12
acne pigmentation,0,8,0%,44.38
piercing,0,8,0%,45.88
ultherapy,0,8,0%,47
acne scar removal treatment,0,8,0%,51.12
post acne pigmentation,0,8,0%,60.62
radiance skin & laser clinic,0,8,0%,64.88
female pattern hair loss,0,8,0%,66.12
beauty salon hair removal,0,8,0%,82.75
hyperpigmentation from acne,0,8,0%,92.25
hair transplant centre near me,0,7,0%,1.71
microblading eyebrows near me,0,7,0%,2.71
hair transplant clinic,0,7,0%,3.14
bhubaneswar hair specialist,0,7,0%,3.43
prp therapy,0,7,0%,3.71
best skin treatment in bhubaneswar,0,7,0%,3.86
hifu treatment near me,0,7,0%,4
root restore therapy,0,7,0%,4.43
hair care doctor near me,0,7,0%,4.57
skin perfect clinic bhubaneswar,0,7,0%,5.43
leisure treatment,0,7,0%,5.57
nipple piercing near me,0,7,0%,5.71
gfc treatment near me,0,7,0%,5.86
bhubaneswar best dermatologist,0,7,0%,7.29
hairfall doctors near me,0,7,0%,7.43
acne scar treatment near me,0,7,0%,7.71
coolsculpting near me,0,7,0%,7.71
balasore hair specialist doctor,0,7,0%,8.86
aesthetic doctor,0,7,0%,9
radiant salon,0,7,0%,9
best hair treatment doctor near me,0,7,0%,9.14
skin care near me,0,7,0%,10.14
hair doctor sambalpur,0,7,0%,10.43
best clinic bhubaneswar,0,7,0%,10.71
hair fix bhubaneswar,0,7,0%,10.71
best skin doctor near me,0,7,0%,11.71
"radiance skin, hair & cosmetic center",0,7,0%,13
scalp micropigmentation near me,0,7,0%,13.57
exosome mesotherapy treatment in bhubaneswar,0,7,0%,15.57
hair doctor in kolkata,0,7,0%,17.86
lip vitiligo treatment,0,7,0%,18
how many prp sessions are needed for hair,0,7,0%,18.14
gluthathione treatment in bhubaneswar,0,7,0%,18.43
vitiligo surgery treatment in bhubaneswar,0,7,0%,21.86
best aesthetic physician in bhubaneswar,0,7,0%,26.43
beauty clinic treatments,0,7,0%,31.43
hair transplant in raipur,0,7,0%,38.43
vitiligo surgery in bhubaneswar,0,7,0%,43.29
lip colouring treatment,0,7,0%,45
under eye treatment near me,0,7,0%,48
doctor in skin,0,7,0%,48.86
professional wart removal,0,7,0%,52.86
chemical face peel,0,7,0%,54.71
skinhance,0,7,0%,55.43
best hair transplant for women,0,7,0%,60
reason for open pores,0,7,0%,73.71
white stretch marks,0,7,0%,75.71
botox treatment near me,0,6,0%,1
is gfc treatment effective,0,6,0%,1
prp treatment for face,0,6,0%,1.67
best skin and hair doctor in bhubaneswar,0,6,0%,2.83
chemical peel before and after,0,6,0%,2.83
hair loss treatment,0,6,0%,3
best eyebrow transplant near me,0,6,0%,3.5
hair specialist doctor in angul,0,6,0%,4.17
lip pigmentation treatment near me,0,6,0%,4.33
hair transplant in bhubaneswar cost,0,6,0%,5
earlobe repair near me,0,6,0%,5.5
odisha best dermatologist doctor,0,6,0%,5.5
skin treatment clinic near me,0,6,0%,5.5
hair replacement near me,0,6,0%,6
hair consultant near me,0,6,0%,6.17
hair fall treatment doctor near me,0,6,0%,6.5
cosmetic clinic near me,0,6,0%,6.67
face laser,0,6,0%,6.67
skin treatment,0,6,0%,7
ear hole repair without surgery near me,0,6,0%,7.33
gfc injection for hair growth,0,6,0%,7.5
hair wig near me,0,6,0%,7.5
rhinoplasty in bhubaneswar,0,6,0%,7.5
skin scan clinic,0,6,0%,7.5
best dermatologist in bhubaneswar for face,0,6,0%,7.83
piercing doctor near me,0,6,0%,8.17
balo ka doctor near me,0,6,0%,8.33
best dermatology in bhubaneswar,0,6,0%,8.33
hair fall treatment near me,0,6,0%,8.67
hair and skin clinic near me,0,6,0%,8.83
eugenix bhubaneswar,0,6,0%,9
skin pixel clinic,0,6,0%,9.33
best skin specialist in odisha,0,6,0%,9.5
best skin doctor in bbsr,0,6,0%,9.67
gfc means in hair,0,6,0%,9.67
wart treatment near me,0,6,0%,10
best skin hospital in bhubaneswar,0,6,0%,10.17
ear piercing in bhubaneswar,0,6,0%,10.5
nearby skin clinic,0,6,0%,10.5
hair transplant ka result kab tak aata hai,0,6,0%,10.67
place for piercings near me,0,6,0%,10.67
closed comedones causes,0,6,0%,11.17
hair specialist in rourkela,0,6,0%,11.17
face peeling treatment price,0,6,0%,12.83
best plastic surgeon in odisha,0,6,0%,13.33
radiant hair clinic,0,6,0%,16.33
how to buy a wig,0,6,0%,16.83
prp treatment for hair thinning,0,6,0%,17
what is gfc hair treatment,0,6,0%,19.5
density focused hair transplant,0,6,0%,19.67
dark circle treatment near me,0,6,0%,20.67
closed whiteheads,0,6,0%,21
growth factor concentrate treatment,0,6,0%,21
best hair treatment in kolkata,0,6,0%,22.5
gfc hair,0,6,0%,23.17
loss of confidence due to hair loss,0,6,0%,24.33
gfc after hair transplant,0,6,0%,26.17
best hair transplant clinic in vizag,0,6,0%,27.5
lip pigmentation treatment cost,0,6,0%,27.83
hair transplantation in vizag,0,6,0%,29.67
hydrafacial,0,6,0%,32.17
aft laser treatment reviews,0,6,0%,32.5
hair transplant in vizag,0,6,0%,39.17
how long do ombre brows last,0,6,0%,40.17
ultra high density hair transplant,0,6,0%,42
roots clinic,0,6,0%,43
keratin treatment price in bbsr,0,6,0%,49.83
weight loss clinic,0,6,0%,60.67
the best treatment for acne scars,0,6,0%,62.17
do powder brows fade completely,0,6,0%,67.5
neck lines causes,0,6,0%,67.5
liquid rhinoplasty in bhubaneswar,0,6,0%,73.5
hair treatments for hair growth,0,6,0%,77.67
causes of scarring alopecia,0,6,0%,86.83
what causes uneven skin pigmentation,0,6,0%,91.17
how many prp sessions are needed for hair growth,0,5,0%,1
painless wart,0,5,0%,2
kaya skin clinic,0,5,0%,2.2
hair transplant clinics near me,0,5,0%,2.4
hair fall,0,5,0%,2.6
prp price,0,5,0%,2.8
hair fall treatment doctor,0,5,0%,3.4
laser hair removal cost,0,5,0%,3.6
prp clinic near me,0,5,0%,3.6
microneedling bhubaneswar,0,5,0%,3.8
hair loss treatment near me,0,5,0%,4
nikki skincare,0,5,0%,4
best hair transplant clinic,0,5,0%,4.2
how gfc treatment works,0,5,0%,4.2
pigmentation treatment near me for face,0,5,0%,4.4
best clinic in bhubaneswar,0,5,0%,4.6
gfc hair treatment process,0,5,0%,4.6
full body laser hair removal,0,5,0%,4.8
near hair transplant clinic,0,5,0%,4.8
scalp treatment near me,0,5,0%,5
top rated dermatologist in bhubaneswar,0,5,0%,5.2
best hair doctor,0,5,0%,5.6
wig shop near me,0,5,0%,5.6
best hair clinic,0,5,0%,5.8
pigmentation treatment near me,0,5,0%,5.8
dermatologist bbsr,0,5,0%,6
nearest hair transplant,0,5,0%,6
good skin doctor in bhubaneswar,0,5,0%,6.2
hair hospital,0,5,0%,6.2
hair care centre near me,0,5,0%,6.6
hair loss treatment for women near me,0,5,0%,7
best hair treatment,0,5,0%,7.8
dermatologist hair specialist near me,0,5,0%,7.8
hair wig centre in bhubaneswar,0,5,0%,7.8
best skin specialist in bbsr,0,5,0%,8.2
bhubaneswar best skin doctor,0,5,0%,8.4
beauty clinic near me,0,5,0%,8.6
permanent eyebrows near me,0,5,0%,8.6
best laser treatment near me,0,5,0%,8.8
radiance laser,0,5,0%,9.8
microblading eyebrows cost near me,0,5,0%,10.4
scalp test near me,0,5,0%,10.4
warts removal near me,0,5,0%,10.6
kolkata hair transplant clinic,0,5,0%,10.8
needle piercing near me,0,5,0%,10.8
closed comedones on face,0,5,0%,11
closed comedones reasons,0,5,0%,11
janpath bhubaneswar clinics with phone number,0,5,0%,11
hair solution near me,0,5,0%,11.4
regret hair transplant,0,5,0%,11.4
for hair which doctor,0,5,0%,11.6
kolkata best hair doctor,0,5,0%,11.8
skin near me,0,5,0%,12
बालों का डॉक्टर,0,5,0%,12
body piercing,0,5,0%,13
face clinic bhubaneswar,0,5,0%,13.8
balo ka doctor,0,5,0%,15
hair regain treatment,0,5,0%,15.6
botox anti aging treatment,0,5,0%,15.8
laser treatment for hair removal,0,5,0%,16.4
permanent makeup clinic near me,0,5,0%,16.6
radiant skin and hair clinic,0,5,0%,17.6
slimming centre near me,0,5,0%,17.6
radience clinic,0,5,0%,18.6
bio fue technique,0,5,0%,19.4
microbotox treatment in bhubaneswar,0,5,0%,19.4
slimming clinic near me,0,5,0%,21.4
laser waxing,0,5,0%,21.6
plasma hair treatment near me,0,5,0%,21.8
plastic surgeon in bhubaneswar,0,5,0%,23.4
body reshaping doctor in bhubaneswar,0,5,0%,30.2
can laser hair removal be permanent,0,5,0%,30.6
dr skin care,0,5,0%,31.2
best hair transplant clinic in visakhapatnam,0,5,0%,31.8
hair aesthetic clinic,0,5,0%,36.8
solace hair transplant,0,5,0%,36.8
hair transplant cost in raipur,0,5,0%,37.4
tattoo removal service,0,5,0%,40.4
best acne scar treatment,0,5,0%,41.2
radiance hair studio,0,5,0%,41.6
under eye treatment,0,5,0%,41.6
neck lines,0,5,0%,46
radiance-boosting facials,0,5,0%,46.2
top 10 hair transplant clinic in kolkata,0,5,0%,49.2
laser clinic,0,5,0%,54.8
can hair be transplanted from body to head,0,5,0%,63.6
anti acne treatment,0,5,0%,72.4
hair transplant from body hair,0,5,0%,77.2
uneven skin color on body,0,5,0%,88.6
early scarring alopecia,0,5,0%,90.8
best hair restoration near me,0,4,0%,1
cfc treatment for hair,0,4,0%,1
hair transplant cost mumbai,0,4,0%,1
hair transplant doctors near me,0,4,0%,1
laser hair remove,0,4,0%,1
microblading eyebrow,0,4,0%,1
wide local excision in bhubaneswar,0,4,0%,1
doctor for hair fall,0,4,0%,1.25
check pimples,0,4,0%,1.75
prp therapy near me,0,4,0%,1.75
the skin radiance,0,4,0%,2
what is prp treatment,0,4,0%,2
lip blushing near me,0,4,0%,2.25
kaya clinic bhubaneswar,0,4,0%,2.5
laser hair removal for men,0,4,0%,3.25
radiance hair and skin,0,4,0%,3.25
derma clinics,0,4,0%,3.5
hydra facial clinic near me,0,4,0%,3.5
botox,0,4,0%,3.75
mesotherapy for hair,0,4,0%,3.75
radiance hair,0,4,0%,4
hair care specialist doctor near me,0,4,0%,4.25
in odisha,0,4,0%,4.25
face laser treatment price,0,4,0%,5
near skin clinic,0,4,0%,5
liposuction in bhubaneswar,0,4,0%,5.25
aqua skin iv,0,4,0%,5.5
best gfc treatment near me,0,4,0%,5.5
wig shop in bhubaneswar,0,4,0%,5.5
eyebrow microblading near me,0,4,0%,5.75
hair consultant,0,4,0%,5.75
skin hair removal,0,4,0%,5.75
hair ke liye best doctor,0,4,0%,6
skin aesthetic clinic,0,4,0%,6
best clinic for hair treatment,0,4,0%,6.25
lip tattoo near me,0,4,0%,6.25
prp near me,0,4,0%,6.25
carbon laser treatment,0,4,0%,6.5
derma clinic near me,0,4,0%,6.5
best vitiligo doctor in bhubaneswar,0,4,0%,6.75
best skin laser treatment near me,0,4,0%,7
face laser hair removal,0,4,0%,7
hair prp treatment near me,0,4,0%,7
laser skin treatment,0,4,0%,7
skin and hair specialist near me,0,4,0%,7
belly piercing near me,0,4,0%,7.25
electrolysis hair removal,0,4,0%,7.5
hair checkup near me,0,4,0%,7.5
best botox hair treatment near me,0,4,0%,7.75
best hair patch service near me,0,4,0%,7.75
doctor for hair,0,4,0%,7.75
hair expert near me,0,4,0%,7.75
hair transplant dr,0,4,0%,7.75
aesthetic clinic near,0,4,0%,8
best hair wig in bhubaneswar,0,4,0%,8
ear stitching near me,0,4,0%,8
face treatment,0,4,0%,8.25
skin institute,0,4,0%,8.25
best laser hair removal near me,0,4,0%,8.5
hair care hospital,0,4,0%,8.5
hair loss dermatologist near me,0,4,0%,8.5
hydra facial near me,0,4,0%,8.5
best tattoo removal near me,0,4,0%,8.75
face care doctor,0,4,0%,8.75
hair dr specialist near me,0,4,0%,8.75
hair skin doctor near me,0,4,0%,8.75
hair growth doctor near me,0,4,0%,9
best weight loss treatment near me,0,4,0%,9.25
gfc treatments,0,4,0%,9.25
near hair doctor,0,4,0%,9.25
odisha best skin specialist doctor,0,4,0%,9.25
hair system service near me,0,4,0%,9.5
best skin specialist doctor in bhubaneswar,0,4,0%,9.75
closed pimple,0,4,0%,9.75
hair fall ke liye doctor near me,0,4,0%,9.75
best ear piercing in bhubaneswar,0,4,0%,10
gluta c injection,0,4,0%,10
skin hospital bhubaneswar,0,4,0%,10
hair doctors near me,0,4,0%,10.25
lung transplantation in bhubaneswar,0,4,0%,10.25
wig expert,0,4,0%,10.25
close comedonal acne,0,4,0%,10.5
closed comedonal acne,0,4,0%,10.5
best doctor for hair fall treatment,0,4,0%,10.75
laser vs wax hair removal,0,4,0%,10.75
what is closed comedones on face,0,4,0%,10.75
smp clinic near me,0,4,0%,11
weight loss doctor,0,4,0%,11
what is closed comedones,0,4,0%,11.25
laser tattoo removal,0,4,0%,11.5
reason for closed comedones,0,4,0%,11.5
hair gfc treatment,0,4,0%,12.75
weight loss clinic near me,0,4,0%,13
grc treatment,0,4,0%,13.75
hair specialist in kolkata,0,4,0%,13.75
best plastic surgery hospital in odisha,0,4,0%,14
prp treatment for hair near me,0,4,0%,14.5
dermatology clinic near me,0,4,0%,14.75
ombre brows how long do they last,0,4,0%,15
waxing or laser hair removal,0,4,0%,16.25
deep cystic acne,0,4,0%,16.5
plastic surgeon bhubaneswar,0,4,0%,16.75
wart removal treatment franchise,0,4,0%,17
armpit laser hair removal vs waxing,0,4,0%,19.75
radiance aesthetic clinic,0,4,0%,22.5
radiance skin care system india,0,4,0%,23.25
radiance skin antiaging and hair transplant clinic,0,4,0%,23.75
chemical peel,0,4,0%,24.25
bio treatment,0,4,0%,25.25
the radiance elite hair & skin aesthetic clinic,0,4,0%,27.25
hair transplant result,0,4,0%,29.25
moles removal in bhubaneswar,0,4,0%,31.25
microblading price,0,4,0%,31.5
hair restoration near me,0,4,0%,32.25
laser hair removal permanent,0,4,0%,33
does laser remove hair permanently,0,4,0%,34.75
aft skin rejuvenation,0,4,0%,35
growth factor hair treatment,0,4,0%,35
scalp micropigmentation cost,0,4,0%,36
lip pigmentation laser treatment,0,4,0%,36.75
microblading cost,0,4,0%,38
can laser remove hair permanently,0,4,0%,39
female hair transplant,0,4,0%,40
radiant skin care and hair transplant center,0,4,0%,44
face treatment doctor,0,4,0%,44.5
cosmo radiance,0,4,0%,45.25
hair transplant surgery in kolkata,0,4,0%,46.5
acne scars treatment,0,4,0%,47.25
hairfall cure,0,4,0%,47.75
permanent beard shaping,0,4,0%,47.75
enhance clinic hair transplant cost,0,4,0%,49.75
nose reshaping in bhubaneswar,0,4,0%,52.75
collagen induction therapy,0,4,0%,54.25
laser hair removal treatment near me,0,4,0%,54.25
laser body hair reduction,0,4,0%,67
does laser hair removal help with strawberry legs,0,4,0%,67.75
hair transplant candidate,0,4,0%,68.25
radiance clinic mysore,0,4,0%,68.75
kolkata best hair transplant,0,4,0%,69.25
radiance hair transplant rajahmundry,0,4,0%,69.5
desiccated skin,0,4,0%,70.25
inch loss treatment cost,0,4,0%,71
growth factor injections for hair loss,0,4,0%,72
hair transplant from body,0,4,0%,72.25
female pattern baldness,0,4,0%,73.25
causes of pigmentation on face,0,4,0%,73.75
difference between uneven skin tone and pigmentation,0,4,0%,75.5
hair transplant body hair,0,4,0%,80
alopecia with scarring,0,4,0%,87.75
anti dandruff treatment near me,0,3,0%,1
c gfc,0,3,0%,1
for skin radiance,0,3,0%,1
gfc c,0,3,0%,1
hair removal lazer,0,3,0%,1
hair transplant cost pune,0,3,0%,1
hair treatment for hair fall,0,3,0%,1
irc bhubaneswar clinics with phone number,0,3,0%,1
kaya clinic near me,0,3,0%,1
lasers for hair removal,0,3,0%,1
mens hair transplant near me,0,3,0%,1
painless warts,0,3,0%,1
hair fall best doctor near me,0,3,0%,1.33
how many prp sessions are required,0,3,0%,1.33
wart removal without pain,0,3,0%,1.33
aesthetic clinic in bhubaneswar,0,3,0%,1.67
hair fall problem doctor near me,0,3,0%,1.67
which is the best clinic for hair fall treatment?,0,3,0%,1.67
whole body hair removal for men,0,3,0%,1.67
check pimple,0,3,0%,2
hair transplant in ahmedabad,0,3,0%,2
lip blushing cost,0,3,0%,2
prp therapy for hair,0,3,0%,2
prp vs gfc which is better,0,3,0%,2
which doctor to consult for hair fall,0,3,0%,2
hair clinics near me,0,3,0%,2.33
hair doctor in sum hospital bhubaneswar,0,3,0%,2.33
hair removal laser treatment near me,0,3,0%,2.33
hair transplant hyderabad,0,3,0%,2.33
traya clinic in bhubaneswar,0,3,0%,2.33
traya store near me,0,3,0%,2.33
facial hair removal laser,0,3,0%,2.67
beard doctor near me,0,3,0%,3
best clinics for laser hair removal,0,3,0%,3
dr partha skin and hair clinic,0,3,0%,3
good skin and hair clinic,0,3,0%,3
hair plantation in bhubaneswar,0,3,0%,3
skin whitening treatment,0,3,0%,3
cost,0,3,0%,3.33
ha,0,3,0%,3.33
hair transplantation,0,3,0%,3.33
traya centre near me,0,3,0%,3.33
bbsr,0,3,0%,3.67
lip blush treatment price,0,3,0%,3.67
are acne scars permanent,0,3,0%,4
best prp hair treatment near me,0,3,0%,4
cost in bhubaneswar,0,3,0%,4
hair and skin treatment near me,0,3,0%,4
hair fall specialist doctor near me,0,3,0%,4
radiance skin clinic bangalore,0,3,0%,4
radiant skin,0,3,0%,4
hair fall treatment near me for women,0,3,0%,4.33
lasik hair removal,0,3,0%,4.33
skin and hair doctor,0,3,0%,4.33
best skin care clinic near me,0,3,0%,4.67
microneedling,0,3,0%,4.67
hair doctor called,0,3,0%,5
hair fillers,0,3,0%,5
ipl treatment for face,0,3,0%,5
laser facial hair removal,0,3,0%,5
skin lightening treatment,0,3,0%,5
anti lice treatment,0,3,0%,5.33
hair & skin clinic near me,0,3,0%,5.33
hair loss treatment for women,0,3,0%,5.33
sambalpur hair transplant clinic,0,3,0%,5.33
best dermatologist for face near me,0,3,0%,5.67
chemical peel cost,0,3,0%,5.67
hair specialist clinic near me,0,3,0%,5.67
laser hair reduction near me,0,3,0%,5.67
near hair hospital,0,3,0%,5.67
underarm treatment near me,0,3,0%,5.67
women hair transplant near me,0,3,0%,5.67
doctor for face,0,3,0%,6
permanent makeup,0,3,0%,6
private laser,0,3,0%,6
best hair dermatologist near me,0,3,0%,6.33
cosmetic skin and hair clinic,0,3,0%,6.33
dermatologist for beard growth,0,3,0%,6.33