query,url,position,impressions,ctr,title,description,recommended_test
best dermatologist in bhubaneswar,https://www.radianceclinics.com/skin-clinic-bhubaneswar,6.31,531,0.00,Skin Clinic in Bhubaneswar | Radiance Clinics,Doctor-led assessment for acne scars pigmentation ageing texture and laser treatment planning,Implemented 2026-09-11: strengthened the meta description and opening decision guidance for skin-clinic intent. Monitor clicks and CTR after consolidating keyword-variant pages.
hair transplant clinic in bhubaneswar,https://www.radianceclinics.com/hair-transplant-bhubaneswar,11.17,340,0.29,Hair Transplant in Bhubaneswar | Radiance Clinics,Consult Dr. Satyarth Prakash for donor assessment hairline design and realistic FUE planning,"Implemented 2026-09-11: strengthened the meta description around doctor-led FUE planning, donor assessment and hairline design. Monitor clicks and CTR without changing the winning URL."
dermatologist in bhubaneswar,https://www.radianceclinics.com/skin-clinic-bhubaneswar,8.72,288,0.00,Skin Clinic in Bhubaneswar | Radiance Clinics,Doctor-led assessment for acne scars pigmentation ageing texture and laser treatment planning,Implemented 2026-09-11: strengthened the meta description and opening decision guidance for skin-clinic intent. Monitor clicks and CTR after consolidating keyword-variant pages.
laser hair removal bhubaneswar,https://www.radianceclinics.com/laser-hair-removal-bhubaneswar,8.84,188,1.60,Laser Hair Removal in Bhubaneswar | Radiance Clinics,Skin-type aware laser hair reduction planning,"Consolidate the legacy ranking URL first, then test query-aligned title and description copy."
skin clinic in bhubaneswar,https://www.radianceclinics.com/skin-clinic-bhubaneswar,13.53,115,0.00,Skin Clinic in Bhubaneswar | Radiance Clinics,Doctor-led assessment for acne scars pigmentation ageing texture and laser treatment planning,Implemented 2026-09-11: strengthened the meta description and opening decision guidance for skin-clinic intent. Monitor clicks and CTR after consolidating keyword-variant pages.
skin specialist in bhubaneswar,https://www.radianceclinics.com/skin-clinic-bhubaneswar,14.25,84,0.00,Skin Clinic in Bhubaneswar | Radiance Clinics,Doctor-led assessment for acne scars pigmentation ageing texture and laser treatment planning,Implemented 2026-09-11: strengthened the meta description and opening decision guidance for skin-clinic intent. Monitor clicks and CTR after consolidating keyword-variant pages.
botox treatment in bhubaneswar,https://www.radianceclinics.com/botox-treatment-bhubaneswar,16.55,66,0.00,Botox Treatment in Bhubaneswar | Radiance Clinics,Consultation-led Botox treatment planning at Radiance Clinics Bhubaneswar,"Consolidate the legacy ranking URL first, then test query-aligned title and description copy."
tattoo removal bhubaneswar,https://www.radianceclinics.com/tattoo-removal-bhubaneswar,6.63,57,1.75,Laser Tattoo Removal in Bhubaneswar | Radiance Clinics,Consultation-led laser tattoo removal planning at Radiance Clinics Bhubaneswar,"Consolidate the legacy ranking URL first, then test query-aligned title and description copy."
hair patch in bhubaneswar,https://www.radianceclinics.com/non-surgical-hair-replacement-bhubaneswar,20.9,22,0,Hair Patch & Non-Surgical Hair Replacement in Bhubaneswar | Radiance,"Discuss hair patches, wigs and non-surgical hair systems at Radiance Clinics, Bhubaneswar. Understand matching, fitting, scalp care, refitting and costs before choosing.","Implemented 2026-09-18: title/description and explicit patch/wig content on canonical TARGET, not current ranking homepage. Metrics are query aggregates; inspect canonical indexing and monitor after deployment."
hair transplant in bhubaneswar,https://www.radianceclinics.com/,3.8,607,1,"Radiance Clinics Bhubaneswar | Hair Transplant, Skin & Laser Clinic",Protected homepage snippet retained,Observed 2026-09-18 exact-query page metrics: clicks 16 to 6; CTR 2.8% to 1%; page position 3.3 to 3.8. Preserve winning URL/title; inspect competing snippets and search appearance before an approved single-variable test. NOT a title change.
