page,path,clicks_7d,impressions_7d,ctr_7d,position_7d,clicks_28d,impressions_28d,ctr_28d,position_28d,clicks_previous_28d,impressions_previous_28d,ctr_previous_28d,position_previous_28d,click_change_28d,impression_change_28d,clicks_3mo,impressions_3mo,ctr_3mo,position_3mo
https://www.radianceclinics.com/,/,86,6195,1.39,7.38,357,25128,1.42,7.13,293,22734,1.29,6.85,64,2394,1046,77396,1.35,6.90
https://www.radianceclinics.com/post/what-is-gfc-treatment-and-how-does-it-help-in-hair-regrowth/,/post/what-is-gfc-treatment-and-how-does-it-help-in-hair-regrowth,0,3,0.00,1.67,0,2313,0.00,16.63,2,2575,0.08,22.07,-2,-262,5,7225,0.07,21.46
https://www.radianceclinics.com/post/what-to-expect-during-your-first-visit-to-a-skin-care-doctor/,/post/what-to-expect-during-your-first-visit-to-a-skin-care-doctor,,,,,0,1958,0.00,29.97,0,3289,0.00,33.16,0,-1331,1,9635,0.01,31.97
https://www.radianceclinics.com/post/the-key-to-lasting-smoothness-unlock-laser-hair-removal/,/post/the-key-to-lasting-smoothness-unlock-laser-hair-removal,0,70,0.00,1.00,0,1875,0.00,8.28,0,774,0.00,24.81,0,1101,0,3484,0.00,16.67
https://www.radianceclinics.com/skin-clinic-bhubaneswar,/skin-clinic-bhubaneswar,5,891,0.56,21.25,6,1847,0.32,20.04,0,0,0.00,0.00,6,1847,6,1847,0.32,20.04
https://www.radianceclinics.com/skin-care-treatments/,/skin-care-treatments,,,,,4,1578,0.25,21.19,13,2483,0.52,17.51,-9,-905,30,8385,0.36,17.74
https://www.radianceclinics.com/book-online-radiance-clinics-bhuabaneswar,/book-online-radiance-clinics-bhuabaneswar,,,,,24,1569,1.53,4.64,36,2120,1.70,5.60,-12,-551,91,6371,1.43,5.29
https://www.radianceclinics.com/dermatology-clinic-in-bhubaneswar/,/dermatology-clinic-in-bhubaneswar,,,,,0,1278,0.00,11.36,2,2194,0.09,10.32,-2,-916,5,5256,0.10,11.02
https://www.radianceclinics.com/hair-transplant-in-kolkata/,/hair-transplant-in-kolkata,,,,,0,927,0.00,31.39,1,1654,0.06,34.77,-1,-727,6,4694,0.13,36.96
https://www.radianceclinics.com/hair-loss-treatments/,/hair-loss-treatments,,,,,3,756,0.40,21.31,8,1289,0.62,17.75,-5,-533,18,4122,0.44,18.37
https://www.radianceclinics.com/hair-transplant-in-berhampur/,/hair-transplant-in-berhampur,,,,,5,683,0.73,7.73,7,987,0.71,7.35,-2,-304,21,2812,0.75,7.82
https://www.radianceclinics.com/contact,/contact,0,320,0.00,8.27,0,655,0.00,8.11,0,0,0.00,0.00,0,655,0,655,0.00,8.11
https://www.radianceclinics.com/hair-patch/,/hair-patch,,,,,8,625,1.28,18.92,15,1062,1.41,16.20,-7,-437,45,3364,1.34,16.78
https://www.radianceclinics.com/concerns/acne/closed-comedones,/concerns/acne/closed-comedones,0,618,0.00,11.74,0,618,0.00,11.74,0,0,0.00,0.00,0,618,0,618,0.00,11.74
https://www.radianceclinics.com/laser-hair-removal-radiance/,/laser-hair-removal-radiance,,,,,5,560,0.89,18.12,14,952,1.47,15.95,-9,-392,27,2838,0.95,16.30
https://www.radianceclinics.com/post/how-many-prp-sessions-are-needed-for-visible-hair-growth/,/post/how-many-prp-sessions-are-needed-for-visible-hair-growth,0,1,0.00,3.00,0,537,0.00,10.02,4,1040,0.38,8.34,-4,-503,6,3099,0.19,8.93
https://www.radianceclinics.com/hair-transplant-bhubaneswar,/hair-transplant-bhubaneswar,0,270,0.00,41.43,1,495,0.20,38.02,0,0,0.00,0.00,1,495,1,495,0.20,38.02
https://www.radianceclinics.com/post/why-radiance-skin-and-hair-clinic-is-the-ideal-choice-for-hair-loss-treatment/,/post/why-radiance-skin-and-hair-clinic-is-the-ideal-choice-for-hair-loss-treatment,,,,,1,440,0.23,10.29,0,751,0.00,9.93,1,-311,5,2108,0.24,10.48
https://www.radianceclinics.com/post/why-do-some-people-regret-getting-a-hair-transplant-too-early/,/post/why-do-some-people-regret-getting-a-hair-transplant-too-early,,,,,0,419,0.00,5.43,3,345,0.87,6.00,-3,74,4,1133,0.35,6.30
https://www.radianceclinics.com/laser-hair-removal-bhubaneswar,/laser-hair-removal-bhubaneswar,2,180,1.11,24.88,2,391,0.51,23.73,0,0,0.00,0.00,2,391,2,391,0.51,23.73
https://www.radianceclinics.com/body-piercing/,/body-piercing,,,,,1,367,0.27,10.65,7,493,1.42,9.39,-6,-126,10,1326,0.75,10.12
https://www.radianceclinics.com/contact-us/,/contact-us,,,,,2,348,0.57,13.46,4,393,1.02,20.69,-2,-45,8,1311,0.61,18.23
https://www.radianceclinics.com/hair-transplant-in-sambalpur/,/hair-transplant-in-sambalpur,,,,,2,329,0.61,9.83,3,518,0.58,8.66,-1,-189,9,1504,0.60,9.48
https://www.radianceclinics.com/hair-transplant-in-cuttack/,/hair-transplant-in-cuttack,,,,,4,324,1.23,13.26,6,636,0.94,11.11,-2,-312,12,1892,0.63,12.35
https://www.radianceclinics.com/hair-transplantation/,/hair-transplantation,2,106,1.89,49.59,2,317,0.63,45.93,1,245,0.41,39.16,1,72,5,1099,0.45,42.56
https://www.radianceclinics.com/treatment/hairfall/prp/,/treatment/hairfall/prp,1,38,2.63,7.95,2,305,0.66,19.90,0,323,0.00,23.19,2,-18,5,1085,0.46,20.13
https://www.radianceclinics.com/hair-wig/,/hair-wig,,,,,6,303,1.98,8.01,6,681,0.88,8.34,0,-378,20,1738,1.15,7.95
https://www.radianceclinics.com/book-online-radiance-clinics-bhuabaneswar/,/book-online-radiance-clinics-bhuabaneswar,,,,,0,295,0.00,66.86,4,427,0.94,59.44,-4,-132,4,1527,0.26,60.72
https://www.radianceclinics.com/tattoo-removal-radiance/,/tattoo-removal-radiance,,,,,5,260,1.92,9.01,11,561,1.96,6.81,-6,-301,28,1720,1.63,12.91
https://www.radianceclinics.com/mole-wart-removal/,/mole-wart-removal,,,,,7,251,2.79,9.71,5,332,1.51,7.47,2,-81,16,1161,1.38,8.45
https://www.radianceclinics.com/treatment/premium-services/lip-pigmentation/,/treatment/premium-services/lip-pigmentation,,,,,5,250,2.00,15.35,5,524,0.95,18.12,0,-274,31,1583,1.96,17.12
https://www.radianceclinics.com/hair-transplant-in-balasore/,/hair-transplant-in-balasore,,,,,0,244,0.00,9.50,7,431,1.62,9.12,-7,-187,11,1313,0.84,9.97
https://www.radianceclinics.com/post/acne-check-peel-your-comprehensive-guide-to-clearer-skin/,/post/acne-check-peel-your-comprehensive-guide-to-clearer-skin,0,1,0.00,1.00,0,242,0.00,8.86,0,1685,0.00,9.89,0,-1443,0,2825,0.00,9.85
https://www.radianceclinics.com/treatment/non-surgical-facial-enhancements/micro-blading/,/treatment/non-surgical-facial-enhancements/micro-blading,,,,,6,233,2.58,10.67,10,378,2.65,9.24,-4,-145,27,1201,2.25,9.43
https://www.radianceclinics.com/hair-transplant-in-angul/,/hair-transplant-in-angul,,,,,3,227,1.32,6.62,3,350,0.86,5.89,0,-123,14,965,1.45,6.45
https://www.radianceclinics.com/weight-loss-radiance/,/weight-loss-radiance,,,,,2,227,0.88,24.06,2,325,0.62,26.47,0,-98,7,1060,0.66,24.25
https://www.radianceclinics.com/laser-re-surfacing/,/laser-re-surfacing,,,,,1,222,0.45,25.10,0,237,0.00,18.13,1,-15,4,828,0.48,18.37
https://www.radianceclinics.com/treatments/hair-restoration/prp-gfc-scalp-therapy,/treatments/hair-restoration/prp-gfc-scalp-therapy,2,145,1.38,10.47,2,216,0.93,14.85,0,0,0.00,0.00,2,216,2,216,0.93,14.85
https://www.radianceclinics.com/post/laser-vs-waxing-which-hair-removal-method-is-right-for-you/,/post/laser-vs-waxing-which-hair-removal-method-is-right-for-you,,,,,0,210,0.00,11.09,0,235,0.00,12.21,0,-25,1,595,0.17,13.87
https://www.radianceclinics.com/hair-care-solutions/,/hair-care-solutions,0,42,0.00,69.05,0,208,0.00,64.28,0,0,0.00,0.00,0,208,0,208,0.00,64.28
https://www.radianceclinics.com/about-us/,/about-us,,,,,3,208,1.44,24.07,3,317,0.95,24.74,0,-109,9,971,0.93,25.85
https://www.radianceclinics.com/post/where-can-i-get-painless-wart-removal-treatment/,/post/where-can-i-get-painless-wart-removal-treatment,0,5,0.00,2.20,0,201,0.00,17.94,0,229,0.00,13.26,0,-28,0,690,0.00,13.91
https://www.radianceclinics.com/post/how-long-do-ombre-powder-eyebrows-last/,/post/how-long-do-ombre-powder-eyebrows-last,,,,,0,200,0.00,27.63,1,267,0.37,22.52,-1,-67,2,768,0.26,23.88
https://www.radianceclinics.com/post/hair-treatment-doctor-near-me/,/post/hair-treatment-doctor-near-me,,,,,3,199,1.51,10.08,2,301,0.66,8.97,1,-102,6,857,0.70,9.49
https://www.radianceclinics.com/treatment/unwanted-hair/aft-laser/,/treatment/unwanted-hair/aft-laser,0,51,0.00,19.39,0,193,0.00,21.74,0,119,0.00,18.66,0,74,0,501,0.00,21.85
https://www.radianceclinics.com/treatments/laser,/treatments/laser,0,103,0.00,37.38,0,172,0.00,39.28,0,0,0.00,0.00,0,172,0,172,0.00,39.28
https://www.radianceclinics.com/post/what-makes-bio-hair-transplant-different-from-traditional-methods/,/post/what-makes-bio-hair-transplant-different-from-traditional-methods,0,1,0.00,4.00,0,171,0.00,9.64,0,307,0.00,9.33,0,-136,3,717,0.42,9.55
https://www.radianceclinics.com/post/decoding-the-cost-of-chemical-peels-in-odisha-understanding-the-factors-behind-pricing/,/post/decoding-the-cost-of-chemical-peels-in-odisha-understanding-the-factors-behind-pricing,0,1,0.00,2.00,0,170,0.00,8.48,0,239,0.00,11.97,0,-69,3,754,0.40,11.48
https://www.radianceclinics.com/skin-brightening-solutions-radiance/,/skin-brightening-solutions-radiance,,,,,0,166,0.00,15.91,0,241,0.00,11.63,0,-75,2,796,0.25,16.22
https://www.radianceclinics.com/post/things-to-avoid-if-you-have-acne-prone-skin/,/post/things-to-avoid-if-you-have-acne-prone-skin,,,,,0,162,0.00,25.83,0,406,0.00,27.16,0,-244,0,832,0.00,26.23
https://www.radianceclinics.com/treatment/premium-services/hydra-facial/,/treatment/premium-services/hydra-facial,,,,,0,161,0.00,21.37,1,259,0.39,15.40,-1,-98,2,786,0.25,18.25
https://www.radianceclinics.com/treatment/hairfall/gfc/,/treatment/hairfall/gfc,,,,,3,155,1.94,29.68,0,219,0.00,30.07,3,-64,8,795,1.01,30.81
https://www.radianceclinics.com/post/how-hair-shapes-self-image-and-personal-confidence/,/post/how-hair-shapes-self-image-and-personal-confidence,0,2,0.00,2.00,0,150,0.00,15.18,0,338,0.00,6.59,0,-188,0,992,0.00,9.70
https://www.radianceclinics.com/concerns/acne-scars/rolling-scars,/concerns/acne-scars/rolling-scars,0,149,0.00,14.29,0,149,0.00,14.29,0,0,0.00,0.00,0,149,0,149,0.00,14.29
https://www.radianceclinics.com/treatment/non-surgical-facial-enhancements/lip-blushing/,/treatment/non-surgical-facial-enhancements/lip-blushing,,,,,5,146,3.42,8.03,1,193,0.52,9.80,4,-47,12,535,2.24,9.36
https://www.radianceclinics.com/post/how-long-does-it-take-to-see-results-after-a-hair-transplant/,/post/how-long-does-it-take-to-see-results-after-a-hair-transplant,,,,,1,134,0.75,16.47,1,241,0.41,15.00,0,-107,2,623,0.32,15.99
https://www.radianceclinics.com/hair-transplant-in-baripada/,/hair-transplant-in-baripada,,,,,4,131,3.05,11.61,0,187,0.00,6.14,4,-56,12,522,2.30,8.17
https://www.radianceclinics.com/conditions/antiageing/neck-line/,/conditions/antiageing/neck-line,0,43,0.00,66.67,0,126,0.00,66.89,0,95,0.00,67.25,0,31,0,295,0.00,66.36
https://www.radianceclinics.com/hair-transplant-in-rourkela/,/hair-transplant-in-rourkela,,,,,0,125,0.00,14.22,1,133,0.75,10.48,-1,-8,2,494,0.40,11.68
https://www.radianceclinics.com/hair-transplant-in-puri/,/hair-transplant-in-puri,,,,,3,124,2.42,16.31,2,187,1.07,11.68,1,-63,7,542,1.29,14.83
https://www.radianceclinics.com/concerns/acne-scars/post-inflammatory-hyperpigmentation,/concerns/acne-scars/post-inflammatory-hyperpigmentation,0,123,0.00,69.00,0,123,0.00,69.00,0,0,0.00,0.00,0,123,0,123,0.00,69.00
https://www.radianceclinics.com/treatments,/treatments,0,90,0.00,74.20,0,121,0.00,72.50,0,0,0.00,0.00,0,121,0,121,0.00,72.50
https://www.radianceclinics.com/conditions/hairfall/scarring-alopecia/,/conditions/hairfall/scarring-alopecia,,,,,0,118,0.00,87.81,0,128,0.00,82.49,0,-10,0,323,0.00,84.96
https://www.radianceclinics.com/ear-piercing/,/ear-piercing,,,,,2,115,1.74,9.95,1,240,0.42,10.00,1,-125,4,568,0.70,10.28
https://www.radianceclinics.com/treatment/bridal-dermatology/under-eye-rejuvenation/,/treatment/bridal-dermatology/under-eye-rejuvenation,,,,,3,109,2.75,27.98,0,98,0.00,37.42,3,11,5,292,1.71,32.08
https://www.radianceclinics.com/alopecia-treatment/,/alopecia-treatment,,,,,0,107,0.00,38.28,2,77,2.60,8.53,-2,30,3,267,1.12,21.02
https://www.radianceclinics.com/conditions/open-pores/,/conditions/open-pores,0,15,0.00,38.47,0,105,0.00,49.22,0,51,0.00,27.25,0,54,2,189,1.06,41.86
https://www.radianceclinics.com/about,/about,6,66,9.09,7.11,6,104,5.77,7.61,0,0,0.00,0.00,6,104,6,104,5.77,7.61
https://www.radianceclinics.com/post/what-are-the-common-causes-of-hair-loss-in-women/,/post/what-are-the-common-causes-of-hair-loss-in-women,,,,,0,102,0.00,2.55,0,15,0.00,5.93,0,87,0,117,0.00,2.98
https://www.radianceclinics.com/split-ear-repair/,/split-ear-repair,,,,,1,101,0.99,11.75,6,165,3.64,7.48,-5,-64,8,470,1.70,9.59
https://www.radianceclinics.com/post/can-laser-hair-removal-permanently-remove-hair/,/post/can-laser-hair-removal-permanently-remove-hair,,,,,0,101,0.00,34.89,0,498,0.00,35.86,0,-397,0,884,0.00,33.68
https://www.radianceclinics.com/conditions/pseudo-acanthosis-nigricans/,/conditions/pseudo-acanthosis-nigricans,,,,,1,100,1.00,18.28,1,92,1.09,15.37,0,8,2,338,0.59,15.64
https://www.radianceclinics.com/treatments/aesthetic-dermatology/injectable-aesthetics,/treatments/aesthetic-dermatology/injectable-aesthetics,0,71,0.00,57.15,0,98,0.00,54.35,0,0,0.00,0.00,0,98,0,98,0.00,54.35
https://www.radianceclinics.com/treatment/premium-services/,/treatment/premium-services,0,34,0.00,54.68,0,98,0.00,67.90,0,81,0.00,80.51,0,17,0,287,0.00,77.61
https://www.radianceclinics.com/fillers/,/fillers,,,,,5,98,5.10,13.53,0,213,0.00,14.42,5,-115,7,661,1.06,13.42
https://www.radianceclinics.com/post/which-is-better-synthetic-or-natural-hair-wigs/,/post/which-is-better-synthetic-or-natural-hair-wigs,0,2,0.00,3.00,0,97,0.00,6.42,0,122,0.00,5.28,0,-25,0,370,0.00,6.56
https://www.radianceclinics.com/conditions/antiageing/forehead-line/,/conditions/antiageing/forehead-line,0,1,0.00,83.00,0,95,0.00,75.98,0,38,0.00,60.29,0,57,0,161,0.00,63.50
https://www.radianceclinics.com/post/a-complete-guide-to-know-about-botox-treatment/,/post/a-complete-guide-to-know-about-botox-treatment,,,,,1,94,1.06,20.50,4,210,1.90,16.67,-3,-116,5,565,0.88,17.71
https://www.radianceclinics.com/post/are-acne-scars-permanent-the-answer-may-surprise-you/,/post/are-acne-scars-permanent-the-answer-may-surprise-you,,,,,0,91,0.00,8.46,0,189,0.00,12.06,0,-98,0,340,0.00,14.37
https://www.radianceclinics.com/post/can-you-reverse-signs-of-ageing-with-anti-ageing-treatment/,/post/can-you-reverse-signs-of-ageing-with-anti-ageing-treatment,0,11,0.00,64.27,0,90,0.00,62.14,0,87,0.00,61.86,0,3,0,341,0.00,59.67
https://www.radianceclinics.com/recent-result/,/recent-result,,,,,0,90,0.00,13.41,0,38,0.00,23.79,0,52,0,199,0.00,19.99
https://www.radianceclinics.com/post/fillers-treatment-at-radiance-skin-and-hair-clinics-in-bhubaneswar/,/post/fillers-treatment-at-radiance-skin-and-hair-clinics-in-bhubaneswar,0,31,0.00,8.84,0,89,0.00,11.40,0,84,0.00,12.40,0,5,0,294,0.00,14.59
https://www.radianceclinics.com/post/the-best-acne-scar-treatments-to-boost-your-confidence/,/post/the-best-acne-scar-treatments-to-boost-your-confidence,0,7,0.00,55.43,0,89,0.00,56.15,0,22,0.00,64.77,0,67,0,179,0.00,58.88
https://www.radianceclinics.com/post/how-does-hair-loss-affect-an-individuals-confidence-level/,/post/how-does-hair-loss-affect-an-individuals-confidence-level,,,,,0,86,0.00,19.47,2,113,1.77,15.60,-2,-27,2,321,0.62,16.49
https://www.radianceclinics.com/bio-therapy-treatment/,/bio-therapy-treatment,,,,,0,85,0.00,33.94,0,137,0.00,17.31,0,-52,0,452,0.00,16.54
https://www.radianceclinics.com/treatment/acne-treatment/acne-zap-laser/,/treatment/acne-treatment/acne-zap-laser,,,,,0,84,0.00,27.32,0,114,0.00,24.04,0,-30,0,330,0.00,26.92
https://www.radianceclinics.com/scalp-micropigmentation/,/scalp-micropigmentation,,,,,1,83,1.20,17.51,6,221,2.71,13.80,-5,-138,17,616,2.76,14.50
https://www.radianceclinics.com/concerns/acne-scars/deep-acne-scars,/concerns/acne-scars/deep-acne-scars,0,82,0.00,17.89,0,82,0.00,17.89,0,0,0.00,0.00,0,82,0,82,0.00,17.89
https://www.radianceclinics.com/reviews,/reviews,0,57,0.00,12.54,1,81,1.23,11.58,0,0,0.00,0.00,1,81,1,81,1.23,11.58
https://www.radianceclinics.com/vitiligo-3/,/vitiligo-3,,,,,1,81,1.23,12.25,1,51,1.96,8.73,0,30,3,239,1.26,10.11
https://www.radianceclinics.com/treatment/hairfall/hair-transplant/,/treatment/hairfall/hair-transplant,,,,,0,79,0.00,77.10,0,118,0.00,66.76,0,-39,1,329,0.30,68.83
https://www.radianceclinics.com/treatments/aesthetic-dermatology,/treatments/aesthetic-dermatology,0,50,0.00,33.58,0,77,0.00,32.96,0,0,0.00,0.00,0,77,0,77,0.00,32.96
https://www.radianceclinics.com/treatment/unwanted-hair/,/treatment/unwanted-hair,,,,,0,75,0.00,66.32,1,150,0.67,49.49,-1,-75,3,457,0.66,55.09
https://www.radianceclinics.com/treatment/non-surgical-facial-enhancements/lip-vitiligo-correction/,/treatment/non-surgical-facial-enhancements/lip-vitiligo-correction,0,1,0.00,11.00,0,74,0.00,12.16,1,62,1.61,10.37,-1,12,1,199,0.50,11.23
https://www.radianceclinics.com/body-shaping-bhuabaneswar/,/body-shaping-bhuabaneswar,,,,,1,72,1.39,17.96,1,82,1.22,15.34,0,-10,5,256,1.95,19.00
https://www.radianceclinics.com/post/the-quality-of-hair-transplant-service-offered-by-radiance-skin-and-hair-clinics/,/post/the-quality-of-hair-transplant-service-offered-by-radiance-skin-and-hair-clinics,,,,,0,71,0.00,33.94,2,146,1.37,41.93,-2,-75,2,458,0.44,39.45
https://www.radianceclinics.com/post/specialized-wart-removal-services-for-flawless-skin/,/post/specialized-wart-removal-services-for-flawless-skin,,,,,0,71,0.00,40.35,0,66,0.00,33.26,0,5,0,196,0.00,34.35
https://www.radianceclinics.com/post/who-is-the-ideal-candidate-for-a-hair-transplant/,/post/who-is-the-ideal-candidate-for-a-hair-transplant,,,,,0,71,0.00,72.27,0,144,0.00,77.46,0,-73,0,390,0.00,77.22
https://www.radianceclinics.com/concerns/pigmentation/uneven-skin-tone,/concerns/pigmentation/uneven-skin-tone,0,69,0.00,77.12,0,69,0.00,77.12,0,0,0.00,0.00,0,69,0,69,0.00,77.12
https://www.radianceclinics.com/treatment/premium-services/aqua-skin-whitening-shots/,/treatment/premium-services/aqua-skin-whitening-shots,,,,,0,69,0.00,12.49,0,102,0.00,8.68,0,-33,4,673,0.59,6.12
https://www.radianceclinics.com/treatment/premium-services/gluta-c-shots/,/treatment/premium-services/gluta-c-shots,,,,,0,69,0.00,15.80,1,79,1.27,15.84,-1,-10,2,228,0.88,14.76
https://www.radianceclinics.com/treatments/hair-restoration/fue-hair-transplant,/treatments/hair-restoration/fue-hair-transplant,0,43,0.00,55.37,0,67,0.00,56.06,0,0,0.00,0.00,0,67,0,67,0.00,56.06
https://www.radianceclinics.com/treatment/hairfall/root-restore-therapy/,/treatment/hairfall/root-restore-therapy,,,,,0,64,0.00,18.09,0,91,0.00,8.65,0,-27,0,252,0.00,10.88
https://www.radianceclinics.com/treatment/bridal-dermatology/vampirefacial/,/treatment/bridal-dermatology/vampirefacial,,,,,0,64,0.00,18.97,0,88,0.00,14.16,0,-24,0,259,0.00,17.87
https://www.radianceclinics.com/locations,/locations,0,39,0.00,49.79,1,60,1.67,51.08,0,0,0.00,0.00,1,60,1,60,1.67,51.08
https://www.radianceclinics.com/hair-transplant-in-jajpur/,/hair-transplant-in-jajpur,,,,,1,60,1.67,15.33,1,102,0.98,6.80,0,-42,3,297,1.01,8.34
https://www.radianceclinics.com/treatment/acne-treatment/carbon-laser-peel/,/treatment/acne-treatment/carbon-laser-peel,,,,,0,60,0.00,13.83,0,91,0.00,11.48,0,-31,0,308,0.00,14.19
https://www.radianceclinics.com/treatment/anti-ageing-therapies/prp-facelift/,/treatment/anti-ageing-therapies/prp-facelift,,,,,0,58,0.00,71.98,0,77,0.00,66.06,0,-19,1,222,0.45,62.92
https://www.radianceclinics.com/post/how-to-care-for-your-scalp-after-a-hair-transplant/,/post/how-to-care-for-your-scalp-after-a-hair-transplant,,,,,0,57,0.00,75.37,0,81,0.00,73.12,0,-24,0,208,0.00,76.37
https://www.radianceclinics.com/conditions/pcod/,/conditions/pcod,0,7,0.00,3.00,1,55,1.82,6.42,0,45,0.00,5.09,1,10,1,138,0.72,5.63
https://www.radianceclinics.com/conditions,/conditions,0,40,0.00,74.03,0,54,0.00,71.89,0,0,0.00,0.00,0,54,0,54,0.00,71.89
https://www.radianceclinics.com/treatment/anti-ageing-therapies/filler/,/treatment/anti-ageing-therapies/filler,0,11,0.00,54.45,0,54,0.00,83.87,0,56,0.00,80.71,0,-2,0,183,0.00,83.63
https://www.radianceclinics.com/bio-hair-transplant/,/bio-hair-transplant,,,,,0,54,0.00,73.33,0,66,0.00,55.14,0,-12,0,206,0.00,62.02
https://www.radianceclinics.com/female-hair-transplant/,/female-hair-transplant,,,,,0,54,0.00,76.15,0,133,0.00,82.89,0,-79,0,395,0.00,83.72
https://www.radianceclinics.com/conditions/fungal-infection/,/conditions/fungal-infection,0,4,0.00,2.00,0,53,0.00,10.68,0,13,0.00,4.54,0,40,0,79,0.00,10.20
https://www.radianceclinics.com/hair-transplant-in-raipur/,/hair-transplant-in-raipur,,,,,0,52,0.00,45.02,1,85,1.18,30.61,-1,-33,1,245,0.41,34.07
https://www.radianceclinics.com/locations/,/locations,,,,,2,51,3.92,26.71,0,90,0.00,35.19,2,-39,2,262,0.76,34.49
https://www.radianceclinics.com/post/four-misconceptions-people-have-about-laser-tattoo-removal-in-bhubaneswar/,/post/four-misconceptions-people-have-about-laser-tattoo-removal-in-bhubaneswar,,,,,0,51,0.00,14.04,0,64,0.00,18.86,0,-13,1,192,0.52,16.22
https://www.radianceclinics.com/treatment/bridal-dermatology/dermal-fillers/,/treatment/bridal-dermatology/dermal-fillers,,,,,0,50,0.00,40.12,0,64,0.00,40.64,0,-14,0,222,0.00,42.48
https://www.radianceclinics.com/hair-transplant-in-vizag/,/hair-transplant-in-vizag,,,,,0,50,0.00,43.36,0,68,0.00,36.41,0,-18,0,292,0.00,36.32
https://www.radianceclinics.com/treatments/skin,/treatments/skin,0,35,0.00,62.06,0,49,0.00,60.90,0,0,0.00,0.00,0,49,0,49,0.00,60.90
https://www.radianceclinics.com/hair-transplant-in-koraput/,/hair-transplant-in-koraput,,,,,1,49,2.04,23.55,1,81,1.23,13.27,0,-32,3,256,1.17,18.03
https://www.radianceclinics.com/post/the-ideal-clinic-to-have-acne-treatment-in-bhubaneswar-is-radiance-skin-and-hair-clinics/,/post/the-ideal-clinic-to-have-acne-treatment-in-bhubaneswar-is-radiance-skin-and-hair-clinics,,,,,0,49,0.00,10.16,2,68,2.94,7.49,-2,-19,2,205,0.98,9.17
https://www.radianceclinics.com/body-hair-transplant/,/body-hair-transplant,,,,,0,48,0.00,72.85,0,88,0.00,68.98,0,-40,0,212,0.00,68.72
https://www.radianceclinics.com/beard-mustache-transplant/,/beard-mustache-transplant,,,,,0,47,0.00,19.89,0,45,0.00,8.71,0,2,1,156,0.64,11.65
https://www.radianceclinics.com/treatment/stretch-marks/prp/,/treatment/stretch-marks/prp,,,,,0,47,0.00,61.47,0,74,0.00,51.30,0,-27,1,234,0.43,56.94
https://www.radianceclinics.com/frequently-asked-questions/,/frequently-asked-questions,,,,,0,46,0.00,34.72,0,66,0.00,21.48,0,-20,2,452,0.44,14.46
https://www.radianceclinics.com/skin-pigmentation/,/skin-pigmentation,,,,,1,45,2.22,27.47,0,28,0.00,11.96,1,17,1,97,1.03,18.99
https://www.radianceclinics.com/treatment/non-surgical-facial-enhancements/ombrepowder-eyebrows/,/treatment/non-surgical-facial-enhancements/ombrepowder-eyebrows,,,,,0,45,0.00,15.38,1,84,1.19,7.44,-1,-39,2,218,0.92,11.18
https://www.radianceclinics.com/tan-removal/,/tan-removal,,,,,0,45,0.00,18.42,0,58,0.00,20.02,0,-13,1,242,0.41,21.56
https://www.radianceclinics.com/chemical-peel/,/chemical-peel,,,,,0,44,0.00,22.50,0,73,0.00,21.37,0,-29,0,185,0.00,20.91
https://www.radianceclinics.com/post/fue-vs-fut-which-hair-transplant-works-right-for-you/,/post/fue-vs-fut-which-hair-transplant-works-right-for-you,,,,,0,44,0.00,27.09,0,98,0.00,22.76,0,-54,0,142,0.00,24.10
https://www.radianceclinics.com/treatment/stretch-marks/,/treatment/stretch-marks,,,,,0,43,0.00,14.79,2,80,2.50,7.66,-2,-37,5,240,2.08,8.93
https://www.radianceclinics.com/post/how-effective-is-having-laser-hair-removal-in-bhubaneswar/,/post/how-effective-is-having-laser-hair-removal-in-bhubaneswar,,,,,0,43,0.00,14.84,0,43,0.00,18.86,0,0,0,232,0.00,19.40
https://www.radianceclinics.com/treatment/acne-treatment/,/treatment/acne-treatment,,,,,0,43,0.00,76.28,0,76,0.00,52.97,0,-33,0,187,0.00,62.86
https://www.radianceclinics.com/post/laser-vs-fillers-vs-creams-what-truly-works-for-under-eye-bags/,/post/laser-vs-fillers-vs-creams-what-truly-works-for-under-eye-bags,,,,,0,42,0.00,6.33,0,119,0.00,7.11,0,-77,1,550,0.18,5.07
https://www.radianceclinics.com/knowledge/prp-gfc-hair-restoration-guide,/knowledge/prp-gfc-hair-restoration-guide,0,40,0.00,8.35,0,40,0.00,8.35,0,0,0.00,0.00,0,40,0,40,0.00,8.35
https://www.radianceclinics.com/knowledge,/knowledge,0,25,0.00,65.24,0,39,0.00,66.54,0,0,0.00,0.00,0,39,0,39,0.00,66.54
https://www.radianceclinics.com/pigmentation-treatment-bhubaneswar,/pigmentation-treatment-bhubaneswar,0,24,0.00,56.88,0,39,0.00,38.54,0,0,0.00,0.00,0,39,0,39,0.00,38.54
https://www.radianceclinics.com/laser-photo-rejuvenation-radiance/,/laser-photo-rejuvenation-radiance,,,,,0,39,0.00,11.13,0,34,0.00,3.82,0,5,2,100,2.00,9.05
https://www.radianceclinics.com/post/what-is-the-best-hair-transplant-for-density/,/post/what-is-the-best-hair-transplant-for-density,,,,,0,39,0.00,18.85,1,118,0.85,24.16,-1,-79,1,286,0.35,25.14
https://www.radianceclinics.com/treatment/anti-ageing-therapies/ultherapy/,/treatment/anti-ageing-therapies/ultherapy,0,11,0.00,50.27,1,38,2.63,52.24,1,13,7.69,34.46,0,25,5,136,3.68,42.83
https://www.radianceclinics.com/conditions/seborrheic-dermatitis/,/conditions/seborrheic-dermatitis,0,1,0.00,1.00,0,38,0.00,44.87,1,26,3.85,18.92,-1,12,1,106,0.94,32.14
https://www.radianceclinics.com/treatments/skin-laser/laser-pigmentation-program,/treatments/skin-laser/laser-pigmentation-program,0,20,0.00,43.70,0,37,0.00,38.08,0,0,0.00,0.00,0,37,0,37,0.00,38.08
https://www.radianceclinics.com/treatments/hair-restoration,/treatments/hair-restoration,0,28,0.00,35.96,0,35,0.00,33.63,0,0,0.00,0.00,0,35,0,35,0.00,33.63
https://www.radianceclinics.com/acne-scar-treatment-bhubaneswar,/acne-scar-treatment-bhubaneswar,0,15,0.00,51.00,0,35,0.00,45.23,0,0,0.00,0.00,0,35,0,35,0.00,45.23
https://www.radianceclinics.com/treatment/bridal-dermatology/mnrf-acne-scars/,/treatment/bridal-dermatology/mnrf-acne-scars,,,,,0,35,0.00,42.54,0,21,0.00,21.48,0,14,1,117,0.85,32.52
https://www.radianceclinics.com/treatments/skin-laser/laser-hair-reduction,/treatments/skin-laser/laser-hair-reduction,0,18,0.00,41.17,0,34,0.00,42.71,0,0,0.00,0.00,0,34,0,34,0.00,42.71
https://www.radianceclinics.com/treatment/anti-ageing-therapies/age-reverse/,/treatment/anti-ageing-therapies/age-reverse,0,7,0.00,60.14,0,34,0.00,65.50,0,35,0.00,60.51,0,-1,0,111,0.00,66.34
https://www.radianceclinics.com/treatment/pigmentation/power-glow/,/treatment/pigmentation/power-glow,0,3,0.00,6.67,0,34,0.00,24.94,0,14,0.00,7.50,0,20,0,63,0.00,16.30
https://www.radianceclinics.com/treatment/anti-ageing-therapies/anti-ageing-laser/,/treatment/anti-ageing-therapies/anti-ageing-laser,,,,,0,33,0.00,52.64,0,43,0.00,46.14,0,-10,0,123,0.00,49.88
https://www.radianceclinics.com/doctor-answers/can-old-stretch-marks-improve,/doctor-answers/can-old-stretch-marks-improve,0,31,0.00,60.55,0,31,0.00,60.55,0,0,0.00,0.00,0,31,0,31,0.00,60.55
https://www.radianceclinics.com/treatment/premium-services/permanent-makeup/,/treatment/premium-services/permanent-makeup,,,,,0,31,0.00,26.10,0,34,0.00,12.85,0,-3,0,117,0.00,17.21
https://www.radianceclinics.com/microdermabrasion-radiance/,/microdermabrasion-radiance,,,,,0,31,0.00,48.84,0,5,0.00,36.00,0,26,0,46,0.00,42.78
https://www.radianceclinics.com/conditions/pigmentation-removal/,/conditions/pigmentation-removal,,,,,0,31,0.00,69.45,0,9,0.00,13.89,0,22,0,70,0.00,40.71
https://www.radianceclinics.com/treatment/stretch-marks/dermaroller/,/treatment/stretch-marks/dermaroller,0,2,0.00,3.50,0,30,0.00,46.43,0,1,0.00,10.00,0,29,0,34,0.00,41.79
https://www.radianceclinics.com/treatment/acne-scars/fractional-co2-laser/,/treatment/acne-scars/fractional-co2-laser,,,,,1,30,3.33,13.07,1,50,2.00,10.00,0,-20,3,125,2.40,10.89
https://www.radianceclinics.com/laser-lipolysis-treatment/,/laser-lipolysis-treatment,,,,,0,30,0.00,29.57,1,14,7.14,14.07,-1,16,1,76,1.32,21.67
https://www.radianceclinics.com/post/pioneering-proficiency-satyartha-prakash-excels-in-advanced-dermatology-fellowship-at-dubai-derma/,/post/pioneering-proficiency-satyartha-prakash-excels-in-advanced-dermatology-fellowship-at-dubai-derma,,,,,0,30,0.00,34.53,0,33,0.00,38.18,0,-3,1,123,0.81,36.55
https://www.radianceclinics.com/high-density-hair-transplant/,/high-density-hair-transplant,,,,,0,30,0.00,51.37,0,26,0.00,39.35,0,4,0,92,0.00,44.54
https://www.radianceclinics.com/post/the-skin-brightening-treatment-possible-to-have-at-radiance-skin-and-hair-clinics/,/post/the-skin-brightening-treatment-possible-to-have-at-radiance-skin-and-hair-clinics,0,8,0.00,13.38,0,29,0.00,12.52,0,35,0.00,14.43,0,-6,0,148,0.00,20.22
https://www.radianceclinics.com/dandruff-treatment/,/dandruff-treatment,,,,,0,29,0.00,7.97,0,34,0.00,8.12,0,-5,0,127,0.00,9.23
https://www.radianceclinics.com/post/why-radiance-skin-and-hair-clinic-is-the-best-hair-loss-clinic-in-bhubaneswar/,/post/why-radiance-skin-and-hair-clinic-is-the-best-hair-loss-clinic-in-bhubaneswar,,,,,0,29,0.00,26.90,0,34,0.00,33.12,0,-5,0,108,0.00,28.07
https://www.radianceclinics.com/treatment/anti-ageing-therapies/ipl-therapy-photofacial/,/treatment/anti-ageing-therapies/ipl-therapy-photofacial,0,4,0.00,31.00,0,28,0.00,19.61,1,26,3.85,8.65,-1,2,2,77,2.60,14.29
https://www.radianceclinics.com/post/how-prp-treatment-helps-in-hair-fall-control-and-regrowth-naturally/,/post/how-prp-treatment-helps-in-hair-fall-control-and-regrowth-naturally,0,1,0.00,6.00,0,28,0.00,20.39,0,15,0.00,23.67,0,13,0,96,0.00,19.00
https://www.radianceclinics.com/concerns/hair-loss-scalp/female-pattern-hair-loss,/concerns/hair-loss-scalp/female-pattern-hair-loss,0,27,0.00,67.85,0,27,0.00,67.85,0,0,0.00,0.00,0,27,0,27,0.00,67.85
https://www.radianceclinics.com/treatment/premium-services/laser-facial/,/treatment/premium-services/laser-facial,0,2,0.00,76.00,0,27,0.00,71.00,0,7,0.00,29.57,0,20,0,47,0.00,55.85
https://www.radianceclinics.com/post/is-it-safe-to-have-a-hair-transplant-in-bhubaneswar-at-radiance-skin-and-hair-clinic/,/post/is-it-safe-to-have-a-hair-transplant-in-bhubaneswar-at-radiance-skin-and-hair-clinic,,,,,0,27,0.00,22.04,1,71,1.41,24.97,-1,-44,1,191,0.52,26.17
https://www.radianceclinics.com/treatment/pigmentation/,/treatment/pigmentation,,,,,0,27,0.00,55.56,0,8,0.00,35.38,0,19,0,47,0.00,42.57
https://www.radianceclinics.com/conditions/freckles/,/conditions/freckles,0,6,0.00,3.50,0,25,0.00,18.12,0,13,0.00,7.92,0,12,0,45,0.00,13.11
https://www.radianceclinics.com/acne-scars/,/acne-scars,,,,,0,25,0.00,37.48,0,42,0.00,47.83,0,-17,0,144,0.00,39.94
https://www.radianceclinics.com/post/when-you-need-to-be-at-the-best-skin-clinic/,/post/when-you-need-to-be-at-the-best-skin-clinic,,,,,0,25,0.00,41.68,0,23,0.00,20.57,0,2,0,100,0.00,22.89
https://www.radianceclinics.com/post/transformative-insights-from-radiance-clinics-for-skin-and-hair-health/,/post/transformative-insights-from-radiance-clinics-for-skin-and-hair-health,,,,,0,24,0.00,30.12,0,15,0.00,17.07,0,9,0,54,0.00,20.80
https://www.radianceclinics.com/treatment/bridal-dermatology/mesotherapy/,/treatment/bridal-dermatology/mesotherapy,0,7,0.00,5.14,1,23,4.35,32.78,0,4,0.00,2.75,1,19,1,31,3.23,25.23
https://www.radianceclinics.com/post/what-is-the-best-permanent-treatment-for-hair-loss/,/post/what-is-the-best-permanent-treatment-for-hair-loss,,,,,0,23,0.00,5.83,0,16,0.00,12.50,0,7,0,69,0.00,15.99
https://www.radianceclinics.com/conditions/dark-circles/,/conditions/dark-circles,,,,,0,23,0.00,16.65,0,34,0.00,2.44,0,-11,1,139,0.72,5.68
https://www.radianceclinics.com/concerns/pigmentation/pigmentation,/concerns/pigmentation/pigmentation,0,22,0.00,61.14,0,22,0.00,61.14,0,0,0.00,0.00,0,22,0,22,0.00,61.14
https://www.radianceclinics.com/treatment/unwanted-hair/diode-laser/,/treatment/unwanted-hair/diode-laser,,,,,0,22,0.00,59.59,0,37,0.00,39.68,0,-15,0,109,0.00,49.72
https://www.radianceclinics.com/concerns/skin-texture/dehydrated-skin,/concerns/skin-texture/dehydrated-skin,0,21,0.00,57.14,0,21,0.00,57.14,0,0,0.00,0.00,0,21,0,21,0.00,57.14
https://www.radianceclinics.com/conditions/stretch-marks-removal/,/conditions/stretch-marks-removal,0,1,0.00,1.00,0,21,0.00,34.48,0,13,0.00,8.46,0,8,0,57,0.00,17.91
https://www.radianceclinics.com/post/what-common-mistakes-can-make-your-hair-transplant-more-expensive/,/post/what-common-mistakes-can-make-your-hair-transplant-more-expensive,,,,,0,21,0.00,49.76,0,29,0.00,56.97,0,-8,0,82,0.00,56.55
https://www.radianceclinics.com/treatment/anti-ageing-therapies/,/treatment/anti-ageing-therapies,,,,,0,21,0.00,54.90,0,50,0.00,37.68,0,-29,0,139,0.00,40.63
https://www.radianceclinics.com/treatment/hairfall/,/treatment/hairfall,,,,,0,21,0.00,67.29,0,25,0.00,76.72,0,-4,0,81,0.00,79.72
https://www.radianceclinics.com/doctor-answers/does-pcos-affect-laser-hair-reduction,/doctor-answers/does-pcos-affect-laser-hair-reduction,0,20,0.00,7.60,0,20,0.00,7.60,0,0,0.00,0.00,0,20,0,20,0.00,7.60
https://www.radianceclinics.com/conditions/skin-growth/,/conditions/skin-growth,0,2,0.00,1.00,0,20,0.00,41.15,0,5,0.00,21.20,0,15,0,28,0.00,33.29
https://www.radianceclinics.com/results,/results,0,16,0.00,41.12,0,19,0.00,38.84,0,0,0.00,0.00,0,19,0,19,0.00,38.84
https://www.radianceclinics.com/blogs/,/blogs,,,,,0,19,0.00,10.47,0,25,0.00,2.72,0,-6,0,66,0.00,5.11
https://www.radianceclinics.com/sunspot-removal/,/sunspot-removal,,,,,0,19,0.00,11.37,0,27,0.00,9.52,0,-8,0,69,0.00,13.16
https://www.radianceclinics.com/conditions/contact-dermatitis/,/conditions/contact-dermatitis,,,,,0,19,0.00,35.16,0,4,0.00,43.25,0,15,0,31,0.00,28.16
https://www.radianceclinics.com/treatment/bridal-dermatology/laser-hair-reduction/,/treatment/bridal-dermatology/laser-hair-reduction,,,,,0,19,0.00,94.58,0,6,0.00,82.83,0,13,0,32,0.00,92.88
https://www.radianceclinics.com/doctor-answers/when-see-doctor-for-acne,/doctor-answers/when-see-doctor-for-acne,0,18,0.00,71.67,0,18,0.00,71.67,0,0,0.00,0.00,0,18,0,18,0.00,71.67
https://www.radianceclinics.com/privacy-policy/,/privacy-policy,0,2,0.00,5.50,0,18,0.00,16.94,0,11,0.00,22.73,0,7,0,37,0.00,19.54
https://www.radianceclinics.com/post/combat-hair-fall-natural-remedies-dermatologist-tips/,/post/combat-hair-fall-natural-remedies-dermatologist-tips,,,,,0,18,0.00,20.06,0,229,0.00,4.02,0,-211,1,416,0.24,4.77
https://www.radianceclinics.com/treatment/bridal-dermatology/hgp-for-hair/,/treatment/bridal-dermatology/hgp-for-hair,,,,,0,18,0.00,21.33,0,30,0.00,6.23,0,-12,0,76,0.00,10.12
https://www.radianceclinics.com/treatment/acne-scars/,/treatment/acne-scars,,,,,0,18,0.00,37.11,0,11,0.00,10.27,0,7,1,42,2.38,22.36
https://www.radianceclinics.com/treatment/pigmentation/chemical-peel/,/treatment/pigmentation/chemical-peel,,,,,0,18,0.00,42.61,0,14,0.00,13.86,0,4,0,44,0.00,27.05
https://www.radianceclinics.com/post/using-botox-and-fillers-for-anti-aging-treatments/,/post/using-botox-and-fillers-for-anti-aging-treatments,,,,,0,18,0.00,45.50,0,41,0.00,36.88,0,-23,0,93,0.00,38.86
https://www.radianceclinics.com/treatment/pigmentation/laser-toning/,/treatment/pigmentation/laser-toning,,,,,0,18,0.00,47.56,0,10,0.00,12.70,0,8,0,39,0.00,27.18
https://www.radianceclinics.com/concerns/acne/cystic-acne,/concerns/acne/cystic-acne,0,17,0.00,16.94,0,17,0.00,16.94,0,0,0.00,0.00,0,17,0,17,0.00,16.94
https://www.radianceclinics.com/concerns/hair-loss-scalp/dandruff,/concerns/hair-loss-scalp/dandruff,0,17,0.00,22.35,0,17,0.00,22.35,0,0,0.00,0.00,0,17,0,17,0.00,22.35
https://www.radianceclinics.com/doctor-answers/why-pores-look-large-on-nose,/doctor-answers/why-pores-look-large-on-nose,0,17,0.00,55.59,0,17,0.00,55.59,0,0,0.00,0.00,0,17,0,17,0.00,55.59
https://www.radianceclinics.com/treatments/skin-laser/acne-scar-revision,/treatments/skin-laser/acne-scar-revision,0,11,0.00,8.55,0,17,0.00,8.35,0,0,0.00,0.00,0,17,0,17,0.00,8.35
https://www.radianceclinics.com/post/common-hair-loss-myths-that-might-be-holding-you-back/,/post/common-hair-loss-myths-that-might-be-holding-you-back,,,,,0,17,0.00,1.59,0,21,0.00,2.38,0,-4,0,59,0.00,3.02
https://www.radianceclinics.com/treatment/stretch-marks/pixigenus-stretch-marks/,/treatment/stretch-marks/pixigenus-stretch-marks,,,,,0,17,0.00,17.71,0,7,0.00,14.00,0,10,1,34,2.94,14.59
https://www.radianceclinics.com/treatment/pigmentation/mesotherapy/,/treatment/pigmentation/mesotherapy,,,,,0,17,0.00,39.65,1,16,6.25,22.94,-1,1,1,189,0.53,38.53
https://www.radianceclinics.com/treatment/acne-scars/dermaroller/,/treatment/acne-scars/dermaroller,,,,,0,17,0.00,79.35,0,1,0.00,8.00,0,16,0,41,0.00,75.88
https://www.radianceclinics.com/doctor-answers/why-melasma-returns,/doctor-answers/why-melasma-returns,1,16,6.25,80.56,1,16,6.25,80.56,0,0,0.00,0.00,1,16,1,16,6.25,80.56
https://www.radianceclinics.com/knowledge/best-skin-clinic-bhubaneswar,/knowledge/best-skin-clinic-bhubaneswar,0,16,0.00,13.06,0,16,0.00,13.06,0,0,0.00,0.00,0,16,0,16,0.00,13.06
https://www.radianceclinics.com/post/skin-and-hair-specialist-near-me/,/post/skin-and-hair-specialist-near-me,0,3,0.00,5.00,0,16,0.00,29.81,0,15,0.00,60.07,0,1,0,43,0.00,39.05
https://www.radianceclinics.com/treatment/anti-ageing-therapies/pixel/,/treatment/anti-ageing-therapies/pixel,0,1,0.00,39.00,0,16,0.00,32.44,0,12,0.00,8.75,0,4,0,48,0.00,17.69
https://www.radianceclinics.com/conditions/body-hair/,/conditions/body-hair,0,1,0.00,58.00,0,16,0.00,38.69,0,4,0.00,4.75,0,12,0,27,0.00,27.26
https://www.radianceclinics.com/treatment/anti-ageing-therapies/age-erase/,/treatment/anti-ageing-therapies/age-erase,0,1,0.00,83.00,0,16,0.00,82.44,0,22,0.00,83.05,0,-6,0,73,0.00,82.85
https://www.radianceclinics.com/post/spending-on-weight-loss-is-an-ideal-investment/,/post/spending-on-weight-loss-is-an-ideal-investment,,,,,0,16,0.00,17.19,0,18,0.00,12.61,0,-2,1,57,1.75,13.26
https://www.radianceclinics.com/post/best-dermatologist-for-acne-an-treatment/,/post/best-dermatologist-for-acne-an-treatment,,,,,0,16,0.00,37.50,0,26,0.00,42.81,0,-10,0,72,0.00,33.46
https://www.radianceclinics.com/treatment/hairfall/mesotherapy/,/treatment/hairfall/mesotherapy,,,,,0,16,0.00,43.69,0,9,0.00,40.78,0,7,1,43,2.33,33.16
https://www.radianceclinics.com/treatment/stretch-marks/tixel/,/treatment/stretch-marks/tixel,,,,,0,16,0.00,51.69,0,0,0.00,0.00,0,16,0,21,0.00,50.57
https://www.radianceclinics.com/treatment/premium-services/photofacials/,/treatment/premium-services/photofacials,,,,,0,16,0.00,51.88,0,10,0.00,46.20,0,6,0,32,0.00,51.41
https://www.radianceclinics.com/post/advanced-acne-scar-removal-treatments-you-should-know/,/post/advanced-acne-scar-removal-treatments-you-should-know,1,5,20.00,23.20,2,15,13.33,18.33,0,23,0.00,11.57,2,-8,2,75,2.67,11.87
https://www.radianceclinics.com/post/what-should-i-know-before-buying-a-hair-wig/,/post/what-should-i-know-before-buying-a-hair-wig,,,,,0,15,0.00,15.67,0,17,0.00,13.88,0,-2,0,69,0.00,16.55
https://www.radianceclinics.com/treatment/premium-services/hydra-revive/,/treatment/premium-services/hydra-revive,,,,,0,15,0.00,26.73,1,14,7.14,11.29,-1,1,1,46,2.17,15.48
https://www.radianceclinics.com/treatment/premium-services/iv-infusions/,/treatment/premium-services/iv-infusions,,,,,0,15,0.00,41.20,0,11,0.00,8.00,0,4,0,42,0.00,24.00
https://www.radianceclinics.com/invisible-facelift-at-bhubaneswar/,/invisible-facelift-at-bhubaneswar,,,,,0,15,0.00,68.60,1,10,10.00,31.30,-1,5,2,54,3.70,40.74
https://www.radianceclinics.com/conditions/skin-ageing-laxity,/conditions/skin-ageing-laxity,0,10,0.00,58.80,0,14,0.00,59.14,0,0,0.00,0.00,0,14,0,14,0.00,59.14
https://www.radianceclinics.com/conditions/antiageing/,/conditions/antiageing,0,3,0.00,54.33,0,14,0.00,20.14,0,17,0.00,37.59,0,-3,0,55,0.00,38.20
https://www.radianceclinics.com/treatment/anti-ageing-therapies/high-intensity-focused-ultrasound/,/treatment/anti-ageing-therapies/high-intensity-focused-ultrasound,,,,,0,14,0.00,5.43,0,41,0.00,6.59,0,-27,2,82,2.44,6.40
https://www.radianceclinics.com/post/laser-hair-removal/,/post/laser-hair-removal,0,2,0.00,3.00,0,13,0.00,56.54,0,1,0.00,1.00,0,12,0,14,0.00,52.57
https://www.radianceclinics.com/conditions/eczema/,/conditions/eczema,0,1,0.00,21.00,0,13,0.00,18.54,0,3,0.00,3.67,0,10,0,19,0.00,14.26
https://www.radianceclinics.com/conditions/psoriasis/,/conditions/psoriasis,,,,,0,13,0.00,17.85,0,7,0.00,2.57,0,6,0,28,0.00,9.93
https://www.radianceclinics.com/conditions/urticaria/,/conditions/urticaria,,,,,0,13,0.00,22.62,0,13,0.00,4.46,0,0,0,31,0.00,12.90
https://www.radianceclinics.com/treatment/premium-services/radiance-3d/,/treatment/premium-services/radiance-3d,,,,,0,13,0.00,40.77,0,10,0.00,26.40,0,3,0,27,0.00,39.81
https://www.radianceclinics.com/treatment/hairfall/advanced-hgp/,/treatment/hairfall/advanced-hgp,,,,,0,13,0.00,46.38,1,8,12.50,6.25,-1,5,1,38,2.63,21.29
https://www.radianceclinics.com/treatment/acne-scars/prp-subsicion/,/treatment/acne-scars/prp-subsicion,,,,,0,13,0.00,53.15,0,11,0.00,7.45,0,2,1,40,2.50,24.70
https://www.radianceclinics.com/treatment/bridal-dermatology/lip-pigmentation-2/,/treatment/bridal-dermatology/lip-pigmentation-2,1,6,16.67,9.83,1,12,8.33,22.83,0,6,0.00,7.50,1,6,1,23,4.35,15.83
https://www.radianceclinics.com/doctor-answers/why-pigmentation-worse-after-treatment,/doctor-answers/why-pigmentation-worse-after-treatment,0,12,0.00,6.58,0,12,0.00,6.58,0,0,0.00,0.00,0,12,0,12,0.00,6.58
https://www.radianceclinics.com/concerns/scars-stretch-marks/surgical-scars,/concerns/scars-stretch-marks/surgical-scars,0,12,0.00,18.25,0,12,0.00,18.25,0,0,0.00,0.00,0,12,0,12,0.00,18.25
https://www.radianceclinics.com/concerns/other-skin-concerns/rosacea-redness,/concerns/other-skin-concerns/rosacea-redness,0,12,0.00,56.75,0,12,0.00,56.75,0,0,0.00,0.00,0,12,0,12,0.00,56.75
https://www.radianceclinics.com/knowledge/premium-aesthetic-consultation,/knowledge/premium-aesthetic-consultation,0,11,0.00,8.55,0,12,0.00,8.67,0,0,0.00,0.00,0,12,0,12,0.00,8.67
https://www.radianceclinics.com/post/what-diet-and-lifestyle-changes-can-support-successful-hair-restoration/,/post/what-diet-and-lifestyle-changes-can-support-successful-hair-restoration,0,2,0.00,42.50,0,12,0.00,24.83,0,47,0.00,7.87,0,-35,0,152,0.00,11.22
https://www.radianceclinics.com/treatment/bridal-dermatology/photofacial/,/treatment/bridal-dermatology/photofacial,0,1,0.00,5.00,0,12,0.00,63.58,0,0,0.00,0.00,0,12,0,17,0.00,45.94
https://www.radianceclinics.com/post/say-goodbye-to-warts-transform-your-skin-at-radiance-clinic/,/post/say-goodbye-to-warts-transform-your-skin-at-radiance-clinic,,,,,0,12,0.00,11.92,1,32,3.12,6.81,-1,-20,3,100,3.00,6.97
https://www.radianceclinics.com/conditions/hairfall/,/conditions/hairfall,,,,,0,12,0.00,16.00,0,5,0.00,5.20,0,7,0,26,0.00,11.08
https://www.radianceclinics.com/conditions/vitiligo/,/conditions/vitiligo,,,,,0,12,0.00,17.33,0,6,0.00,3.50,0,6,0,23,0.00,11.17
https://www.radianceclinics.com/conditions/keloid/,/conditions/keloid,,,,,0,12,0.00,21.25,0,6,0.00,34.83,0,6,0,23,0.00,27.61
https://www.radianceclinics.com/conditions/rosacea/,/conditions/rosacea,,,,,0,12,0.00,24.25,0,1,0.00,1.00,0,11,0,14,0.00,21.00
https://www.radianceclinics.com/treatment/bridal-dermatology/mnrf-stretch-marks/,/treatment/bridal-dermatology/mnrf-stretch-marks,,,,,0,12,0.00,28.08,0,6,0.00,8.17,0,6,1,44,2.27,15.64
https://www.radianceclinics.com/treatment/bridal-dermatology/beardshaping/,/treatment/bridal-dermatology/beardshaping,,,,,0,12,0.00,41.92,0,19,0.00,31.16,0,-7,1,69,1.45,32.59
https://www.radianceclinics.com/post/what-causes-hair-loss-and-how-it-can-be-treated/,/post/what-causes-hair-loss-and-how-it-can-be-treated,,,,,0,12,0.00,60.08,0,8,0.00,31.75,0,4,0,42,0.00,32.79
https://www.radianceclinics.com/doctor-answers/why-scalp-visible-under-bright-light,/doctor-answers/why-scalp-visible-under-bright-light,0,11,0.00,6.18,0,11,0.00,6.18,0,0,0.00,0.00,0,11,0,11,0.00,6.18
https://www.radianceclinics.com/doctor-answers/enlarged-pores-or-acne-scars,/doctor-answers/enlarged-pores-or-acne-scars,0,11,0.00,7.82,0,11,0.00,7.82,0,0,0.00,0.00,0,11,0,11,0.00,7.82
https://www.radianceclinics.com/doctor-answers/why-hair-falls-more-on-wash-days,/doctor-answers/why-hair-falls-more-on-wash-days,0,11,0.00,31.82,0,11,0.00,31.82,0,0,0.00,0.00,0,11,0,11,0.00,31.82
https://www.radianceclinics.com/concerns/laser-hair-reduction/strawberry-legs,/concerns/laser-hair-reduction/strawberry-legs,0,11,0.00,44.00,0,11,0.00,44.00,0,0,0.00,0.00,0,11,0,11,0.00,44.00
https://www.radianceclinics.com/concerns/hair-loss-scalp/receding-hairline,/concerns/hair-loss-scalp/receding-hairline,0,11,0.00,67.18,0,11,0.00,67.18,0,0,0.00,0.00,0,11,0,11,0.00,67.18
https://www.radianceclinics.com/treatment/anti-ageing-therapies/collagen-induction-therapy/,/treatment/anti-ageing-therapies/collagen-induction-therapy,0,1,0.00,1.00,0,11,0.00,51.64,0,4,0.00,41.00,0,7,0,34,0.00,54.82
https://www.radianceclinics.com/treatment/pigmentation/insta-glow/,/treatment/pigmentation/insta-glow,0,1,0.00,1.00,0,11,0.00,42.36,2,17,11.76,8.35,-2,-6,3,51,5.88,16.31
https://www.radianceclinics.com/conditions/melasma/,/conditions/melasma,,,,,0,11,0.00,23.64,0,8,0.00,8.25,0,3,0,22,0.00,15.32
https://www.radianceclinics.com/post/which-filler-is-right-for-you-expert-advice/,/post/which-filler-is-right-for-you-expert-advice,,,,,0,11,0.00,37.36,0,14,0.00,29.57,0,-3,0,76,0.00,32.05
https://www.radianceclinics.com/treatment/bridal-dermatology/,/treatment/bridal-dermatology,,,,,0,11,0.00,42.55,0,17,0.00,12.53,0,-6,1,55,1.82,20.64
https://www.radianceclinics.com/anti-wrinkle-radiance/,/anti-wrinkle-radiance,,,,,0,11,0.00,52.27,0,18,0.00,47.11,0,-7,0,78,0.00,53.99
https://www.radianceclinics.com/doctor-answers/melasma-vs-hyperpigmentation,/doctor-answers/melasma-vs-hyperpigmentation,0,10,0.00,75.80,0,10,0.00,75.80,0,0,0.00,0.00,0,10,0,10,0.00,75.80
https://www.radianceclinics.com/conditions/atopic-dermatitis/,/conditions/atopic-dermatitis,0,1,0.00,1.00,0,10,0.00,55.70,0,2,0.00,1.00,0,8,0,13,0.00,43.54
https://www.radianceclinics.com/hair-/,/hair-,,,,,0,10,0.00,31.50,0,26,0.00,64.77,0,-16,0,36,0.00,55.53
https://www.radianceclinics.com/virtual-tour/,/virtual-tour,,,,,0,10,0.00,47.50,0,6,0.00,61.33,0,4,0,21,0.00,60.86
https://www.radianceclinics.com/treatment/bridal-dermatology/lasertoning/,/treatment/bridal-dermatology/lasertoning,,,,,0,10,0.00,47.70,0,11,0.00,13.27,0,-1,0,37,0.00,19.84
https://www.radianceclinics.com/conditions/acne-scar-removal/,/conditions/acne-scar-removal,,,,,0,10,0.00,52.80,0,15,0.00,4.80,0,-5,0,56,0.00,14.91
https://www.radianceclinics.com/post/say-goodbye-to-monsoon-hair-loss-easy-ways-to-control-hairfall/,/post/say-goodbye-to-monsoon-hair-loss-easy-ways-to-control-hairfall,,,,,0,10,0.00,58.60,0,24,0.00,63.04,0,-14,0,67,0.00,63.51
https://www.radianceclinics.com/post/reasons-to-have-professional-treatment-for-acne/,/post/reasons-to-have-professional-treatment-for-acne,,,,,0,10,0.00,69.40,0,27,0.00,52.63,0,-17,0,88,0.00,62.84
https://www.radianceclinics.com/treatment/acne-scars/pixel/,/treatment/acne-scars/pixel,,,,,0,10,0.00,82.20,1,11,9.09,7.64,-1,-1,1,37,2.70,29.68
https://www.radianceclinics.com/concerns/hair-loss-scalp/widening-part,/concerns/hair-loss-scalp/widening-part,0,9,0.00,13.11,0,9,0.00,13.11,0,0,0.00,0.00,0,9,0,9,0.00,13.11
https://www.radianceclinics.com/doctor-answers/why-hairline-receding-one-side,/doctor-answers/why-hairline-receding-one-side,0,9,0.00,38.22,0,9,0.00,38.22,0,0,0.00,0.00,0,9,0,9,0.00,38.22
https://www.radianceclinics.com/post/can-skin-clinics-help-with-dark-circles-and-under-eye-concerns/,/post/can-skin-clinics-help-with-dark-circles-and-under-eye-concerns,0,6,0.00,37.50,1,9,11.11,27.00,0,2,0.00,3.50,1,7,1,15,6.67,23.20
https://www.radianceclinics.com/before-after,/before-after,0,6,0.00,45.00,0,9,0.00,36.78,0,0,0.00,0.00,0,9,0,9,0.00,36.78
https://www.radianceclinics.com/treatment/stretch-marks/erbium-fibre-laser/,/treatment/stretch-marks/erbium-fibre-laser,0,2,0.00,8.50,0,9,0.00,29.22,0,2,0.00,12.00,0,7,0,13,0.00,24.38
https://www.radianceclinics.com/treatment/bridal-dermatology/laser-facials/,/treatment/bridal-dermatology/laser-facials,,,,,0,9,0.00,38.67,0,4,0.00,29.50,0,5,0,19,0.00,27.26
https://www.radianceclinics.com/hair-loss-causes/,/hair-loss-causes,,,,,0,9,0.00,48.67,1,1,100.00,2.00,-1,8,1,20,5.00,24.30
https://www.radianceclinics.com/blogs/page/2/,/blogs/page/2,,,,,0,9,0.00,60.78,0,1,0.00,2.00,0,8,0,10,0.00,54.90
https://www.radianceclinics.com/conditions/antiageing/age-spot/,/conditions/antiageing/age-spot,,,,,0,9,0.00,79.00,0,0,0.00,0.00,0,9,0,9,0.00,79.00
https://www.radianceclinics.com/treatment/pigmentation/cosmelan-peel/,/treatment/pigmentation/cosmelan-peel,,,,,0,9,0.00,81.89,0,6,0.00,8.83,0,3,0,26,0.00,38.08
https://www.radianceclinics.com/doctor-answers/when-wear-helmet-after-hair-transplant,/doctor-answers/when-wear-helmet-after-hair-transplant,0,8,0.00,14.75,0,8,0.00,14.75,0,0,0.00,0.00,0,8,0,8,0.00,14.75
https://www.radianceclinics.com/concerns/pigmentation/melasma,/concerns/pigmentation/melasma,0,8,0.00,54.75,0,8,0.00,54.75,0,0,0.00,0.00,0,8,0,8,0.00,54.75
https://www.radianceclinics.com/treatment/unwanted-hair/beard-shaping/,/treatment/unwanted-hair/beard-shaping,0,1,0.00,1.00,0,8,0.00,62.75,0,8,0.00,26.12,0,0,0,26,0.00,51.04
https://www.radianceclinics.com/treatment/non-surgical-facial-enhancements/lip-enhancement/,/treatment/non-surgical-facial-enhancements/lip-enhancement,,,,,0,8,0.00,6.88,0,9,0.00,5.67,0,-1,0,23,0.00,6.74
https://www.radianceclinics.com/post/why-radiance-skin-and-hair-clinics-leads-in-stem-cell-transplants-in-odisha/,/post/why-radiance-skin-and-hair-clinics-leads-in-stem-cell-transplants-in-odisha,,,,,0,8,0.00,7.62,0,8,0.00,2.25,0,0,1,33,3.03,5.70
https://www.radianceclinics.com/post/how-to-know-if-youre-a-good-candidate-for-fue-or-fut/,/post/how-to-know-if-youre-a-good-candidate-for-fue-or-fut,,,,,0,8,0.00,9.00,0,2,0.00,5.50,0,6,0,21,0.00,18.00
https://www.radianceclinics.com/post/when-is-the-perfect-time-to-restore-your-hair/,/post/when-is-the-perfect-time-to-restore-your-hair,,,,,0,8,0.00,14.50,0,6,0.00,5.17,0,2,0,32,0.00,13.34
https://www.radianceclinics.com/treatment/acne-treatment/diamond-polishing/,/treatment/acne-treatment/diamond-polishing,,,,,0,8,0.00,28.62,0,4,0.00,15.75,0,4,0,23,0.00,21.57
https://www.radianceclinics.com/treatment/premium-services/4d-photofacial/,/treatment/premium-services/4d-photofacial,,,,,0,8,0.00,39.50,0,6,0.00,5.50,0,2,0,21,0.00,26.48
https://www.radianceclinics.com/post-hair-transplant-recovery-guide/,/post-hair-transplant-recovery-guide,,,,,0,8,0.00,40.50,0,10,0.00,9.30,0,-2,0,41,0.00,12.90
https://www.radianceclinics.com/conditions/spider-veins/,/conditions/spider-veins,,,,,0,8,0.00,61.12,0,4,0.00,16.50,0,4,0,21,0.00,30.24
https://www.radianceclinics.com/treatment/premium-services/insta-glam/,/treatment/premium-services/insta-glam,,,,,0,8,0.00,76.00,0,4,0.00,14.25,0,4,0,18,0.00,43.44
https://www.radianceclinics.com/concerns/hair-transplant/female-hair-transplant,/concerns/hair-transplant/female-hair-transplant,0,7,0.00,27.43,0,7,0.00,27.43,0,0,0.00,0.00,0,7,0,7,0.00,27.43
https://www.radianceclinics.com/concerns/skin-texture/rough-skin-texture,/concerns/skin-texture/rough-skin-texture,0,7,0.00,32.57,0,7,0.00,32.57,0,0,0.00,0.00,0,7,0,7,0.00,32.57
https://www.radianceclinics.com/concerns/acne-scars/boxcar-scars,/concerns/acne-scars/boxcar-scars,0,7,0.00,33.14,0,7,0.00,33.14,0,0,0.00,0.00,0,7,0,7,0.00,33.14
https://www.radianceclinics.com/post/modern-treatments-for-effective-fat-reduction/,/post/modern-treatments-for-effective-fat-reduction,0,2,0.00,12.00,0,7,0.00,35.57,0,0,0.00,0.00,0,7,0,13,0.00,25.00
https://www.radianceclinics.com/post/best-treatment-for-a-healthy-hair-and-skin/,/post/best-treatment-for-a-healthy-hair-and-skin,,,,,0,7,0.00,7.57,0,2,0.00,10.50,0,5,0,20,0.00,13.50
https://www.radianceclinics.com/post/radiance-skin-clinics-your-solution-for-skin-issues/,/post/radiance-skin-clinics-your-solution-for-skin-issues,,,,,0,7,0.00,33.14,0,10,0.00,15.30,0,-3,1,40,2.50,22.70
https://www.radianceclinics.com/media-press-release/,/media-press-release,,,,,0,7,0.00,48.71,0,2,0.00,51.50,0,5,0,12,0.00,60.25
https://www.radianceclinics.com/conditions/laser-tattoo-removal/,/conditions/laser-tattoo-removal,,,,,0,7,0.00,62.43,0,15,0.00,19.33,0,-8,0,38,0.00,36.08
https://www.radianceclinics.com/treatment/non-surgical-facial-enhancements/,/treatment/non-surgical-facial-enhancements,,,,,0,7,0.00,85.71,0,13,0.00,18.62,0,-6,0,29,0.00,43.76
https://www.radianceclinics.com/concerns/aging-aesthetics/forehead-lines,/concerns/aging-aesthetics/forehead-lines,0,6,0.00,55.83,0,6,0.00,55.83,0,0,0.00,0.00,0,6,0,6,0.00,55.83
https://www.radianceclinics.com/post/advantages-of-online-dermatologist-consultations/,/post/advantages-of-online-dermatologist-consultations,0,2,0.00,41.00,0,6,0.00,46.50,0,6,0.00,8.17,0,0,1,22,4.55,18.45
https://www.radianceclinics.com/post/how-effective-are-weight-loss-clinics-for-belly-fat-reduction/,/post/how-effective-are-weight-loss-clinics-for-belly-fat-reduction,,,,,0,6,0.00,8.17,0,3,0.00,13.33,0,3,0,20,0.00,6.20
https://www.radianceclinics.com/conditions/acne/,/conditions/acne,,,,,0,6,0.00,36.50,0,3,0.00,3.33,0,3,0,12,0.00,19.42
https://www.radianceclinics.com/treatment/unwanted-hair/soprano-ice/,/treatment/unwanted-hair/soprano-ice,,,,,0,6,0.00,57.83,0,4,0.00,3.75,0,2,0,12,0.00,31.25
https://www.radianceclinics.com/treatment/bridal-dermatology/carbonpeel/,/treatment/bridal-dermatology/carbonpeel,,,,,0,6,0.00,72.83,0,5,0.00,26.80,0,1,0,14,0.00,42.00
https://www.radianceclinics.com/treatment/premium-services/peels/,/treatment/premium-services/peels,,,,,0,6,0.00,73.50,0,2,0.00,9.50,0,4,0,9,0.00,51.78
https://www.radianceclinics.com/treatment/bridal-dermatology/derma-roller/,/treatment/bridal-dermatology/derma-roller,,,,,0,6,0.00,91.00,0,10,0.00,11.10,0,-4,0,23,0.00,30.13
https://www.radianceclinics.com/treatment/bridal-dermatology/mesofacials/,/treatment/bridal-dermatology/mesofacials,,,,,0,6,0.00,94.17,0,1,0.00,1.00,0,5,0,8,0.00,70.88
https://www.radianceclinics.com/concerns,/concerns,0,5,0.00,3.20,0,5,0.00,3.20,0,0,0.00,0.00,0,5,0,5,0.00,3.20
https://www.radianceclinics.com/concerns/acne-scars/ice-pick-scars,/concerns/acne-scars/ice-pick-scars,0,5,0.00,21.00,0,5,0.00,21.00,0,0,0.00,0.00,0,5,0,5,0.00,21.00
https://www.radianceclinics.com/doctor-answers/does-popping-pimples-cause-scars,/doctor-answers/does-popping-pimples-cause-scars,0,5,0.00,46.60,0,5,0.00,46.60,0,0,0.00,0.00,0,5,0,5,0.00,46.60
https://www.radianceclinics.com/concerns/skin-texture/dull-skin,/concerns/skin-texture/dull-skin,0,5,0.00,58.60,0,5,0.00,58.60,0,0,0.00,0.00,0,5,0,5,0.00,58.60
https://www.radianceclinics.com/post/unlocking-the-secrets-of-skincare-and-hair-restoration-a-journey-with-radiance-clinics/,/post/unlocking-the-secrets-of-skincare-and-hair-restoration-a-journey-with-radiance-clinics,0,3,0.00,1.67,0,5,0.00,2.60,0,10,0.00,7.70,0,-5,0,38,0.00,7.03
https://www.radianceclinics.com/treatments/hair-restoration/advanced-hair-fall-solutions,/treatments/hair-restoration/advanced-hair-fall-solutions,0,3,0.00,8.33,1,5,20.00,6.60,0,0,0.00,0.00,1,5,1,5,20.00,6.60
https://www.radianceclinics.com/post/skincare-mythbusters-debunking-common-misconceptions-about-skin-health/,/post/skincare-mythbusters-debunking-common-misconceptions-about-skin-health,0,3,0.00,33.33,0,5,0.00,25.20,1,2,50.00,25.50,-1,3,1,19,5.26,18.84
https://www.radianceclinics.com/post/common-myths-about-laser-hair-removal-treatments/,/post/common-myths-about-laser-hair-removal-treatments,,,,,1,5,20.00,61.40,3,21,14.29,23.95,-2,-16,4,42,9.52,29.60
https://www.radianceclinics.com/post/luminous-love-laser-facials-for-bridal-skincare-bliss/,/post/luminous-love-laser-facials-for-bridal-skincare-bliss,,,,,0,5,0.00,6.40,0,3,0.00,8.33,0,2,0,10,0.00,7.60
https://www.radianceclinics.com/post/when-should-you-visit-a-skin-clinic-signs-and-symptoms-to-watch/,/post/when-should-you-visit-a-skin-clinic-signs-and-symptoms-to-watch,,,,,0,5,0.00,26.00,0,15,0.00,9.67,0,-10,0,44,0.00,31.32
https://www.radianceclinics.com/post/radiance-skin-and-hair-clinics-your-ideal-destination-for-hair-transplants/,/post/radiance-skin-and-hair-clinics-your-ideal-destination-for-hair-transplants,,,,,0,5,0.00,47.40,0,11,0.00,30.45,0,-6,0,26,0.00,48.65
https://www.radianceclinics.com/post/non-surgical-hair-replacement/,/post/non-surgical-hair-replacement,,,,,0,5,0.00,85.20,0,6,0.00,8.17,0,-1,0,14,0.00,36.07
https://www.radianceclinics.com/treatment/hairfall/advanced-stemcellow/,/treatment/hairfall/advanced-stemcellow,,,,,0,5,0.00,89.00,0,0,0.00,0.00,0,5,0,5,0.00,89.00
https://www.radianceclinics.com/treatment/bridal-dermatology/acnecheck-treatment/,/treatment/bridal-dermatology/acnecheck-treatment,,,,,0,5,0.00,121.80,0,2,0.00,65.50,0,3,0,10,0.00,91.00
https://www.radianceclinics.com/doctor-answers/when-widening-part-needs-assessment,/doctor-answers/when-widening-part-needs-assessment,0,4,0.00,8.50,0,4,0.00,8.50,0,0,0.00,0.00,0,4,0,4,0.00,8.50
https://www.radianceclinics.com/doctor-answers/why-acne-after-shaving,/doctor-answers/why-acne-after-shaving,0,4,0.00,22.25,0,4,0.00,22.25,0,0,0.00,0.00,0,4,0,4,0.00,22.25
https://www.radianceclinics.com/concerns/hair-loss-scalp/sudden-hair-shedding,/concerns/hair-loss-scalp/sudden-hair-shedding,0,4,0.00,24.00,0,4,0.00,24.00,0,0,0.00,0.00,0,4,0,4,0.00,24.00
https://www.radianceclinics.com/concerns/acne-scars/post-acne-red-marks,/concerns/acne-scars/post-acne-red-marks,0,4,0.00,39.75,0,4,0.00,39.75,0,0,0.00,0.00,0,4,0,4,0.00,39.75
https://www.radianceclinics.com/concerns/hair-loss-scalp/alopecia-areata,/concerns/hair-loss-scalp/alopecia-areata,0,4,0.00,72.50,0,4,0.00,72.50,0,0,0.00,0.00,0,4,0,4,0.00,72.50
https://www.radianceclinics.com/knowledge/how-to-plan-hair-restoration,/knowledge/how-to-plan-hair-restoration,0,1,0.00,41.00,0,4,0.00,15.25,0,0,0.00,0.00,0,4,0,4,0.00,15.25
https://www.radianceclinics.com/blogs/page/3/,/blogs/page/3,,,,,0,4,0.00,3.25,0,0,0.00,0.00,0,4,0,6,0.00,4.00
https://www.radianceclinics.com/post/radiance-clinics-awarded-times-health-icon-for-exceptional-contributions-in-cosmetology-and-hair-transplant/,/post/radiance-clinics-awarded-times-health-icon-for-exceptional-contributions-in-cosmetology-and-hair-transplant,,,,,0,4,0.00,6.75,0,13,0.00,6.54,0,-9,0,27,0.00,6.48
https://www.radianceclinics.com/treatment/acne-scars/erbium-fiber-laser/,/treatment/acne-scars/erbium-fiber-laser,,,,,0,4,0.00,47.75,0,4,0.00,4.25,0,0,0,8,0.00,26.00
https://www.radianceclinics.com/post/is-hair-restoration-worth-the-investment/,/post/is-hair-restoration-worth-the-investment,,,,,0,4,0.00,52.25,0,2,0.00,7.50,0,2,0,15,0.00,18.73
https://www.radianceclinics.com/treatment/acne-treatment/acne-erase/,/treatment/acne-treatment/acne-erase,,,,,0,4,0.00,79.50,0,8,0.00,4.38,0,-4,0,13,0.00,28.23
https://www.radianceclinics.com/conditions/ingrowing-toe-nails/,/conditions/ingrowing-toe-nails,,,,,0,4,0.00,108.75,0,2,0.00,22.00,0,2,0,7,0.00,68.57
https://www.radianceclinics.com/doctor-answers,/doctor-answers,0,3,0.00,7.67,0,3,0.00,7.67,0,0,0.00,0.00,0,3,0,3,0.00,7.67
https://www.radianceclinics.com/doctor-answers/tan-vs-pigmentation,/doctor-answers/tan-vs-pigmentation,0,3,0.00,8.33,0,3,0.00,8.33,0,0,0.00,0.00,0,3,0,3,0.00,8.33
https://www.radianceclinics.com/doctor-answers/laser-hair-reduction-safe-darker-skin,/doctor-answers/laser-hair-reduction-safe-darker-skin,0,3,0.00,19.00,0,3,0.00,19.00,0,0,0.00,0.00,0,3,0,3,0.00,19.00
https://www.radianceclinics.com/knowledge/hair-transplant-aftercare,/knowledge/hair-transplant-aftercare,0,3,0.00,29.33,0,3,0.00,29.33,0,0,0.00,0.00,0,3,0,3,0.00,29.33
https://www.radianceclinics.com/concerns/aging-aesthetics/skin-laxity,/concerns/aging-aesthetics/skin-laxity,0,3,0.00,93.00,0,3,0.00,93.00,0,0,0.00,0.00,0,3,0,3,0.00,93.00
https://www.radianceclinics.com/treatment/anti-ageing-therapies/hyaluronic-acid-therapy/,/treatment/anti-ageing-therapies/hyaluronic-acid-therapy,,,,,0,3,0.00,2.33,0,1,0.00,2.00,0,2,0,4,0.00,2.25
https://www.radianceclinics.com/treatment/non-surgical-facial-enhancements/nose-enhancement/,/treatment/non-surgical-facial-enhancements/nose-enhancement,,,,,0,3,0.00,113.67,0,6,0.00,53.50,0,-3,0,18,0.00,56.67
https://www.radianceclinics.com/blogs/page/10/,/blogs/page/10,0,2,0.00,6.50,0,2,0.00,6.50,0,1,0.00,5.00,0,1,0,3,0.00,6.00
https://www.radianceclinics.com/concerns/hair-transplant/shock-loss,/concerns/hair-transplant/shock-loss,0,2,0.00,6.50,0,2,0.00,6.50,0,0,0.00,0.00,0,2,0,2,0.00,6.50
https://www.radianceclinics.com/concerns/scars-stretch-marks/traumatic-scars,/concerns/scars-stretch-marks/traumatic-scars,0,2,0.00,8.00,0,2,0.00,8.00,0,0,0.00,0.00,0,2,0,2,0.00,8.00
https://www.radianceclinics.com/doctor-answers/can-hair-transplant-work-weak-donor,/doctor-answers/can-hair-transplant-work-weak-donor,0,2,0.00,9.50,0,2,0.00,9.50,0,0,0.00,0.00,0,2,0,2,0.00,9.50
https://www.radianceclinics.com/doctor-answers/laser-hair-reduction-permanent,/doctor-answers/laser-hair-reduction-permanent,0,2,0.00,16.00,0,2,0.00,16.00,0,0,0.00,0.00,0,2,0,2,0.00,16.00
https://www.radianceclinics.com/concerns/pigmentation/lip-pigmentation,/concerns/pigmentation/lip-pigmentation,0,2,0.00,69.00,0,2,0.00,69.00,0,0,0.00,0.00,0,2,0,2,0.00,69.00
https://www.radianceclinics.com/concerns/hair-transplant/post-transplant-shedding,/concerns/hair-transplant/post-transplant-shedding,0,2,0.00,72.00,0,2,0.00,72.00,0,0,0.00,0.00,0,2,0,2,0.00,72.00
https://www.radianceclinics.com/doctor-answers/why-skin-dull-despite-skincare,/doctor-answers/why-skin-dull-despite-skincare,0,2,0.00,76.00,0,2,0.00,76.00,0,0,0.00,0.00,0,2,0,2,0.00,76.00
https://www.radianceclinics.com/post/top-hair-transplant-methods-achieve-natural-long-lasting-results/,/post/top-hair-transplant-methods-achieve-natural-long-lasting-results,0,2,0.00,87.00,0,2,0.00,87.00,0,2,0.00,4.00,0,0,0,17,0.00,58.59
https://www.radianceclinics.com/blogs/page/12/,/blogs/page/12,0,1,0.00,4.00,0,2,0.00,4.00,0,1,0.00,4.00,0,1,0,7,0.00,6.71
https://www.radianceclinics.com/hair-regrowth-treatment/,/hair-regrowth-treatment,0,1,0.00,5.00,0,2,0.00,6.00,0,0,0.00,0.00,0,2,0,7,0.00,64.57
https://www.radianceclinics.com/post/aging-gracefully-with-botox-how-it-can-enhance-your-natural-beauty/,/post/aging-gracefully-with-botox-how-it-can-enhance-your-natural-beauty,0,1,0.00,9.00,0,2,0.00,5.00,0,4,0.00,6.75,0,-2,0,7,0.00,7.43
https://www.radianceclinics.com/post/experience-natural-looking-hair-with-hair-patch/,/post/experience-natural-looking-hair-with-hair-patch,0,1,0.00,9.00,0,2,0.00,5.50,0,0,0.00,0.00,0,2,0,2,0.00,5.50
https://www.radianceclinics.com/post/the-ultimate-guide-to-body-hair-removal-in-odishas-aesthetic-hub/,/post/the-ultimate-guide-to-body-hair-removal-in-odishas-aesthetic-hub,0,1,0.00,11.00,0,2,0.00,13.00,0,4,0.00,7.75,0,-2,0,12,0.00,10.08
https://www.radianceclinics.com/post/is-hair-transplant-the-right-solution-for-you-a-complete-guide-on-hair-transplant/,/post/is-hair-transplant-the-right-solution-for-you-a-complete-guide-on-hair-transplant,,,,,0,2,0.00,21.00,0,16,0.00,9.50,0,-14,1,28,3.57,12.71
https://www.radianceclinics.com/post/how-facial-fillers-can-enhance-your-natural-beauty/,/post/how-facial-fillers-can-enhance-your-natural-beauty,,,,,0,2,0.00,23.50,0,3,0.00,22.33,0,-1,0,43,0.00,31.16
https://www.radianceclinics.com/post/certain-myths-about-hair-transplants-for-young-men/,/post/certain-myths-about-hair-transplants-for-young-men,,,,,0,2,0.00,37.50,0,0,0.00,0.00,0,2,0,2,0.00,37.50
https://www.radianceclinics.com/treatment/anti-ageing-therapies/thread-lift/,/treatment/anti-ageing-therapies/thread-lift,,,,,0,2,0.00,83.50,0,5,0.00,3.20,0,-3,0,14,0.00,16.71
https://www.radianceclinics.com/post/hair-transplants-what-to-expect/,/post/hair-transplants-what-to-expect,,,,,0,2,0.00,87.50,0,4,0.00,5.50,0,-2,0,14,0.00,24.21
https://www.radianceclinics.com/post/hair-loss-and-hair-thinning/,/post/hair-loss-and-hair-thinning,,,,,0,2,0.00,93.50,0,2,0.00,8.00,0,0,0,7,0.00,37.29
https://www.radianceclinics.com/concerns/aging-aesthetics/under-eye-bags,/concerns/aging-aesthetics/under-eye-bags,0,1,0.00,1.00,0,1,0.00,1.00,0,0,0.00,0.00,0,1,0,1,0.00,1.00
https://www.radianceclinics.com/concerns/other-skin-concerns/moles-and-warts,/concerns/other-skin-concerns/moles-and-warts,0,1,0.00,1.00,0,1,0.00,1.00,0,0,0.00,0.00,0,1,0,1,0.00,1.00
https://www.radianceclinics.com/concerns/hair-transplant/donor-area-thinning,/concerns/hair-transplant/donor-area-thinning,0,1,0.00,4.00,0,1,0.00,4.00,0,0,0.00,0.00,0,1,0,1,0.00,4.00
https://www.radianceclinics.com/doctor-answers/can-sunscreen-prevent-pigmentation-returning,/doctor-answers/can-sunscreen-prevent-pigmentation-returning,0,1,0.00,6.00,0,1,0.00,6.00,0,0,0.00,0.00,0,1,0,1,0.00,6.00
https://www.radianceclinics.com/knowledge/hair-transplant-cost-factors,/knowledge/hair-transplant-cost-factors,0,1,0.00,6.00,0,1,0.00,6.00,0,0,0.00,0.00,0,1,0,1,0.00,6.00
https://www.radianceclinics.com/conditions/pigmentation-melasma,/conditions/pigmentation-melasma,0,1,0.00,8.00,0,1,0.00,8.00,0,0,0.00,0.00,0,1,0,1,0.00,8.00
https://www.radianceclinics.com/post/top-5-ways-the-millennial-use-for-better-hair-and-skin/,/post/top-5-ways-the-millennial-use-for-better-hair-and-skin,0,1,0.00,9.00,0,1,0.00,9.00,0,1,0.00,10.00,0,0,0,11,0.00,8.82
https://www.radianceclinics.com/privacy-policy,/privacy-policy,0,1,0.00,9.00,0,1,0.00,9.00,0,0,0.00,0.00,0,1,0,1,0.00,9.00
https://www.radianceclinics.com/concerns/scars-stretch-marks/stretch-marks,/concerns/scars-stretch-marks/stretch-marks,0,1,0.00,10.00,0,1,0.00,10.00,0,0,0.00,0.00,0,1,0,1,0.00,10.00
https://www.radianceclinics.com/concerns/hair-transplant/graft-number-planning,/concerns/hair-transplant/graft-number-planning,0,1,0.00,11.00,0,1,0.00,11.00,0,0,0.00,0.00,0,1,0,1,0.00,11.00
https://www.radianceclinics.com/knowledge/laser-hair-reduction-expectations,/knowledge/laser-hair-reduction-expectations,0,1,0.00,12.00,0,1,0.00,12.00,0,0,0.00,0.00,0,1,0,1,0.00,12.00
https://www.radianceclinics.com/concerns/laser-hair-reduction/laser-hair-removal-dark-skin,/concerns/laser-hair-reduction/laser-hair-removal-dark-skin,0,1,0.00,50.00,0,1,0.00,50.00,0,0,0.00,0.00,0,1,0,1,0.00,50.00
https://www.radianceclinics.com/concerns/hair-loss-scalp/hair-thinning,/concerns/hair-loss-scalp/hair-thinning,0,1,0.00,53.00,0,1,0.00,53.00,0,0,0.00,0.00,0,1,0,1,0.00,53.00
https://www.radianceclinics.com/doctor-answers/why-hair-grows-back-after-laser,/doctor-answers/why-hair-grows-back-after-laser,0,1,0.00,56.00,0,1,0.00,56.00,0,0,0.00,0.00,0,1,0,1,0.00,56.00
https://www.radianceclinics.com/concerns/scars-stretch-marks/raised-scars-keloids,/concerns/scars-stretch-marks/raised-scars-keloids,0,1,0.00,66.00,0,1,0.00,66.00,0,0,0.00,0.00,0,1,0,1,0.00,66.00
https://www.radianceclinics.com/doctor-answers/how-many-sessions-acne-scars,/doctor-answers/how-many-sessions-acne-scars,0,1,0.00,73.00,0,1,0.00,73.00,0,0,0.00,0.00,0,1,0,1,0.00,73.00
https://www.radianceclinics.com/doctor-answers/when-wash-hair-after-transplant,/doctor-answers/when-wash-hair-after-transplant,0,1,0.00,75.00,0,1,0.00,75.00,0,0,0.00,0.00,0,1,0,1,0.00,75.00
https://www.radianceclinics.com/concerns/hair-loss-scalp/itchy-scalp,/concerns/hair-loss-scalp/itchy-scalp,0,1,0.00,81.00,0,1,0.00,81.00,0,0,0.00,0.00,0,1,0,1,0.00,81.00
https://www.radianceclinics.com/hair-,/hair-,,,,,1,1,100.00,1.00,0,0,0.00,0.00,1,1,1,1,100.00,1.00
https://www.radianceclinics.com/post/essential-skincare-tips-and-advice-from-dermatologists/,/post/essential-skincare-tips-and-advice-from-dermatologists,,,,,0,1,0.00,1.00,0,0,0.00,0.00,0,1,1,5,20.00,4.60
https://www.radianceclinics.com/post/understanding-male-specific-skin-concerns-expert-insights-and-solutions/,/post/understanding-male-specific-skin-concerns-expert-insights-and-solutions,,,,,0,1,0.00,4.00,0,0,0.00,0.00,0,1,0,8,0.00,3.38
https://www.radianceclinics.com/treatment/,/treatment,,,,,0,1,0.00,5.00,0,0,0.00,0.00,0,1,1,5,20.00,6.60
https://www.radianceclinics.com/post/is-it-possible-to-stop-saving-unwanted-hair/,/post/is-it-possible-to-stop-saving-unwanted-hair,,,,,0,1,0.00,7.00,0,0,0.00,0.00,0,1,0,1,0.00,7.00
https://www.radianceclinics.com/post/locks-of-elegance-where-to-find-quality-hair-wigs/,/post/locks-of-elegance-where-to-find-quality-hair-wigs,,,,,0,1,0.00,9.00,0,0,0.00,0.00,0,1,0,9,0.00,8.56
https://www.radianceclinics.com/post/ଲେଜର-ହେୟାର-ରିମୁଭାଲ୍-ର-ଉପକ/,/post/ଲେଜର-ହେୟାର-ରିମୁଭାଲ୍-ର-ଉପକ,,,,,0,1,0.00,11.00,0,0,0.00,0.00,0,1,0,2,0.00,10.00
https://www.radianceclinics.com/post/why-a-hair-wig-is-an-ideal-solution-for-hair-loss/,/post/why-a-hair-wig-is-an-ideal-solution-for-hair-loss,,,,,0,1,0.00,12.00,0,0,0.00,0.00,0,1,0,8,0.00,26.25
https://www.radianceclinics.com/post/tackling-hair-loss-a-guide-to-top-notch-hair-transplant-clinics/,/post/tackling-hair-loss-a-guide-to-top-notch-hair-transplant-clinics,,,,,0,1,0.00,30.00,0,10,0.00,19.80,0,-9,0,18,0.00,14.89
https://www.radianceclinics.com/post/stubborn-acne-care-with-proven-medical-options/,/post/stubborn-acne-care-with-proven-medical-options,,,,,0,1,0.00,31.00,0,0,0.00,0.00,0,1,0,3,0.00,14.67
https://www.radianceclinics.com/post/why-radiance-skin-and-hair-clinics-is-the-best-hair-loss-clinic-in-bhubaneswar/,/post/why-radiance-skin-and-hair-clinics-is-the-best-hair-loss-clinic-in-bhubaneswar,,,,,0,1,0.00,76.00,0,0,0.00,0.00,0,1,0,16,0.00,29.69
https://www.radianceclinics.com/treatment/acne-treatment/acne-check-peel/,/treatment/acne-treatment/acne-check-peel,,,,,0,1,0.00,179.00,0,0,0.00,0.00,0,1,0,2,0.00,95.00
https://www.radianceclinics.com/post/whats-the-cause-of-under-eye-dark-circles-and-what-treatments-can-help/,/post/whats-the-cause-of-under-eye-dark-circles-and-what-treatments-can-help,,,,,,,,,0,1,0.00,1.00,0,-1,1,3,33.33,8.00
https://www.radianceclinics.com/post/what-is-lip-blushing-and-how-does-it-work/,/post/what-is-lip-blushing-and-how-does-it-work,,,,,,,,,0,5,0.00,57.80,0,-5,0,43,0.00,18.63
https://www.radianceclinics.com/conditions/hairfall/hairfall-in-women/,/conditions/hairfall/hairfall-in-women,,,,,,,,,,,,,,,0,30,0.00,5.07
https://www.radianceclinics.com/post/radiance-skin-hair-clinic/,/post/radiance-skin-hair-clinic,,,,,,,,,,,,,,,0,29,0.00,8.62
https://www.radianceclinics.com/post/how-to-ensure-the-success-of-hair-transplant-having-it-at-a-hair-transplant/,/post/how-to-ensure-the-success-of-hair-transplant-having-it-at-a-hair-transplant,,,,,,,,,0,3,0.00,6.33,0,-3,0,7,0.00,8.14
https://www.radianceclinics.com/post/winter-skincare-and-hair-care-top-tips-for-radiance-and-health/,/post/winter-skincare-and-hair-care-top-tips-for-radiance-and-health,,,,,,,,,0,1,0.00,46.00,0,-1,0,4,0.00,25.75
https://www.radianceclinics.com/post/hair-loss-treatment/,/post/hair-loss-treatment,,,,,,,,,0,2,0.00,4.00,0,-2,0,3,0.00,4.33
https://www.radianceclinics.com/treatment/non-surgical-facial-enhancements/cheek-enhancement/,/treatment/non-surgical-facial-enhancements/cheek-enhancement,,,,,,,,,0,1,0.00,7.00,0,-1,0,3,0.00,18.67
https://www.radianceclinics.com/post/do-not-get-frustrated-having-skin-issues/,/post/do-not-get-frustrated-having-skin-issues,,,,,,,,,0,2,0.00,5.00,0,-2,0,2,0.00,5.00
https://www.radianceclinics.com/treatment/bridal-dermatology/permanentmakeup/,/treatment/bridal-dermatology/permanentmakeup,,,,,,,,,,,,,,,0,2,0.00,7.00
https://www.radianceclinics.com/post/discovering-the-best-solutions-for-acne-scar-treatment/,/post/discovering-the-best-solutions-for-acne-scar-treatment,,,,,,,,,,,,,,,0,2,0.00,13.50
https://www.radianceclinics.com/treatment/pigmentation/insta-glow,/treatment/pigmentation/insta-glow,,,,,,,,,0,1,0.00,1.00,0,-1,0,1,0.00,1.00
https://www.radianceclinics.com/blogs/page/9/,/blogs/page/9,,,,,,,,,,,,,,,0,1,0.00,4.00
https://www.radianceclinics.com/post/what-are-the-latest-trends-in-filler-treatment/,/post/what-are-the-latest-trends-in-filler-treatment,,,,,,,,,0,1,0.00,8.00,0,-1,0,1,0.00,8.00
https://www.radianceclinics.com/conditions/hairfall/hairfall-in-men/,/conditions/hairfall/hairfall-in-men,,,,,,,,,0,1,0.00,9.00,0,-1,0,1,0.00,9.00
https://www.radianceclinics.com/conditions/antiageing/crows-feet/,/conditions/antiageing/crows-feet,,,,,,,,,,,,,,,0,1,0.00,70.00
