query,clicks_28d,impressions_28d,ctr_28d,position_28d,clicks_previous_28d,impressions_previous_28d,current_ranking_url,preferred_target_url,action,opportunity_score,priority,evidence
best dermatologist in bhubaneswar,0,531,0.00,6.31,2,516,https://www.radianceclinics.com/,/skin-clinic-bhubaneswar,INTERNAL_LINK,87,P0,Google Search Console export; no external search volume used
hair transplant clinic in bhubaneswar,1,340,0.29,11.17,3,279,https://www.radianceclinics.com/,/hair-transplant-bhubaneswar,INTERNAL_LINK,84,P0,Google Search Console export; no external search volume used
best hair transplant in bhubaneswar,5,330,1.52,15.91,1,303,https://www.radianceclinics.com/,/hair-transplant-bhubaneswar,INTERNAL_LINK,84,P0,Google Search Console export; no external search volume used
skin care doctor,0,312,0.00,27.52,0,497,https://www.radianceclinics.com/post/what-to-expect-during-your-first-visit-to-a-skin-care-doctor/,/skin-clinic-bhubaneswar,REDIRECT,84,P0,Google Search Console export; no external search volume used
dermatologist in bhubaneswar,0,288,0.00,8.72,3,257,https://www.radianceclinics.com/,/skin-clinic-bhubaneswar,INTERNAL_LINK,84,P0,Google Search Console export; no external search volume used
hair transplant in bhubaneswar,17,631,2.69,8.41,8,643,https://www.radianceclinics.com/,/hair-transplant-bhubaneswar,INTERNAL_LINK,81,P0,Google Search Console export; no external search volume used
laser hair removal bhubaneswar,3,188,1.60,8.84,2,166,https://www.radianceclinics.com/laser-hair-removal-radiance/,/laser-hair-removal-bhubaneswar,REDIRECT,81,P0,Google Search Console export; no external search volume used
laser hair removal in bhubaneswar,2,149,1.34,15.30,3,145,https://www.radianceclinics.com/,/laser-hair-removal-bhubaneswar,INTERNAL_LINK,80,P0,Google Search Console export; no external search volume used
gfc treatment,0,1147,0.00,7.48,0,519,,,REVIEW,79,P0,Google Search Console export; no external search volume used
skin clinic in bhubaneswar,0,115,0.00,13.53,0,101,https://www.radianceclinics.com/,/skin-clinic-bhubaneswar,REDIRECT,79,P0,Google Search Console export; no external search volume used
hair transplant bhubaneswar,11,346,3.18,6.61,5,322,https://www.radianceclinics.com/,/hair-transplant-bhubaneswar,INTERNAL_LINK,77,P0,Google Search Console export; no external search volume used
skin specialist in bhubaneswar,0,84,0.00,14.25,0,88,https://www.radianceclinics.com/,/skin-clinic-bhubaneswar,INTERNAL_LINK,77,P0,Google Search Console export; no external search volume used
dermal fillers treatment in bhubaneswar,0,68,0.00,21.97,0,80,https://www.radianceclinics.com/fillers/,/dermal-fillers-bhubaneswar,REDIRECT_AND_INTERNAL_LINK,76,P0,Google Search Console export; no external search volume used
botox treatment in bhubaneswar,0,66,0.00,16.55,2,72,https://www.radianceclinics.com/post/a-complete-guide-to-know-about-botox-treatment/,/botox-treatment-bhubaneswar,REDIRECT_AND_INTERNAL_LINK,76,P0,Google Search Console export; no external search volume used
closed comedones,0,370,0.00,10.98,0,0,,,REVIEW,75,P0,Google Search Console export; no external search volume used
tattoo removal bhubaneswar,1,57,1.75,6.63,3,114,https://www.radianceclinics.com/tattoo-removal-radiance/,/tattoo-removal-bhubaneswar,REDIRECT_AND_INTERNAL_LINK,75,P0,Google Search Console export; no external search volume used
hair treatment in bhubaneswar,1,331,0.30,12.39,4,333,,,REVIEW,74,P1,Google Search Console export; no external search volume used
best hair doctor in bhubaneswar,1,317,0.32,5.97,5,318,,,REVIEW,74,P1,Google Search Console export; no external search volume used
best skin doctor in bhubaneswar,0,313,0.00,9.01,0,244,,,REVIEW,74,P1,Google Search Console export; no external search volume used
best hair transplant clinic in bhubaneswar,5,281,1.78,9.40,2,340,,,REVIEW,73,P1,Google Search Console export; no external search volume used
hair doctor bhubaneswar,3,278,1.08,4.93,0,210,,,REVIEW,73,P1,Google Search Console export; no external search volume used
radiance skin & hair clinics reviews,1,256,0.39,7.37,1,244,,,REVIEW,73,P1,Google Search Console export; no external search volume used
hair clinic in bhubaneswar,1,238,0.42,22.61,1,226,,,REVIEW,73,P1,Google Search Console export; no external search volume used
dermal filler in bhubaneswar,0,36,0.00,9.64,0,35,https://www.radianceclinics.com/fillers/,/dermal-fillers-bhubaneswar,REDIRECT_AND_INTERNAL_LINK,73,P1,Google Search Console export; no external search volume used
top 10 skin specialist in bhubaneswar,1,229,0.44,8.15,0,199,,,REVIEW,72,P1,Google Search Console export; no external search volume used
hair specialist in bhubaneswar,2,224,0.89,10.91,1,180,,,REVIEW,72,P1,Google Search Console export; no external search volume used
hair specialist doctor in bhubaneswar,3,215,1.40,8.23,1,65,,,REVIEW,72,P1,Google Search Console export; no external search volume used
best hair specialist in bhubaneswar,1,181,0.55,11.06,0,194,,,REVIEW,71,P1,Google Search Console export; no external search volume used
skincare doctor,0,180,0.00,28.08,0,146,,,REVIEW,71,P1,Google Search Console export; no external search volume used
best hair clinic in bhubaneswar,2,166,1.20,13.57,1,153,,,REVIEW,71,P1,Google Search Console export; no external search volume used
best dermatologist bhubaneswar,1,156,0.64,6.87,2,141,,,REVIEW,70,P1,Google Search Console export; no external search volume used
acne prone skin,0,151,0.00,27.43,0,382,,,REVIEW,70,P1,Google Search Console export; no external search volume used
hair doctor in bhubaneswar,0,135,0.00,8.44,1,139,,,REVIEW,70,P1,Google Search Console export; no external search volume used
hair doctor kolkata,0,132,0.00,5.92,0,143,,,REVIEW,69,P1,Google Search Console export; no external search volume used
radiance skin and hair clinic,1,130,0.77,16.25,3,207,,,REVIEW,69,P1,Google Search Console export; no external search volume used
skin clinic bhubaneswar,1,126,0.79,10.29,0,63,,,REVIEW,69,P1,Google Search Console export; no external search volume used
acne check,0,118,0.00,9.28,0,156,,,REVIEW,69,P1,Google Search Console export; no external search volume used
laser treatment in bhubaneswar,0,116,0.00,12.24,2,72,,,REVIEW,69,P1,Google Search Console export; no external search volume used
hair doctor near me,1,115,0.87,7.05,0,119,,,REVIEW,69,P1,Google Search Console export; no external search volume used
dandruff treatment,0,114,0.00,5.05,0,503,,,REVIEW,69,P1,Google Search Console export; no external search volume used
radiant clinic,1,112,0.89,20.68,0,77,,,REVIEW,69,P1,Google Search Console export; no external search volume used
gfc procedure,0,111,0.00,6.49,0,274,,,REVIEW,69,P1,Google Search Console export; no external search volume used
dermatologist bhubaneswar,0,109,0.00,9.98,3,129,,,REVIEW,68,P1,Google Search Console export; no external search volume used
radiance skin,0,103,0.00,10.91,0,174,,,REVIEW,68,P1,Google Search Console export; no external search volume used
skin clinic near me,0,98,0.00,8.80,0,109,,,REVIEW,68,P1,Google Search Console export; no external search volume used
best hair treatment in bhubaneswar,1,88,1.14,8.26,0,96,,,REVIEW,67,P1,Google Search Console export; no external search volume used
top 10 hair transplant in bhubaneswar,0,83,0.00,7.71,0,95,,,REVIEW,67,P1,Google Search Console export; no external search volume used
dermatologist near me,0,82,0.00,11.46,0,69,,,REVIEW,67,P1,Google Search Console export; no external search volume used
skin doctor bhubaneswar,1,81,1.23,14.40,0,97,,,REVIEW,67,P1,Google Search Console export; no external search volume used
hydra facial in bhubaneswar,1,80,1.25,15.44,1,82,,,REVIEW,67,P1,Google Search Console export; no external search volume used
best hair transplant near me,1,78,1.28,5.15,0,48,,,REVIEW,67,P1,Google Search Console export; no external search volume used
hair transplant cost in bhubaneswar,0,76,0.00,26.70,1,54,,,REVIEW,67,P1,Google Search Console export; no external search volume used
radiance skin & hair clinics,55,924,5.95,5.92,95,1416,,,REVIEW,66,P1,Google Search Console export; no external search volume used
skin doctor,0,814,0.00,33.68,0,1630,,,REVIEW,66,P1,Google Search Console export; no external search volume used
hair prp treatment in bhubaneswar,0,70,0.00,11.36,0,66,,,REVIEW,66,P1,Google Search Console export; no external search volume used
best skin clinic in bhubaneswar,0,70,0.00,12.04,1,45,,,REVIEW,66,P1,Google Search Console export; no external search volume used
best hair transplant in kolkata,0,69,0.00,19.51,0,58,,,REVIEW,66,P1,Google Search Console export; no external search volume used
hair clinic near me,0,68,0.00,7.19,0,88,,,REVIEW,66,P1,Google Search Console export; no external search volume used
best skin specialist in bhubaneswar,0,64,0.00,8.33,1,64,,,REVIEW,66,P1,Google Search Console export; no external search volume used
radiance clinic,37,677,5.47,11.76,16,466,,,REVIEW,65,P1,Google Search Console export; no external search volume used
skin care clinic bhubaneswar,0,59,0.00,10.86,1,59,,,REVIEW,65,P1,Google Search Console export; no external search volume used
radiance hair and skin clinic,1,57,1.75,27.09,0,43,,,REVIEW,65,P1,Google Search Console export; no external search volume used
facial doctor,0,57,0.00,7.07,0,70,,,REVIEW,65,P1,Google Search Console export; no external search volume used
acne skin treatment in bhubaneswar,0,55,0.00,14.82,0,58,,,REVIEW,65,P1,Google Search Console export; no external search volume used
hair doctor,0,55,0.00,6.55,0,46,,,REVIEW,65,P1,Google Search Console export; no external search volume used
doctor skin,0,54,0.00,14.83,0,90,,,REVIEW,65,P1,Google Search Console export; no external search volume used
bhubaneswar hair transplant,0,53,0.00,17.08,0,16,,,REVIEW,65,P1,Google Search Console export; no external search volume used
hair transplant,1,53,1.89,5.08,0,91,,,REVIEW,65,P1,Google Search Console export; no external search volume used
laser treatment bhubaneswar,0,50,0.00,6.62,0,38,,,REVIEW,64,P1,Google Search Console export; no external search volume used
hair patch service near me,0,50,0.00,7.96,1,99,,,REVIEW,64,P1,Google Search Console export; no external search volume used
hair doctor cuttack,0,50,0.00,10.80,0,109,,,REVIEW,64,P1,Google Search Console export; no external search volume used
ear piercing bhubaneswar,0,50,0.00,11.44,0,94,,,REVIEW,64,P1,Google Search Console export; no external search volume used
hair treatment bhubaneswar,0,49,0.00,10.22,1,48,,,REVIEW,64,P1,Google Search Console export; no external search volume used
prp treatment for hair in bhubaneswar,0,48,0.00,5.52,0,39,,,REVIEW,64,P1,Google Search Console export; no external search volume used
hair specialist bhubaneswar,0,48,0.00,6.85,1,62,,,REVIEW,64,P1,Google Search Console export; no external search volume used
hair doctor in berhampur,0,48,0.00,7.52,0,28,,,REVIEW,64,P1,Google Search Console export; no external search volume used
hair specialist doctor in berhampur,0,48,0.00,6.21,0,54,,,REVIEW,64,P1,Google Search Console export; no external search volume used
skin care dr,0,48,0.00,8.62,0,109,,,REVIEW,64,P1,Google Search Console export; no external search volume used
best laser treatment in bhubaneswar,0,47,0.00,13.70,0,4,,,REVIEW,64,P1,Google Search Console export; no external search volume used
aft treatment for hair,0,44,0.00,7.36,0,32,,,REVIEW,64,P1,Google Search Console export; no external search volume used
best cosmetologist in bhubaneswar,0,44,0.00,22.82,0,10,,,REVIEW,64,P1,Google Search Console export; no external search volume used
chemical peeling cost,0,44,0.00,11.75,0,37,,,REVIEW,64,P1,Google Search Console export; no external search volume used
skin doctor near me,0,43,0.00,7.53,0,30,,,REVIEW,64,P1,Google Search Console export; no external search volume used
hair transplant near me,0,43,0.00,4.98,0,43,,,REVIEW,64,P1,Google Search Console export; no external search volume used
best hair doctor in berhampur,0,43,0.00,6.91,0,42,,,REVIEW,64,P1,Google Search Console export; no external search volume used
nose piercing near me,0,43,0.00,8.40,0,48,,,REVIEW,64,P1,Google Search Console export; no external search volume used
hair specialist doctor kolkata,0,43,0.00,9.84,0,34,,,REVIEW,64,P1,Google Search Console export; no external search volume used
deep acne scars,0,42,0.00,25.40,0,0,,,REVIEW,64,P1,Google Search Console export; no external search volume used
laser tattoo removal treatment in bhubaneswar,0,26,0.00,28.42,0,31,https://www.radianceclinics.com/tattoo-removal-radiance/,/tattoo-removal-bhubaneswar,REDIRECT_AND_INTERNAL_LINK,64,P1,Google Search Console export; no external search volume used
radiance skin clinic,6,154,3.90,16.73,1,99,,,REVIEW,63,P1,Google Search Console export; no external search volume used
bio hair transplant,0,41,0.00,13.61,0,44,,,REVIEW,63,P1,Google Search Console export; no external search volume used
derma radiance skin & hair clinic,0,41,0.00,9.59,0,62,,,REVIEW,63,P1,Google Search Console export; no external search volume used
hydra facial price in bhubaneswar,0,39,0.00,8.82,0,53,,,REVIEW,63,P1,Google Search Console export; no external search volume used
hair transplantation in bhubaneswar,0,39,0.00,5.00,0,47,,,REVIEW,63,P1,Google Search Console export; no external search volume used
vitiligo treatment in bhubaneswar,0,39,0.00,20.38,0,11,,,REVIEW,63,P1,Google Search Console export; no external search volume used
piercing near me,0,39,0.00,10.18,0,54,,,REVIEW,63,P1,Google Search Console export; no external search volume used
aft treatment,0,38,0.00,18.32,0,26,,,REVIEW,63,P1,Google Search Console export; no external search volume used
radiance clinics,0,38,0.00,9.37,0,21,,,REVIEW,63,P1,Google Search Console export; no external search volume used
best hair doctor in cuttack,0,38,0.00,10.71,0,60,,,REVIEW,63,P1,Google Search Console export; no external search volume used
laser hair removal cost in bhubaneswar,0,37,0.00,21.11,2,35,,,REVIEW,63,P1,Google Search Console export; no external search volume used
bhubaneswar best hair transplant clinic,0,37,0.00,5.27,0,8,,,REVIEW,63,P1,Google Search Console export; no external search volume used
laser hair removal near me,0,37,0.00,8.27,0,35,,,REVIEW,63,P1,Google Search Console export; no external search volume used
hair specialist doctor near me,0,37,0.00,8.22,0,38,,,REVIEW,63,P1,Google Search Console export; no external search volume used
best hair doctor near me,0,37,0.00,6.76,0,29,,,REVIEW,63,P1,Google Search Console export; no external search volume used
pigmentation treatment in bhubaneswar,0,36,0.00,15.89,0,0,,,REVIEW,63,P1,Google Search Console export; no external search volume used
vampire facial treatment in bhubaneswar,0,36,0.00,10.89,0,41,,,REVIEW,63,P1,Google Search Console export; no external search volume used
vampire facial in bhubaneswar,0,36,0.00,7.86,0,38,,,REVIEW,63,P1,Google Search Console export; no external search volume used
gfc,0,35,0.00,26.83,0,48,,,REVIEW,63,P1,Google Search Console export; no external search volume used
hair doctor berhampur,0,34,0.00,7.88,0,37,,,REVIEW,63,P1,Google Search Console export; no external search volume used
hair transplant in berhampur,0,22,0.00,5.73,2,66,https://www.radianceclinics.com/hair-transplant-in-berhampur/,/hair-transplant-berhampur,REDIRECT,63,P1,Google Search Console export; no external search volume used
hair transplant in sambalpur,0,21,0.00,4.38,0,38,https://www.radianceclinics.com/hair-transplant-in-sambalpur/,/hair-transplant-sambalpur,REDIRECT,63,P1,Google Search Console export; no external search volume used
tattoo removal in bhubaneswar,0,20,0.00,9.05,2,39,https://www.radianceclinics.com/tattoo-removal-radiance/,/tattoo-removal-bhubaneswar,REDIRECT_AND_INTERNAL_LINK,63,P1,Google Search Console export; no external search volume used
laser tattoo removal in bhubaneswar,0,19,0.00,13.95,0,0,https://www.radianceclinics.com/tattoo-removal-radiance/,/tattoo-removal-bhubaneswar,REDIRECT_AND_INTERNAL_LINK,63,P1,Google Search Console export; no external search volume used
radiance,3,123,2.44,6.50,4,93,,,REVIEW,62,P1,Google Search Console export; no external search volume used
hair patch in bhubaneswar,3,113,2.65,5.46,3,205,,,REVIEW,62,P1,Google Search Console export; no external search volume used
skin doctor in bhubaneswar,0,33,0.00,15.30,0,22,,,REVIEW,62,P1,Google Search Console export; no external search volume used
skin specialist bhubaneswar,0,33,0.00,17.33,0,38,,,REVIEW,62,P1,Google Search Console export; no external search volume used
laser hair removal treatment in bhubaneswar,0,32,0.00,8.59,0,23,,,REVIEW,62,P1,Google Search Console export; no external search volume used
top 10 skin specialist in odisha,0,32,0.00,9.09,0,27,,,REVIEW,62,P1,Google Search Console export; no external search volume used
best hair treatment doctor in bhubaneswar,0,32,0.00,5.50,0,21,,,REVIEW,62,P1,Google Search Console export; no external search volume used
carbon facial in bhubaneswar,0,32,0.00,15.06,0,33,,,REVIEW,62,P1,Google Search Console export; no external search volume used
botox treatment,0,32,0.00,24.41,0,63,,,REVIEW,62,P1,Google Search Console export; no external search volume used
skin clinic,0,31,0.00,5.90,0,4,,,REVIEW,62,P1,Google Search Console export; no external search volume used
anti aging treatment in bhubaneswar,0,31,0.00,18.26,0,40,,,REVIEW,62,P1,Google Search Console export; no external search volume used
best skin doctor bhubaneswar,0,31,0.00,9.65,0,33,,,REVIEW,62,P1,Google Search Console export; no external search volume used
hair fall doctor near me,0,30,0.00,8.47,0,21,,,REVIEW,62,P1,Google Search Console export; no external search volume used
aft laser,0,30,0.00,26.77,0,10,,,REVIEW,62,P1,Google Search Console export; no external search volume used
best dermatologist in odisha,0,30,0.00,7.53,0,34,,,REVIEW,62,P1,Google Search Console export; no external search volume used
hair transplant in rourkela,0,11,0.00,12.27,0,18,https://www.radianceclinics.com/hair-transplant-in-rourkela/,/hair-transplant-rourkela,REDIRECT,60,P1,Google Search Console export; no external search volume used
laser hair removal,0,1424,0.00,3.33,0,448,,,REVIEW,58,P2,Google Search Console export; no external search volume used
hair removal treatment,0,174,0.00,53.76,0,242,,,REVIEW,58,P2,Google Search Console export; no external search volume used
radiant skin clinic,0,170,0.00,34.42,0,168,,,REVIEW,58,P2,Google Search Console export; no external search volume used
glutathione treatment in bhubaneswar,1,47,2.13,22.23,0,53,,,REVIEW,57,P2,Google Search Console export; no external search volume used
best hair patch in bhubaneswar,1,40,2.50,6.88,2,62,,,REVIEW,56,P2,Google Search Console export; no external search volume used
hair transplant in cuttack,1,18,5.56,5.11,1,22,https://www.radianceclinics.com/hair-transplant-in-cuttack/,/hair-transplant-cuttack,REDIRECT,56,P2,Google Search Console export; no external search volume used
ฉีด gfc ผม,0,108,0.00,47.27,0,285,,,REVIEW,55,P2,Google Search Console export; no external search volume used
gfc กระตุ้นรากผม,0,108,0.00,53.90,0,71,,,REVIEW,55,P2,Google Search Console export; no external search volume used
hair transplant in kolkata,0,95,0.00,41.07,0,200,,,REVIEW,55,P2,Google Search Console export; no external search volume used
hair transplant clinic in kolkata,0,92,0.00,38.42,0,167,,,REVIEW,55,P2,Google Search Console export; no external search volume used
best doctor for hair treatment in bhubaneswar,1,30,3.33,12.40,0,9,,,REVIEW,55,P2,Google Search Console export; no external search volume used
face clinic,0,29,0.00,8.72,0,20,,,REVIEW,55,P2,Google Search Console export; no external search volume used
radiance salon,0,29,0.00,8.17,0,17,,,REVIEW,55,P2,Google Search Console export; no external search volume used
rupam clinic,0,29,0.00,26.45,0,43,,,REVIEW,55,P2,Google Search Console export; no external search volume used
hair treatment berhampur,1,29,3.45,5.55,0,17,,,REVIEW,55,P2,Google Search Console export; no external search volume used
pseudoacanthosis nigricans,1,29,3.45,11.52,0,17,,,REVIEW,55,P2,Google Search Console export; no external search volume used
zap laser,0,29,0.00,29.34,0,28,,,REVIEW,55,P2,Google Search Console export; no external search volume used
best skin care clinic in bhubaneswar,0,28,0.00,13.61,0,27,,,REVIEW,55,P2,Google Search Console export; no external search volume used
hydrafacial in bhubaneswar,0,28,0.00,12.68,0,40,,,REVIEW,55,P2,Google Search Console export; no external search volume used
skin care clinic in bhubaneswar,0,28,0.00,10.54,0,23,,,REVIEW,55,P2,Google Search Console export; no external search volume used
gfc hair treatment,0,28,0.00,23.25,1,146,,,REVIEW,55,P2,Google Search Console export; no external search volume used
trichologist near me,0,28,0.00,6.50,0,19,,,REVIEW,55,P2,Google Search Console export; no external search volume used
skin radiance,0,350,0.00,3.19,0,347,,,REVIEW,54,P2,Google Search Console export; no external search volume used
skin care doctors,0,88,0.00,48.10,0,172,,,REVIEW,54,P2,Google Search Console export; no external search volume used
skin doctors,0,85,0.00,48.38,0,56,,,REVIEW,54,P2,Google Search Console export; no external search volume used
hair specialist doctor,0,27,0.00,5.81,0,25,,,REVIEW,54,P2,Google Search Console export; no external search volume used
radiance skin care,0,27,0.00,25.11,0,63,,,REVIEW,54,P2,Google Search Console export; no external search volume used
bhubaneswar best hair doctor,1,27,3.70,7.52,0,5,,,REVIEW,54,P2,Google Search Console export; no external search volume used
who is the best skin specialist in bhubaneswar,0,27,0.00,8.67,0,23,,,REVIEW,54,P2,Google Search Console export; no external search volume used
best hair doctor in balasore,0,27,0.00,7.04,1,49,,,REVIEW,54,P2,Google Search Console export; no external search volume used
lip pigmentation treatment,0,27,0.00,7.93,0,123,,,REVIEW,54,P2,Google Search Console export; no external search volume used
laser treatment,0,26,0.00,9.81,0,11,,,REVIEW,54,P2,Google Search Console export; no external search volume used
mole removal bhubaneswar,0,26,0.00,7.23,0,12,,,REVIEW,54,P2,Google Search Console export; no external search volume used
bhubaneswar hair doctor,0,26,0.00,5.58,0,23,,,REVIEW,54,P2,Google Search Console export; no external search volume used
skin and hair clinic near me,0,26,0.00,6.88,0,20,,,REVIEW,54,P2,Google Search Console export; no external search volume used
hair specialist in sambalpur,0,26,0.00,10.08,0,51,,,REVIEW,54,P2,Google Search Console export; no external search volume used
co2 laser treatment in bhubaneswar,0,25,0.00,11.24,0,18,,,REVIEW,54,P2,Google Search Console export; no external search volume used
dermatologist,0,25,0.00,8.48,0,16,,,REVIEW,54,P2,Google Search Console export; no external search volume used
hydra facial bhubaneswar,0,25,0.00,7.16,0,29,,,REVIEW,54,P2,Google Search Console export; no external search volume used
best dermatologist near me,0,25,0.00,9.80,0,20,,,REVIEW,54,P2,Google Search Console export; no external search volume used
piercing shops near me,0,25,0.00,11.28,0,23,,,REVIEW,54,P2,Google Search Console export; no external search volume used
hair treatment in kolkata,0,25,0.00,12.88,0,57,,,REVIEW,54,P2,Google Search Console export; no external search volume used
hair dermatologist near me,0,24,0.00,8.96,0,31,,,REVIEW,54,P2,Google Search Console export; no external search volume used
best hair doctor in odisha,0,23,0.00,6.57,1,20,,,REVIEW,54,P2,Google Search Console export; no external search volume used
piercing bhubaneswar,0,23,0.00,8.91,0,44,,,REVIEW,54,P2,Google Search Console export; no external search volume used
laser vs waxing,0,23,0.00,18.13,0,29,,,REVIEW,54,P2,Google Search Console export; no external search volume used
doctors skin care,0,23,0.00,29.35,0,48,,,REVIEW,54,P2,Google Search Console export; no external search volume used
hair clinic,0,65,0.00,33.32,0,30,,,REVIEW,53,P2,Google Search Console export; no external search volume used
best skin care clinic in odisha,0,22,0.00,11.64,0,15,,,REVIEW,53,P2,Google Search Console export; no external search volume used
hydrafacial treatment in bhubaneswar,0,22,0.00,26.77,0,34,,,REVIEW,53,P2,Google Search Console export; no external search volume used
berhampur hair doctor,0,22,0.00,7.09,0,35,,,REVIEW,53,P2,Google Search Console export; no external search volume used
gfc treatment for hair loss,0,22,0.00,13.18,0,13,,,REVIEW,53,P2,Google Search Console export; no external search volume used
best hair clinic in kolkata,0,22,0.00,25.27,0,53,,,REVIEW,53,P2,Google Search Console export; no external search volume used
best skin specialist bhubaneswar,0,21,0.00,7.95,0,19,,,REVIEW,53,P2,Google Search Console export; no external search volume used
gfc therapy,0,21,0.00,11.00,0,43,,,REVIEW,53,P2,Google Search Console export; no external search volume used
doctor for face skin,0,21,0.00,13.62,0,32,,,REVIEW,53,P2,Google Search Console export; no external search volume used
hair clinic in kolkata,0,21,0.00,29.43,0,27,,,REVIEW,53,P2,Google Search Console export; no external search volume used
hair specialist near me,0,20,0.00,6.95,0,38,,,REVIEW,53,P2,Google Search Console export; no external search volume used
hair doctor in angul,0,20,0.00,5.10,0,27,,,REVIEW,53,P2,Google Search Console export; no external search volume used
gfc meaning hair,0,20,0.00,7.50,0,28,,,REVIEW,53,P2,Google Search Console export; no external search volume used
what is radiance skin,0,20,0.00,16.20,0,15,,,REVIEW,53,P2,Google Search Console export; no external search volume used
face skin doctor,0,20,0.00,17.20,0,3,,,REVIEW,53,P2,Google Search Console export; no external search volume used
clinic bhubaneswar,0,19,0.00,10.74,0,3,,,REVIEW,53,P2,Google Search Console export; no external search volume used
skin clinic nayapalli,0,19,0.00,8.21,0,5,,,REVIEW,53,P2,Google Search Console export; no external search volume used
hair dermatologist in bhubaneswar,0,19,0.00,4.16,0,18,,,REVIEW,53,P2,Google Search Console export; no external search volume used
trichologist in bhubaneswar,0,19,0.00,5.79,0,10,,,REVIEW,53,P2,Google Search Console export; no external search volume used
skin laser clinic near me,0,19,0.00,13.47,0,13,,,REVIEW,53,P2,Google Search Console export; no external search volume used
skin whitening treatment in bhubaneswar,0,19,0.00,9.42,0,25,,,REVIEW,53,P2,Google Search Console export; no external search volume used
best dermatologist in bbsr,0,19,0.00,7.05,0,15,,,REVIEW,53,P2,Google Search Console export; no external search volume used
hair patch bhubaneswar,0,19,0.00,9.05,1,40,,,REVIEW,53,P2,Google Search Console export; no external search volume used
best hydra facial in bhubaneswar,0,19,0.00,4.42,1,16,,,REVIEW,53,P2,Google Search Console export; no external search volume used
best hair specialist in cuttack,0,19,0.00,9.32,0,35,,,REVIEW,53,P2,Google Search Console export; no external search volume used
wart removal clinic near me,0,19,0.00,9.16,2,33,,,REVIEW,53,P2,Google Search Console export; no external search volume used
hair treatment,0,19,0.00,8.79,0,13,,,REVIEW,53,P2,Google Search Console export; no external search volume used
what is bio hair,0,19,0.00,9.05,0,63,,,REVIEW,53,P2,Google Search Console export; no external search volume used
radiance skin & hair clinic,1,53,1.89,35.74,2,82,,,REVIEW,52,P2,Google Search Console export; no external search volume used
best doctor for hair loss treatment in bhubaneswar,0,18,0.00,7.67,0,0,,,REVIEW,52,P2,Google Search Console export; no external search volume used
hair treatment doctor near me,0,18,0.00,7.72,0,19,,,REVIEW,52,P2,Google Search Console export; no external search volume used
best skin clinic bhubaneswar,0,18,0.00,7.44,0,17,,,REVIEW,52,P2,Google Search Console export; no external search volume used
best plastic surgeon in bhubaneswar,0,18,0.00,10.83,0,15,,,REVIEW,52,P2,Google Search Console export; no external search volume used
co2 laser treatment near me,0,17,0.00,13.53,0,19,,,REVIEW,52,P2,Google Search Console export; no external search volume used
top dermatologist in bhubaneswar,0,17,0.00,6.24,0,21,,,REVIEW,52,P2,Google Search Console export; no external search volume used
hair doctor balasore,0,17,0.00,10.06,0,27,,,REVIEW,52,P2,Google Search Console export; no external search volume used
lip vitiligo permanent treatment,0,17,0.00,10.88,0,7,,,REVIEW,52,P2,Google Search Console export; no external search volume used
hair patch price in bhubaneswar,0,17,0.00,6.88,2,18,,,REVIEW,52,P2,Google Search Console export; no external search volume used
best hair doctor in sambalpur,0,17,0.00,9.24,0,33,,,REVIEW,52,P2,Google Search Console export; no external search volume used
piercing in bhubaneswar,0,17,0.00,9.29,0,17,,,REVIEW,52,P2,Google Search Console export; no external search volume used
closed comedone,0,16,0.00,20.88,0,0,,,REVIEW,52,P2,Google Search Console export; no external search volume used
laser treatment near me,0,16,0.00,7.81,0,13,,,REVIEW,52,P2,Google Search Console export; no external search volume used
skin doctor nayapalli,0,16,0.00,7.38,0,13,,,REVIEW,52,P2,Google Search Console export; no external search volume used
laser treatment for face,0,16,0.00,8.12,0,25,,,REVIEW,52,P2,Google Search Console export; no external search volume used
best dermatologist in bhubaneswar for skin,0,16,0.00,6.44,0,30,,,REVIEW,52,P2,Google Search Console export; no external search volume used
bhubaneswar hair patch,0,16,0.00,7.06,0,23,,,REVIEW,52,P2,Google Search Console export; no external search volume used
berhampur hair treatment,0,16,0.00,6.69,1,10,,,REVIEW,52,P2,Google Search Console export; no external search volume used
hair specialist in balasore,0,16,0.00,8.50,0,30,,,REVIEW,52,P2,Google Search Console export; no external search volume used
bio hair,0,16,0.00,10.19,0,31,,,REVIEW,52,P2,Google Search Console export; no external search volume used
roots restore,0,16,0.00,11.25,0,34,,,REVIEW,52,P2,Google Search Console export; no external search volume used
doctor skincare,0,16,0.00,13.19,0,21,,,REVIEW,52,P2,Google Search Console export; no external search volume used
kolkata best hair transplant clinic,0,16,0.00,17.88,0,20,,,REVIEW,52,P2,Google Search Console export; no external search volume used
prp hair treatment near me,0,16,0.00,19.50,0,23,,,REVIEW,52,P2,Google Search Console export; no external search volume used
gfc ผม,0,50,0.00,36.44,0,51,,,REVIEW,51,P2,Google Search Console export; no external search volume used
บำรุงผม gfc,0,48,0.00,34.15,0,58,,,REVIEW,51,P2,Google Search Console export; no external search volume used
close comedones,0,15,0.00,9.53,0,0,,,REVIEW,51,P2,Google Search Console export; no external search volume used
skin care clinic near me,0,15,0.00,5.93,0,3,,,REVIEW,51,P2,Google Search Console export; no external search volume used
laser toning treatment in bhubaneswar,0,15,0.00,16.93,0,24,,,REVIEW,51,P2,Google Search Console export; no external search volume used
hair treatment near me,0,15,0.00,10.33,2,28,,,REVIEW,51,P2,Google Search Console export; no external search volume used
painless warts removal,0,15,0.00,4.20,0,21,,,REVIEW,51,P2,Google Search Console export; no external search volume used
cosmetic clinic in bhubaneswar,0,15,0.00,4.67,0,6,,,REVIEW,51,P2,Google Search Console export; no external search volume used
lip pigmentation laser treatment price near me,0,15,0.00,5.40,0,9,,,REVIEW,51,P2,Google Search Console export; no external search volume used
skin treatment near me,0,15,0.00,6.00,0,10,,,REVIEW,51,P2,Google Search Console export; no external search volume used
bhubaneswar laser treatment,0,14,0.00,6.21,0,1,,,REVIEW,51,P2,Google Search Console export; no external search volume used
hydrafacial bhubaneswar,0,14,0.00,6.29,1,23,,,REVIEW,51,P2,Google Search Console export; no external search volume used
best hydrafacial in bhubaneswar,0,14,0.00,5.79,0,9,,,REVIEW,51,P2,Google Search Console export; no external search volume used
hair fall doctor,0,14,0.00,7.29,0,19,,,REVIEW,51,P2,Google Search Console export; no external search volume used
chemical peeling treatment in bhubaneswar,0,14,0.00,19.43,0,22,,,REVIEW,51,P2,Google Search Console export; no external search volume used
permanent treatment,0,14,0.00,4.43,0,1,,,REVIEW,51,P2,Google Search Console export; no external search volume used
hair wig shop in bhubaneswar,0,14,0.00,6.79,0,17,,,REVIEW,51,P2,Google Search Console export; no external search volume used
hair clinic berhampur,0,14,0.00,8.00,0,26,,,REVIEW,51,P2,Google Search Console export; no external search volume used
waxing vs laser hair reduction,0,14,0.00,16.14,0,13,,,REVIEW,51,P2,Google Search Console export; no external search volume used
scalp micropigmentation clinic,0,14,0.00,18.79,0,27,,,REVIEW,51,P2,Google Search Console export; no external search volume used
growth factor concentrate for hair,0,14,0.00,23.50,0,35,,,REVIEW,51,P2,Google Search Console export; no external search volume used
skin and hair doctor near me,0,13,0.00,9.46,0,7,,,REVIEW,51,P2,Google Search Console export; no external search volume used
best dermatology doctor in bhubaneswar,0,13,0.00,7.46,0,3,,,REVIEW,51,P2,Google Search Console export; no external search volume used
skin treatment in bhubaneswar,0,13,0.00,9.31,0,14,,,REVIEW,51,P2,Google Search Console export; no external search volume used
dermatologist in bbsr,0,13,0.00,9.31,0,7,,,REVIEW,51,P2,Google Search Console export; no external search volume used
hair treatment doctor,0,13,0.00,4.92,0,3,,,REVIEW,51,P2,Google Search Console export; no external search volume used
hair botox treatment price in bhubaneswar,0,13,0.00,7.85,0,12,,,REVIEW,51,P2,Google Search Console export; no external search volume used
bio treatment for hair,0,13,0.00,9.00,0,43,,,REVIEW,51,P2,Google Search Console export; no external search volume used
bhatudi treatment in bhubaneswar,0,13,0.00,9.23,0,15,,,REVIEW,51,P2,Google Search Console export; no external search volume used
hair specialist doctor in kolkata,0,13,0.00,10.08,0,13,,,REVIEW,51,P2,Google Search Console export; no external search volume used
hair treatment kolkata,0,13,0.00,10.08,0,52,,,REVIEW,51,P2,Google Search Console export; no external search volume used
do people regret hair transplants,0,13,0.00,10.15,0,3,,,REVIEW,51,P2,Google Search Console export; no external search volume used
hair wig shop near me,0,13,0.00,10.23,0,11,,,REVIEW,51,P2,Google Search Console export; no external search volume used
radiance skin & hair clinics photos,1,167,0.60,2.72,0,141,,,REVIEW,50,P2,Google Search Console export; no external search volume used
radiance hair clinic,3,145,2.07,33.55,4,159,,,REVIEW,50,P2,Google Search Console export; no external search volume used
aesthetic clinic bhubaneswar,2,41,4.88,7.78,0,22,,,REVIEW,50,P2,Google Search Console export; no external search volume used
how to reverse the signs of ageing,0,40,0.00,56.35,0,46,,,REVIEW,50,P2,Google Search Console export; no external search volume used
wart doctor,0,39,0.00,59.77,0,23,,,REVIEW,50,P2,Google Search Console export; no external search volume used
best hair transplant clinic in kolkata,0,35,0.00,33.54,0,74,,,REVIEW,50,P2,Google Search Console export; no external search volume used
exosomes treatment in bhubaneswar,0,34,0.00,38.00,0,30,,,REVIEW,50,P2,Google Search Console export; no external search volume used
radiance skin and hair care,0,34,0.00,53.79,0,28,,,REVIEW,50,P2,Google Search Console export; no external search volume used
skin treatment doctor,0,34,0.00,39.62,0,103,,,REVIEW,50,P2,Google Search Console export; no external search volume used
dermatologist for hair loss near me,0,12,0.00,5.50,0,9,,,REVIEW,50,P2,Google Search Console export; no external search volume used
good dermatologist in bhubaneswar,0,12,0.00,6.92,0,14,,,REVIEW,50,P2,Google Search Console export; no external search volume used
radiant clinic near me,0,12,0.00,4.17,0,10,,,REVIEW,50,P2,Google Search Console export; no external search volume used
zap treatment,0,12,0.00,9.50,0,9,,,REVIEW,50,P2,Google Search Console export; no external search volume used
hair treatment sambalpur,0,12,0.00,9.83,0,8,,,REVIEW,50,P2,Google Search Console export; no external search volume used
hair doctor in cuttack,0,12,0.00,11.50,0,17,,,REVIEW,50,P2,Google Search Console export; no external search volume used
waxing and laser hair removal,0,12,0.00,16.08,0,0,,,REVIEW,50,P2,Google Search Console export; no external search volume used
aft laser treatment,0,11,0.00,27.09,0,2,,,REVIEW,50,P2,Google Search Console export; no external search volume used
radience,0,11,0.00,6.27,0,0,,,REVIEW,50,P2,Google Search Console export; no external search volume used
facial treatments,0,11,0.00,21.91,0,14,,,REVIEW,50,P2,Google Search Console export; no external search volume used
carbon laser treatment price in bhubaneswar,0,11,0.00,6.45,0,11,,,REVIEW,50,P2,Google Search Console export; no external search volume used
hair tansplant,0,11,0.00,17.36,0,10,,,REVIEW,50,P2,Google Search Console export; no external search volume used
hair specialist doctor in cuttack,0,11,0.00,10.73,0,13,,,REVIEW,50,P2,Google Search Console export; no external search volume used
hydrafacial price in bhubaneswar,0,11,0.00,10.82,0,28,,,REVIEW,50,P2,Google Search Console export; no external search volume used
electrolysis hair removal near me,0,11,0.00,8.27,0,7,,,REVIEW,50,P2,Google Search Console export; no external search volume used
radiance salon near me,0,11,0.00,7.27,0,5,,,REVIEW,50,P2,Google Search Console export; no external search volume used
best hair clinic near me,0,11,0.00,8.36,0,19,,,REVIEW,50,P2,Google Search Console export; no external search volume used
gfc therapy for hair,0,11,0.00,9.45,0,12,,,REVIEW,50,P2,Google Search Console export; no external search volume used
hair clinic kolkata,0,11,0.00,9.45,0,14,,,REVIEW,50,P2,Google Search Console export; no external search volume used
face laser treatment,0,11,0.00,10.27,0,10,,,REVIEW,50,P2,Google Search Console export; no external search volume used
what is gfc treatment,0,11,0.00,11.55,0,2,,,REVIEW,50,P2,Google Search Console export; no external search volume used
hydra facial in bhubaneswar price,0,11,0.00,13.00,0,12,,,REVIEW,50,P2,Google Search Console export; no external search volume used
hair ka doctor,0,11,0.00,15.55,0,15,,,REVIEW,50,P2,Google Search Console export; no external search volume used
aqua skin whitening injection,0,11,0.00,19.82,0,13,,,REVIEW,50,P2,Google Search Console export; no external search volume used
radiance hair transplant,4,116,3.45,36.48,0,128,,,REVIEW,49,P2,Google Search Console export; no external search volume used
radiant hair transplant clinic,0,30,0.00,37.83,0,40,,,REVIEW,49,P2,Google Search Console export; no external search volume used
skin specialist near me,0,10,0.00,16.30,0,11,,,REVIEW,49,P2,Google Search Console export; no external search volume used
dermatologist in bhubaneswar near me,0,10,0.00,5.80,0,8,,,REVIEW,49,P2,Google Search Console export; no external search volume used
top skin specialist in bhubaneswar,0,10,0.00,11.10,0,12,,,REVIEW,49,P2,Google Search Console export; no external search volume used
hydrafacial near me,0,10,0.00,8.10,0,6,,,REVIEW,49,P2,Google Search Console export; no external search volume used
hair transplant cost bhubaneswar,0,10,0.00,26.80,0,7,,,REVIEW,49,P2,Google Search Console export; no external search volume used
laser hair reduction,0,10,0.00,18.70,0,20,,,REVIEW,49,P2,Google Search Console export; no external search volume used
gfc hair treatment near me,0,10,0.00,14.40,0,6,,,REVIEW,49,P2,Google Search Console export; no external search volume used
tattoo removal near me,0,10,0.00,9.00,0,11,,,REVIEW,49,P2,Google Search Console export; no external search volume used
lice treatment near me,0,10,0.00,4.60,0,8,,,REVIEW,49,P2,Google Search Console export; no external search volume used
wig shop bhubaneswar,0,10,0.00,7.10,0,12,,,REVIEW,49,P2,Google Search Console export; no external search volume used
best skin doctor in odisha,0,10,0.00,10.70,0,1,,,REVIEW,49,P2,Google Search Console export; no external search volume used
what is gfc,0,10,0.00,16.00,0,39,,,REVIEW,49,P2,Google Search Console export; no external search volume used
weight loss treatment near me,0,10,0.00,16.20,0,8,,,REVIEW,49,P2,Google Search Console export; no external search volume used
hair loss affecting confidence,0,10,0.00,16.90,0,23,,,REVIEW,49,P2,Google Search Console export; no external search volume used
wart removal professional,0,10,0.00,23.90,0,12,,,REVIEW,49,P2,Google Search Console export; no external search volume used
best hair transplant surgeon in bhubaneswar,0,9,0.00,8.44,0,0,,,REVIEW,49,P2,Google Search Console export; no external search volume used
bhubaneswar dermatologist,0,9,0.00,7.78,0,10,,,REVIEW,49,P2,Google Search Console export; no external search volume used
lice treatment parlour near me,0,9,0.00,5.44,0,15,,,REVIEW,49,P2,Google Search Console export; no external search volume used
beauty clinic,0,9,0.00,17.00,0,6,,,REVIEW,49,P2,Google Search Console export; no external search volume used
skin treatments,0,9,0.00,17.22,0,3,,,REVIEW,49,P2,Google Search Console export; no external search volume used
grey hair treatment,0,9,0.00,4.11,0,6,,,REVIEW,49,P2,Google Search Console export; no external search volume used
best dermatologist,0,9,0.00,6.00,0,6,,,REVIEW,49,P2,Google Search Console export; no external search volume used
lip laser treatment near me,0,9,0.00,8.22,0,8,,,REVIEW,49,P2,Google Search Console export; no external search volume used
prp treatment cost in bhubaneswar,0,9,0.00,5.33,1,3,,,REVIEW,49,P2,Google Search Console export; no external search volume used
hair treatment clinic near me,0,9,0.00,5.67,0,5,,,REVIEW,49,P2,Google Search Console export; no external search volume used
hair hospital near me,0,9,0.00,6.22,0,11,,,REVIEW,49,P2,Google Search Console export; no external search volume used
hair patch near me,0,9,0.00,5.44,0,35,,,REVIEW,49,P2,Google Search Console export; no external search volume used
dermatologist for hair fall near me,0,9,0.00,6.56,0,2,,,REVIEW,49,P2,Google Search Console export; no external search volume used
dermatologist for hair loss,0,9,0.00,6.56,0,12,,,REVIEW,49,P2,Google Search Console export; no external search volume used
laser treatment for skin,0,9,0.00,8.89,0,1,,,REVIEW,49,P2,Google Search Console export; no external search volume used
piercing studio near me,0,9,0.00,10.44,0,0,,,REVIEW,49,P2,Google Search Console export; no external search volume used
pseudoacanthosis,0,9,0.00,10.89,0,3,,,REVIEW,49,P2,Google Search Console export; no external search volume used
smp micropigmentation near me,0,9,0.00,12.11,0,21,,,REVIEW,49,P2,Google Search Console export; no external search volume used
hair transplant regret,0,9,0.00,13.33,0,17,,,REVIEW,49,P2,Google Search Console export; no external search volume used
bio fue hair transplant,0,9,0.00,14.00,0,5,,,REVIEW,49,P2,Google Search Console export; no external search volume used
growth factor concentrate hair treatment,0,9,0.00,16.67,0,12,,,REVIEW,49,P2,Google Search Console export; no external search volume used
gfc hair therapy,0,9,0.00,20.11,0,10,,,REVIEW,49,P2,Google Search Console export; no external search volume used
hair specialist,0,116,0.00,61.91,0,225,,,REVIEW,48,P2,Google Search Console export; no external search volume used
hair wig in bhubaneswar,1,25,4.00,6.16,1,28,,,REVIEW,48,P2,Google Search Console export; no external search volume used
clinics in bhubaneswar,1,23,4.35,9.70,2,20,,,REVIEW,48,P2,Google Search Console export; no external search volume used
best hair treatment clinic in bhubaneswar,1,23,4.35,6.43,0,13,,,REVIEW,48,P2,Google Search Console export; no external search volume used
best hair removal laser in bhubaneswar,0,8,0.00,7.50,0,0,,,REVIEW,48,P2,Google Search Console export; no external search volume used
skin laser treatment near me,0,8,0.00,6.62,0,7,,,REVIEW,48,P2,Google Search Console export; no external search volume used
aesthetic skin clinic,0,8,0.00,7.38,0,0,,,REVIEW,48,P2,Google Search Console export; no external search volume used
skin laser treatment,0,8,0.00,8.25,1,5,,,REVIEW,48,P2,Google Search Console export; no external search volume used
hair care clinic near me,0,8,0.00,8.88,0,4,,,REVIEW,48,P2,Google Search Console export; no external search volume used
glutathione treatment,0,8,0.00,4.38,0,10,,,REVIEW,48,P2,Google Search Console export; no external search volume used
lip lightening treatment,0,8,0.00,4.25,0,9,,,REVIEW,48,P2,Google Search Console export; no external search volume used
hair fall doctor in bhubaneswar,0,8,0.00,5.88,0,22,,,REVIEW,48,P2,Google Search Console export; no external search volume used
best dermatologist doctor in bhubaneswar,0,8,0.00,7.38,0,18,,,REVIEW,48,P2,Google Search Console export; no external search volume used
skin care clinic,0,8,0.00,7.88,0,3,,,REVIEW,48,P2,Google Search Console export; no external search volume used
chemical peel treatment,0,8,0.00,5.62,0,1,,,REVIEW,48,P2,Google Search Console export; no external search volume used
lice treatment in parlour near me,0,8,0.00,4.75,0,0,,,REVIEW,48,P2,Google Search Console export; no external search volume used
microblading near me,0,8,0.00,5.12,1,9,,,REVIEW,48,P2,Google Search Console export; no external search volume used
doctor for face treatment,0,8,0.00,6.25,0,14,,,REVIEW,48,P2,Google Search Console export; no external search volume used
skin care hospital,0,8,0.00,6.25,0,0,,,REVIEW,48,P2,Google Search Console export; no external search volume used
skin and hair clinic,0,8,0.00,6.50,0,5,,,REVIEW,48,P2,Google Search Console export; no external search volume used
lip laser treatment,0,8,0.00,7.12,0,7,,,REVIEW,48,P2,Google Search Console export; no external search volume used
dermatologist near me for hair,0,8,0.00,7.50,0,6,,,REVIEW,48,P2,Google Search Console export; no external search volume used
hair skin specialist near me,0,8,0.00,7.75,0,1,,,REVIEW,48,P2,Google Search Console export; no external search volume used
radiance hair salon,0,8,0.00,7.75,0,1,,,REVIEW,48,P2,Google Search Console export; no external search volume used
best female dermatologist in bhubaneswar,0,8,0.00,8.62,0,3,,,REVIEW,48,P2,Google Search Console export; no external search volume used
laser clinics near me,0,8,0.00,8.62,0,0,,,REVIEW,48,P2,Google Search Console export; no external search volume used
scalp micropigmentation,0,8,0.00,9.88,0,8,,,REVIEW,48,P2,Google Search Console export; no external search volume used
radiance skin antiaging and hair transplant clinic reviews,0,8,0.00,10.25,0,2,,,REVIEW,48,P2,Google Search Console export; no external search volume used
radiance skin hair and laser clinic,0,8,0.00,12.12,0,3,,,REVIEW,48,P2,Google Search Console export; no external search volume used
pseudo acanthosis nigricans,0,8,0.00,12.88,1,8,,,REVIEW,48,P2,Google Search Console export; no external search volume used
weight loss treatment near you,0,8,0.00,16.25,0,12,,,REVIEW,48,P2,Google Search Console export; no external search volume used
full body hair removal,0,8,0.00,17.12,0,6,,,REVIEW,48,P2,Google Search Console export; no external search volume used
gfc treatment for hair,0,8,0.00,17.50,0,76,,,REVIEW,48,P2,Google Search Console export; no external search volume used
radiance for skin,0,8,0.00,20.62,0,6,,,REVIEW,48,P2,Google Search Console export; no external search volume used
skin treatment clinic,0,8,0.00,24.88,0,5,,,REVIEW,48,P2,Google Search Console export; no external search volume used
best hair treatment doctor near me,0,7,0.00,9.14,0,0,,,REVIEW,48,P2,Google Search Console export; no external search volume used
gluthathione treatment in bhubaneswar,0,7,0.00,18.43,0,0,,,REVIEW,48,P2,Google Search Console export; no external search volume used
best aesthetic physician in bhubaneswar,0,7,0.00,26.43,0,0,,,REVIEW,48,P2,Google Search Console export; no external search volume used
radiant salon,0,7,0.00,9.00,0,1,,,REVIEW,48,P2,Google Search Console export; no external search volume used
hifu treatment near me,0,7,0.00,4.00,0,1,,,REVIEW,48,P2,Google Search Console export; no external search volume used
acne scar treatment near me,0,7,0.00,7.71,0,2,,,REVIEW,48,P2,Google Search Console export; no external search volume used
best clinic bhubaneswar,0,7,0.00,10.71,0,1,,,REVIEW,48,P2,Google Search Console export; no external search volume used
aesthetic doctor,0,7,0.00,9.00,0,0,,,REVIEW,48,P2,Google Search Console export; no external search volume used
skin care near me,0,7,0.00,10.14,0,8,,,REVIEW,48,P2,Google Search Console export; no external search volume used
hair care doctor near me,0,7,0.00,4.57,0,14,,,REVIEW,48,P2,Google Search Console export; no external search volume used
hairfall doctors near me,0,7,0.00,7.43,0,1,,,REVIEW,48,P2,Google Search Console export; no external search volume used
bhubaneswar best dermatologist,0,7,0.00,7.29,0,10,,,REVIEW,48,P2,Google Search Console export; no external search volume used
leisure treatment,0,7,0.00,5.57,0,3,,,REVIEW,48,P2,Google Search Console export; no external search volume used
exosome mesotherapy treatment in bhubaneswar,0,7,0.00,15.57,0,8,,,REVIEW,48,P2,Google Search Console export; no external search volume used
coolsculpting near me,0,7,0.00,7.71,0,1,,,REVIEW,48,P2,Google Search Console export; no external search volume used
root restore therapy,0,7,0.00,4.43,0,11,,,REVIEW,48,P2,Google Search Console export; no external search volume used
skin perfect clinic bhubaneswar,0,7,0.00,5.43,0,0,,,REVIEW,48,P2,Google Search Console export; no external search volume used
nipple piercing near me,0,7,0.00,5.71,0,6,,,REVIEW,48,P2,Google Search Console export; no external search volume used
gfc treatment near me,0,7,0.00,5.86,0,6,,,REVIEW,48,P2,Google Search Console export; no external search volume used
balasore hair specialist doctor,0,7,0.00,8.86,0,9,,,REVIEW,48,P2,Google Search Console export; no external search volume used
hair doctor sambalpur,0,7,0.00,10.43,0,2,,,REVIEW,48,P2,Google Search Console export; no external search volume used
hair fix bhubaneswar,0,7,0.00,10.71,0,15,,,REVIEW,48,P2,Google Search Console export; no external search volume used
best skin doctor near me,0,7,0.00,11.71,0,12,,,REVIEW,48,P2,Google Search Console export; no external search volume used
"radiance skin, hair & cosmetic center",0,7,0.00,13.00,0,9,,,REVIEW,48,P2,Google Search Console export; no external search volume used
scalp micropigmentation near me,0,7,0.00,13.57,0,31,,,REVIEW,48,P2,Google Search Console export; no external search volume used
hair doctor in kolkata,0,7,0.00,17.86,0,2,,,REVIEW,48,P2,Google Search Console export; no external search volume used
lip vitiligo treatment,0,7,0.00,18.00,0,2,,,REVIEW,48,P2,Google Search Console export; no external search volume used
how many prp sessions are needed for hair,0,7,0.00,18.14,0,19,,,REVIEW,48,P2,Google Search Console export; no external search volume used
vitiligo surgery treatment in bhubaneswar,0,7,0.00,21.86,0,6,,,REVIEW,48,P2,Google Search Console export; no external search volume used
hair removal laser,0,95,0.00,1.00,0,1,,,REVIEW,47,P2,Google Search Console export; no external search volume used
best laser hair removal in bhubaneswar,1,21,4.76,4.29,0,15,,,REVIEW,47,P2,Google Search Console export; no external search volume used
closed comedones causes,0,6,0.00,11.17,0,0,,,REVIEW,47,P2,Google Search Console export; no external search volume used
closed whiteheads,0,6,0.00,21.00,0,0,,,REVIEW,47,P2,Google Search Console export; no external search volume used
skin treatment clinic near me,0,6,0.00,5.50,0,0,,,REVIEW,47,P2,Google Search Console export; no external search volume used
skin treatment,0,6,0.00,7.00,0,26,,,REVIEW,47,P2,Google Search Console export; no external search volume used
skin scan clinic,0,6,0.00,7.50,0,1,,,REVIEW,47,P2,Google Search Console export; no external search volume used
best skin hospital in bhubaneswar,0,6,0.00,10.17,0,8,,,REVIEW,47,P2,Google Search Console export; no external search volume used
hair transplant in bhubaneswar cost,0,6,0.00,5.00,0,16,,,REVIEW,47,P2,Google Search Console export; no external search volume used
hair consultant near me,0,6,0.00,6.17,0,5,,,REVIEW,47,P2,Google Search Console export; no external search volume used
nearby skin clinic,0,6,0.00,10.50,0,2,,,REVIEW,47,P2,Google Search Console export; no external search volume used
best skin doctor in bbsr,0,6,0.00,9.67,0,14,,,REVIEW,47,P2,Google Search Console export; no external search volume used
best plastic surgeon in odisha,0,6,0.00,13.33,0,7,,,REVIEW,47,P2,Google Search Console export; no external search volume used
hair fall treatment doctor near me,0,6,0.00,6.50,0,0,,,REVIEW,47,P2,Google Search Console export; no external search volume used
radiant hair clinic,0,6,0.00,16.33,0,8,,,REVIEW,47,P2,Google Search Console export; no external search volume used
hair replacement near me,0,6,0.00,6.00,0,4,,,REVIEW,47,P2,Google Search Console export; no external search volume used
best dermatologist in bhubaneswar for face,0,6,0.00,7.83,0,8,,,REVIEW,47,P2,Google Search Console export; no external search volume used
hair fall treatment near me,0,6,0.00,8.67,2,13,,,REVIEW,47,P2,Google Search Console export; no external search volume used
best dermatology in bhubaneswar,0,6,0.00,8.33,0,0,,,REVIEW,47,P2,Google Search Console export; no external search volume used
dark circle treatment near me,0,6,0.00,20.67,0,0,,,REVIEW,47,P2,Google Search Console export; no external search volume used
hair specialist doctor in angul,0,6,0.00,4.17,0,0,,,REVIEW,47,P2,Google Search Console export; no external search volume used
lip pigmentation treatment near me,0,6,0.00,4.33,0,6,,,REVIEW,47,P2,Google Search Console export; no external search volume used
earlobe repair near me,0,6,0.00,5.50,2,9,,,REVIEW,47,P2,Google Search Console export; no external search volume used
odisha best dermatologist doctor,0,6,0.00,5.50,0,2,,,REVIEW,47,P2,Google Search Console export; no external search volume used
cosmetic clinic near me,0,6,0.00,6.67,0,11,,,REVIEW,47,P2,Google Search Console export; no external search volume used
face laser,0,6,0.00,6.67,0,6,,,REVIEW,47,P2,Google Search Console export; no external search volume used
ear hole repair without surgery near me,0,6,0.00,7.33,0,13,,,REVIEW,47,P2,Google Search Console export; no external search volume used
gfc injection for hair growth,0,6,0.00,7.50,0,3,,,REVIEW,47,P2,Google Search Console export; no external search volume used
hair wig near me,0,6,0.00,7.50,0,3,,,REVIEW,47,P2,Google Search Console export; no external search volume used
rhinoplasty in bhubaneswar,0,6,0.00,7.50,0,0,,,REVIEW,47,P2,Google Search Console export; no external search volume used
piercing doctor near me,0,6,0.00,8.17,0,1,,,REVIEW,47,P2,Google Search Console export; no external search volume used
balo ka doctor near me,0,6,0.00,8.33,0,4,,,REVIEW,47,P2,Google Search Console export; no external search volume used
hair and skin clinic near me,0,6,0.00,8.83,0,6,,,REVIEW,47,P2,Google Search Console export; no external search volume used
eugenix bhubaneswar,0,6,0.00,9.00,0,5,,,REVIEW,47,P2,Google Search Console export; no external search volume used
skin pixel clinic,0,6,0.00,9.33,0,1,,,REVIEW,47,P2,Google Search Console export; no external search volume used
best skin specialist in odisha,0,6,0.00,9.50,0,2,,,REVIEW,47,P2,Google Search Console export; no external search volume used
gfc means in hair,0,6,0.00,9.67,0,0,,,REVIEW,47,P2,Google Search Console export; no external search volume used
wart treatment near me,0,6,0.00,10.00,0,5,,,REVIEW,47,P2,Google Search Console export; no external search volume used
ear piercing in bhubaneswar,0,6,0.00,10.50,0,24,,,REVIEW,47,P2,Google Search Console export; no external search volume used
hair transplant ka result kab tak aata hai,0,6,0.00,10.67,0,18,,,REVIEW,47,P2,Google Search Console export; no external search volume used
place for piercings near me,0,6,0.00,10.67,0,0,,,REVIEW,47,P2,Google Search Console export; no external search volume used
hair specialist in rourkela,0,6,0.00,11.17,0,5,,,REVIEW,47,P2,Google Search Console export; no external search volume used
face peeling treatment price,0,6,0.00,12.83,0,6,,,REVIEW,47,P2,Google Search Console export; no external search volume used
how to buy a wig,0,6,0.00,16.83,0,7,,,REVIEW,47,P2,Google Search Console export; no external search volume used
prp treatment for hair thinning,0,6,0.00,17.00,0,5,,,REVIEW,47,P2,Google Search Console export; no external search volume used
what is gfc hair treatment,0,6,0.00,19.50,0,25,,,REVIEW,47,P2,Google Search Console export; no external search volume used
density focused hair transplant,0,6,0.00,19.67,0,6,,,REVIEW,47,P2,Google Search Console export; no external search volume used
growth factor concentrate treatment,0,6,0.00,21.00,0,20,,,REVIEW,47,P2,Google Search Console export; no external search volume used
best hair treatment in kolkata,0,6,0.00,22.50,0,34,,,REVIEW,47,P2,Google Search Console export; no external search volume used
gfc hair,0,6,0.00,23.17,0,17,,,REVIEW,47,P2,Google Search Console export; no external search volume used
loss of confidence due to hair loss,0,6,0.00,24.33,0,6,,,REVIEW,47,P2,Google Search Console export; no external search volume used
gfc after hair transplant,0,6,0.00,26.17,0,3,,,REVIEW,47,P2,Google Search Console export; no external search volume used
best hair transplant clinic in vizag,0,6,0.00,27.50,0,6,,,REVIEW,47,P2,Google Search Console export; no external search volume used
lip pigmentation treatment cost,0,6,0.00,27.83,0,4,,,REVIEW,47,P2,Google Search Console export; no external search volume used
hair transplantation in vizag,0,6,0.00,29.67,0,10,,,REVIEW,47,P2,Google Search Console export; no external search volume used
hair transplant clinic near me,0,79,0.00,3.96,1,62,,,REVIEW,46,P2,Google Search Console export; no external search volume used
bhubaneswar hair transplant clinic,1,75,1.33,2.40,3,95,,,REVIEW,46,P2,Google Search Console export; no external search volume used
hair transplant in odisha,1,45,2.22,3.47,1,45,https://www.radianceclinics.com/,/hair-transplant-bhubaneswar,PRESERVE,46,P2,Google Search Console export; no external search volume used
cosmetologist in bhubaneswar,1,17,5.88,6.94,0,8,,,REVIEW,46,P2,Google Search Console export; no external search volume used
lip laser treatment cost in bhubaneswar,2,16,12.50,6.19,0,20,,,REVIEW,46,P2,Google Search Console export; no external search volume used
closed comedones on face,0,5,0.00,11.00,0,0,,,REVIEW,46,P2,Google Search Console export; no external search volume used
closed comedones reasons,0,5,0.00,11.00,0,0,,,REVIEW,46,P2,Google Search Console export; no external search volume used
best skin specialist in bbsr,0,5,0.00,8.20,0,4,,,REVIEW,46,P2,Google Search Console export; no external search volume used
best hair clinic,0,5,0.00,5.80,0,0,,,REVIEW,46,P2,Google Search Console export; no external search volume used
full body laser hair removal,0,5,0.00,4.80,0,6,,,REVIEW,46,P2,Google Search Console export; no external search volume used
plastic surgeon in bhubaneswar,0,5,0.00,23.40,0,2,,,REVIEW,46,P2,Google Search Console export; no external search volume used
laser waxing,0,5,0.00,21.60,0,2,,,REVIEW,46,P2,Google Search Console export; no external search volume used
near hair transplant clinic,0,5,0.00,4.80,0,7,,,REVIEW,46,P2,Google Search Console export; no external search volume used
pigmentation treatment near me for face,0,5,0.00,4.40,0,0,,,REVIEW,46,P2,Google Search Console export; no external search volume used
dermatologist bbsr,0,5,0.00,6.00,0,9,,,REVIEW,46,P2,Google Search Console export; no external search volume used
laser treatment for hair removal,0,5,0.00,16.40,0,9,,,REVIEW,46,P2,Google Search Console export; no external search volume used
radiance laser,0,5,0.00,9.80,0,0,,,REVIEW,46,P2,Google Search Console export; no external search volume used
beauty clinic near me,0,5,0.00,8.60,0,0,,,REVIEW,46,P2,Google Search Console export; no external search volume used
best hair treatment,0,5,0.00,7.80,0,4,,,REVIEW,46,P2,Google Search Console export; no external search volume used
warts removal near me,0,5,0.00,10.60,0,0,,,REVIEW,46,P2,Google Search Console export; no external search volume used
bhubaneswar best skin doctor,0,5,0.00,8.40,0,6,,,REVIEW,46,P2,Google Search Console export; no external search volume used
janpath bhubaneswar clinics with phone number,0,5,0.00,11.00,0,0,,,REVIEW,46,P2,Google Search Console export; no external search volume used
for hair which doctor,0,5,0.00,11.60,0,3,,,REVIEW,46,P2,Google Search Console export; no external search volume used
radiant skin and hair clinic,0,5,0.00,17.60,1,7,,,REVIEW,46,P2,Google Search Console export; no external search volume used
best clinic in bhubaneswar,0,5,0.00,4.60,0,5,,,REVIEW,46,P2,Google Search Console export; no external search volume used
nearest hair transplant,0,5,0.00,6.00,0,8,,,REVIEW,46,P2,Google Search Console export; no external search volume used
best laser treatment near me,0,5,0.00,8.80,0,1,,,REVIEW,46,P2,Google Search Console export; no external search volume used
good skin doctor in bhubaneswar,0,5,0.00,6.20,0,5,,,REVIEW,46,P2,Google Search Console export; no external search volume used
hair hospital,0,5,0.00,6.20,0,1,,,REVIEW,46,P2,Google Search Console export; no external search volume used
scalp treatment near me,0,5,0.00,5.00,0,1,,,REVIEW,46,P2,Google Search Console export; no external search volume used
top rated dermatologist in bhubaneswar,0,5,0.00,5.20,0,14,,,REVIEW,46,P2,Google Search Console export; no external search volume used
face clinic bhubaneswar,0,5,0.00,13.80,0,2,,,REVIEW,46,P2,Google Search Console export; no external search volume used
hair loss treatment near me,0,5,0.00,4.00,0,4,,,REVIEW,46,P2,Google Search Console export; no external search volume used
nikki skincare,0,5,0.00,4.00,0,0,,,REVIEW,46,P2,Google Search Console export; no external search volume used
best hair transplant clinic,0,5,0.00,4.20,0,4,,,REVIEW,46,P2,Google Search Console export; no external search volume used
how gfc treatment works,0,5,0.00,4.20,0,0,,,REVIEW,46,P2,Google Search Console export; no external search volume used
gfc hair treatment process,0,5,0.00,4.60,0,16,,,REVIEW,46,P2,Google Search Console export; no external search volume used
best hair doctor,0,5,0.00,5.60,0,6,,,REVIEW,46,P2,Google Search Console export; no external search volume used
wig shop near me,0,5,0.00,5.60,0,8,,,REVIEW,46,P2,Google Search Console export; no external search volume used
pigmentation treatment near me,0,5,0.00,5.80,0,2,,,REVIEW,46,P2,Google Search Console export; no external search volume used
hair care centre near me,0,5,0.00,6.60,0,5,,,REVIEW,46,P2,Google Search Console export; no external search volume used
hair loss treatment for women near me,0,5,0.00,7.00,0,1,,,REVIEW,46,P2,Google Search Console export; no external search volume used
dermatologist hair specialist near me,0,5,0.00,7.80,0,0,,,REVIEW,46,P2,Google Search Console export; no external search volume used
hair wig centre in bhubaneswar,0,5,0.00,7.80,0,16,,,REVIEW,46,P2,Google Search Console export; no external search volume used
permanent eyebrows near me,0,5,0.00,8.60,0,8,,,REVIEW,46,P2,Google Search Console export; no external search volume used
microblading eyebrows cost near me,0,5,0.00,10.40,0,3,,,REVIEW,46,P2,Google Search Console export; no external search volume used
scalp test near me,0,5,0.00,10.40,0,1,,,REVIEW,46,P2,Google Search Console export; no external search volume used
kolkata hair transplant clinic,0,5,0.00,10.80,0,8,,,REVIEW,46,P2,Google Search Console export; no external search volume used
needle piercing near me,0,5,0.00,10.80,0,1,,,REVIEW,46,P2,Google Search Console export; no external search volume used
hair solution near me,0,5,0.00,11.40,0,0,,,REVIEW,46,P2,Google Search Console export; no external search volume used
regret hair transplant,0,5,0.00,11.40,0,3,,,REVIEW,46,P2,Google Search Console export; no external search volume used
kolkata best hair doctor,0,5,0.00,11.80,0,6,,,REVIEW,46,P2,Google Search Console export; no external search volume used
skin near me,0,5,0.00,12.00,0,0,,,REVIEW,46,P2,Google Search Console export; no external search volume used
बालों का डॉक्टर,0,5,0.00,12.00,0,1,,,REVIEW,46,P2,Google Search Console export; no external search volume used
body piercing,0,5,0.00,13.00,0,3,,,REVIEW,46,P2,Google Search Console export; no external search volume used
balo ka doctor,0,5,0.00,15.00,0,5,,,REVIEW,46,P2,Google Search Console export; no external search volume used
hair regain treatment,0,5,0.00,15.60,0,1,,,REVIEW,46,P2,Google Search Console export; no external search volume used
botox anti aging treatment,0,5,0.00,15.80,0,12,,,REVIEW,46,P2,Google Search Console export; no external search volume used
permanent makeup clinic near me,0,5,0.00,16.60,0,0,,,REVIEW,46,P2,Google Search Console export; no external search volume used
slimming centre near me,0,5,0.00,17.60,0,5,,,REVIEW,46,P2,Google Search Console export; no external search volume used
radience clinic,0,5,0.00,18.60,0,0,,,REVIEW,46,P2,Google Search Console export; no external search volume used
bio fue technique,0,5,0.00,19.40,0,2,,,REVIEW,46,P2,Google Search Console export; no external search volume used
microbotox treatment in bhubaneswar,0,5,0.00,19.40,0,10,,,REVIEW,46,P2,Google Search Console export; no external search volume used
slimming clinic near me,0,5,0.00,21.40,0,7,,,REVIEW,46,P2,Google Search Console export; no external search volume used
plasma hair treatment near me,0,5,0.00,21.80,0,26,,,REVIEW,46,P2,Google Search Console export; no external search volume used
site:www.radianceclinics.com,0,61,0.00,61.66,0,23,,,REVIEW,45,P2,Google Search Console export; no external search volume used
hair transplant candidates,0,61,0.00,74.77,0,137,,,REVIEW,45,P2,Google Search Console export; no external search volume used
gfc treatment in bhubaneswar,1,34,2.94,3.41,0,10,https://www.radianceclinics.com/,/treatments/hair-restoration/prp-gfc-scalp-therapy,PRESERVE,45,P2,Google Search Console export; no external search volume used
odisha hair transplant clinic,1,15,6.67,5.53,0,1,,,REVIEW,45,P2,Google Search Console export; no external search volume used
hair transplant clinic in odisha,0,59,0.00,1.46,0,49,,,REVIEW,44,P2,Google Search Console export; no external search volume used
best hair transplant in odisha,0,55,0.00,2.84,1,52,,,REVIEW,44,P2,Google Search Console export; no external search volume used
skin and hair clinic bhubaneswar,0,54,0.00,3.57,0,31,,,REVIEW,44,P2,Google Search Console export; no external search volume used
hair doctor angul,1,12,8.33,5.58,0,1,,,REVIEW,44,P2,Google Search Console export; no external search volume used
hair transplant service bhubaneswar,0,49,0.00,1.37,0,45,,,REVIEW,43,P2,Google Search Console export; no external search volume used
best hair restoration in odisha,0,48,0.00,1.42,0,69,,,REVIEW,43,P2,Google Search Console export; no external search volume used
best dermatologist in bhubaneswar for hair,0,44,0.00,2.80,0,49,,,REVIEW,43,P2,Google Search Console export; no external search volume used
hair care after hair transplant,0,43,0.00,79.00,0,69,,,REVIEW,43,P2,Google Search Console export; no external search volume used
skin radiance clinic,1,38,2.63,36.03,0,25,,,REVIEW,43,P2,Google Search Console export; no external search volume used
prp treatment near me,1,10,10.00,4.80,0,10,,,REVIEW,43,P2,Google Search Console export; no external search volume used
best prp treatment near me,1,9,11.11,5.78,0,10,,,REVIEW,43,P2,Google Search Console export; no external search volume used
hair clinic bhubaneswar,3,141,2.13,2.96,1,159,,,REVIEW,42,P2,Google Search Console export; no external search volume used
prp treatment in bhubaneswar,3,63,4.76,3.90,2,61,https://www.radianceclinics.com/,/treatments/hair-restoration/prp-gfc-scalp-therapy,PRESERVE,42,P2,Google Search Console export; no external search volume used
hair restoration in bhubaneswar,0,39,0.00,1.54,0,39,,,REVIEW,42,P2,Google Search Console export; no external search volume used
check acne,0,37,0.00,2.08,0,102,,,REVIEW,42,P2,Google Search Console export; no external search volume used
doctor facial,0,37,0.00,3.65,0,66,,,REVIEW,42,P2,Google Search Console export; no external search volume used
hair fall treatment in bhubaneswar,0,36,0.00,3.72,0,34,,,REVIEW,42,P2,Google Search Console export; no external search volume used
dermatologist wart removal,0,35,0.00,73.60,0,28,,,REVIEW,42,P2,Google Search Console export; no external search volume used
lice treatment in bhubaneswar,0,34,0.00,2.62,1,31,,,REVIEW,42,P2,Google Search Console export; no external search volume used
best hair transplant clinic near me,0,34,0.00,1.94,0,30,,,REVIEW,42,P2,Google Search Console export; no external search volume used
radiance skin antiaging & hair transplant clinic,0,29,0.00,36.83,0,25,,,REVIEW,42,P2,Google Search Console export; no external search volume used
platelet rich plasma in hair treatment in bhubaneswar,0,29,0.00,30.31,0,31,,,REVIEW,42,P2,Google Search Console export; no external search volume used
radiance hair and sk,0,29,0.00,52.93,0,54,,,REVIEW,42,P2,Google Search Console export; no external search volume used
skin booster treatment in bhubaneswar,0,28,0.00,43.75,0,26,,,REVIEW,42,P2,Google Search Console export; no external search volume used
doctor skin care,0,28,0.00,39.93,0,27,,,REVIEW,42,P2,Google Search Console export; no external search volume used
hair laser treatment,1,8,12.50,8.12,0,3,,,REVIEW,42,P2,Google Search Console export; no external search volume used
best dermat in bhubaneswar,1,8,12.50,5.75,0,9,,,REVIEW,42,P2,Google Search Console export; no external search volume used
weight loss doctor near me,1,8,12.50,10.38,0,7,,,REVIEW,42,P2,Google Search Console export; no external search volume used
skin treatment bhubaneswar,1,7,14.29,6.29,0,16,,,REVIEW,42,P2,Google Search Console export; no external search volume used
hair and skin clinic,1,7,14.29,9.14,0,4,,,REVIEW,42,P2,Google Search Console export; no external search volume used
trichologist bhubaneswar,0,32,0.00,1.19,0,19,,,REVIEW,41,P3,Google Search Console export; no external search volume used
scarring alopecia,0,32,0.00,91.44,0,44,,,REVIEW,41,P3,Google Search Console export; no external search volume used
laser treatment price in bhubaneswar,0,31,0.00,1.87,0,22,,,REVIEW,41,P3,Google Search Console export; no external search volume used
laser for hair removal,0,31,0.00,1.35,0,0,,,REVIEW,41,P3,Google Search Console export; no external search volume used
traya bhubaneswar,0,30,0.00,3.37,0,38,,,REVIEW,41,P3,Google Search Console export; no external search volume used
hair rejuvenation treatment,0,30,0.00,66.73,0,50,,,REVIEW,41,P3,Google Search Console export; no external search volume used
is laser hair removal permanent,0,25,0.00,31.44,0,57,,,REVIEW,41,P3,Google Search Console export; no external search volume used
acne scar treatment,0,25,0.00,59.80,0,4,,,REVIEW,41,P3,Google Search Console export; no external search volume used
hair wig for men in bhubaneswar,1,6,16.67,6.00,0,9,,,REVIEW,41,P3,Google Search Console export; no external search volume used
radiance clinic bhubaneswar,20,309,6.47,1.50,8,181,,,REVIEW,40,P3,Google Search Console export; no external search volume used
hair transplant kolkata,0,22,0.00,40.55,0,35,,,REVIEW,40,P3,Google Search Console export; no external search volume used
acne checker,0,20,0.00,30.60,0,1123,,,REVIEW,40,P3,Google Search Console export; no external search volume used
laser zap,0,20,0.00,43.55,0,29,,,REVIEW,40,P3,Google Search Console export; no external search volume used
keloid treatment in bhubaneswar,0,18,0.00,33.11,0,16,,,REVIEW,39,P3,Google Search Console export; no external search volume used
facial skin doctor,0,17,0.00,30.47,0,26,,,REVIEW,39,P3,Google Search Console export; no external search volume used
best hair transplant kolkata,0,17,0.00,34.12,0,36,,,REVIEW,39,P3,Google Search Console export; no external search volume used
non surgical hair transplant in kolkata,0,17,0.00,44.06,0,29,,,REVIEW,39,P3,Google Search Console export; no external search volume used
growth factor therapy,0,16,0.00,52.06,0,5,,,REVIEW,39,P3,Google Search Console export; no external search volume used
best hair transplant center in bhubaneswar,0,15,0.00,50.53,0,19,,,REVIEW,38,P3,Google Search Console export; no external search volume used
chest hair restoration in kolkata,0,15,0.00,37.93,0,25,,,REVIEW,38,P3,Google Search Console export; no external search volume used
growth factor hair,0,15,0.00,53.80,0,25,,,REVIEW,38,P3,Google Search Console export; no external search volume used
diode laser hair removal in newtown,0,14,0.00,50.21,0,25,,,REVIEW,38,P3,Google Search Console export; no external search volume used
slimming treatment,0,14,0.00,55.57,0,18,,,REVIEW,38,P3,Google Search Console export; no external search volume used
rolling acne scars,0,13,0.00,30.46,0,0,,,REVIEW,38,P3,Google Search Console export; no external search volume used
new radiance,0,13,0.00,53.31,0,12,,,REVIEW,38,P3,Google Search Console export; no external search volume used
hair treatment clinic in kolkata,0,13,0.00,35.08,0,30,,,REVIEW,38,P3,Google Search Console export; no external search volume used
hair growth factor treatment,0,13,0.00,38.69,0,23,,,REVIEW,38,P3,Google Search Console export; no external search volume used
beard transplant clinic in kolkata,0,13,0.00,42.69,0,30,,,REVIEW,38,P3,Google Search Console export; no external search volume used
dermatology certificate,0,13,0.00,44.08,0,18,,,REVIEW,38,P3,Google Search Console export; no external search volume used
radiance ayurveda,0,11,0.00,50.91,0,11,,,REVIEW,37,P3,Google Search Console export; no external search volume used
radiance near me,0,11,0.00,32.00,0,4,,,REVIEW,37,P3,Google Search Console export; no external search volume used
eye facial,0,11,0.00,32.36,0,0,,,REVIEW,37,P3,Google Search Console export; no external search volume used
how long do powder brows last,0,11,0.00,53.55,0,21,,,REVIEW,37,P3,Google Search Console export; no external search volume used
prp treatment,1,50,2.00,2.42,0,38,,,REVIEW,36,P3,Google Search Console export; no external search volume used
microblading eyebrows cost,0,10,0.00,38.80,0,11,,,REVIEW,36,P3,Google Search Console export; no external search volume used
how many sessions of prp are usually needed,0,10,0.00,50.50,0,23,,,REVIEW,36,P3,Google Search Console export; no external search volume used
anti aging fillers,0,9,0.00,40.78,0,23,,,REVIEW,36,P3,Google Search Console export; no external search volume used
fillers,0,9,0.00,44.22,0,7,,,REVIEW,36,P3,Google Search Console export; no external search volume used
psoriasis treatment in bhubaneswar,0,9,0.00,52.33,0,0,,,REVIEW,36,P3,Google Search Console export; no external search volume used
acne pigmentation,0,8,0.00,44.38,0,0,,,REVIEW,35,P3,Google Search Console export; no external search volume used
ultherapy,0,8,0.00,47.00,0,5,,,REVIEW,35,P3,Google Search Console export; no external search volume used
best hair and dental center in bhubaneswar,0,8,0.00,44.00,0,8,,,REVIEW,35,P3,Google Search Console export; no external search volume used
aft laser hair removal,0,8,0.00,32.00,0,4,,,REVIEW,35,P3,Google Search Console export; no external search volume used
how long does ombre brows last,0,8,0.00,36.75,0,20,,,REVIEW,35,P3,Google Search Console export; no external search volume used
aft hair removal,0,8,0.00,38.75,0,6,,,REVIEW,35,P3,Google Search Console export; no external search volume used
gloss clinic,0,8,0.00,39.25,0,5,,,REVIEW,35,P3,Google Search Console export; no external search volume used
face skin care doctor,0,8,0.00,44.12,0,16,,,REVIEW,35,P3,Google Search Console export; no external search volume used
piercing,0,8,0.00,45.88,0,25,,,REVIEW,35,P3,Google Search Console export; no external search volume used
acne scar removal treatment,0,8,0.00,51.12,0,0,,,REVIEW,35,P3,Google Search Console export; no external search volume used
vitiligo surgery in bhubaneswar,0,7,0.00,43.29,0,0,,,REVIEW,35,P3,Google Search Console export; no external search volume used
beauty clinic treatments,0,7,0.00,31.43,0,14,,,REVIEW,35,P3,Google Search Console export; no external search volume used
hair transplant in raipur,0,7,0.00,38.43,0,6,,,REVIEW,35,P3,Google Search Console export; no external search volume used
lip colouring treatment,0,7,0.00,45.00,0,6,,,REVIEW,35,P3,Google Search Console export; no external search volume used
under eye treatment near me,0,7,0.00,48.00,0,6,,,REVIEW,35,P3,Google Search Console export; no external search volume used
doctor in skin,0,7,0.00,48.86,0,3,,,REVIEW,35,P3,Google Search Console export; no external search volume used
professional wart removal,0,7,0.00,52.86,0,5,,,REVIEW,35,P3,Google Search Console export; no external search volume used
chemical face peel,0,7,0.00,54.71,0,10,,,REVIEW,35,P3,Google Search Console export; no external search volume used
skinhance,0,7,0.00,55.43,0,1,,,REVIEW,35,P3,Google Search Console export; no external search volume used
best hair transplant for women,0,7,0.00,60.00,0,2,,,REVIEW,35,P3,Google Search Console export; no external search volume used
hair patch service in bhubaneswar,1,31,3.23,2.39,1,24,,,REVIEW,34,P3,Google Search Console export; no external search volume used
best hair transplant clinic in odisha,1,29,3.45,3.83,1,27,,,REVIEW,34,P3,Google Search Console export; no external search volume used
best hair fall doctor in bhubaneswar,1,28,3.57,3.82,0,8,,,REVIEW,34,P3,Google Search Console export; no external search volume used
wart removal bhubaneswar,1,15,6.67,3.53,1,34,https://www.radianceclinics.com/mole-wart-removal/,/wart-removal-bhubaneswar,REDIRECT,34,P3,Google Search Console export; no external search volume used
hydrafacial,0,6,0.00,32.17,0,8,,,REVIEW,34,P3,Google Search Console export; no external search volume used
aft laser treatment reviews,0,6,0.00,32.50,0,4,,,REVIEW,34,P3,Google Search Console export; no external search volume used
hair transplant in vizag,0,6,0.00,39.17,0,13,,,REVIEW,34,P3,Google Search Console export; no external search volume used
how long do ombre brows last,0,6,0.00,40.17,0,14,,,REVIEW,34,P3,Google Search Console export; no external search volume used
ultra high density hair transplant,0,6,0.00,42.00,0,10,,,REVIEW,34,P3,Google Search Console export; no external search volume used
roots clinic,0,6,0.00,43.00,0,7,,,REVIEW,34,P3,Google Search Console export; no external search volume used
keratin treatment price in bbsr,0,6,0.00,49.83,0,10,,,REVIEW,34,P3,Google Search Console export; no external search volume used
forehead lines,0,25,0.00,79.28,0,10,,,REVIEW,33,P3,Google Search Console export; no external search volume used
bhubaneswar,0,24,0.00,2.92,0,7,,,REVIEW,33,P3,Google Search Console export; no external search volume used
lice treatment parlour in bhubaneswar,0,24,0.00,1.75,0,7,,,REVIEW,33,P3,Google Search Console export; no external search volume used
body reshaping doctor in bhubaneswar,0,5,0.00,30.20,0,11,,,REVIEW,33,P3,Google Search Console export; no external search volume used
can laser hair removal be permanent,0,5,0.00,30.60,0,18,,,REVIEW,33,P3,Google Search Console export; no external search volume used
dr skin care,0,5,0.00,31.20,0,10,,,REVIEW,33,P3,Google Search Console export; no external search volume used
best hair transplant clinic in visakhapatnam,0,5,0.00,31.80,0,4,,,REVIEW,33,P3,Google Search Console export; no external search volume used
hair aesthetic clinic,0,5,0.00,36.80,0,0,,,REVIEW,33,P3,Google Search Console export; no external search volume used
solace hair transplant,0,5,0.00,36.80,0,6,,,REVIEW,33,P3,Google Search Console export; no external search volume used
hair transplant cost in raipur,0,5,0.00,37.40,0,9,,,REVIEW,33,P3,Google Search Console export; no external search volume used
tattoo removal service,0,5,0.00,40.40,0,1,,,REVIEW,33,P3,Google Search Console export; no external search volume used
best acne scar treatment,0,5,0.00,41.20,0,3,,,REVIEW,33,P3,Google Search Console export; no external search volume used
radiance hair studio,0,5,0.00,41.60,0,8,,,REVIEW,33,P3,Google Search Console export; no external search volume used
under eye treatment,0,5,0.00,41.60,0,10,,,REVIEW,33,P3,Google Search Console export; no external search volume used
neck lines,0,5,0.00,46.00,0,8,,,REVIEW,33,P3,Google Search Console export; no external search volume used
radiance-boosting facials,0,5,0.00,46.20,0,3,,,REVIEW,33,P3,Google Search Console export; no external search volume used
top 10 hair transplant clinic in kolkata,0,5,0.00,49.20,0,9,,,REVIEW,33,P3,Google Search Console export; no external search volume used
laser clinic,0,5,0.00,54.80,0,3,,,REVIEW,33,P3,Google Search Console export; no external search volume used
radiance skin and hair clinic bhubaneswar,11,70,15.71,1.23,1,18,,,REVIEW,32,P3,Google Search Console export; no external search volume used
radiance bhubaneswar,3,68,4.41,1.00,0,33,,,REVIEW,32,P3,Google Search Console export; no external search volume used
painless wart removal,0,22,0.00,1.91,0,22,,,REVIEW,32,P3,Google Search Console export; no external search volume used
can you reverse signs of aging,0,21,0.00,72.38,0,23,,,REVIEW,32,P3,Google Search Console export; no external search volume used
laser women,0,21,0.00,1.24,0,25,,,REVIEW,32,P3,Google Search Console export; no external search volume used
hair fall treatment,0,20,0.00,3.25,0,18,,,REVIEW,32,P3,Google Search Console export; no external search volume used
yes,0,19,0.00,3.21,1,17,,,REVIEW,32,P3,Google Search Console export; no external search volume used
prp treatment for hair,0,19,0.00,1.68,0,16,,,REVIEW,32,P3,Google Search Console export; no external search volume used
laser hair reduction treatment,1,15,6.67,31.40,0,7,,,REVIEW,32,P3,Google Search Console export; no external search volume used
trichologist,0,18,0.00,2.22,0,11,,,REVIEW,31,P3,Google Search Console export; no external search volume used
nearby hair transplant clinic,0,18,0.00,2.83,0,16,,,REVIEW,31,P3,Google Search Console export; no external search volume used
body hair transplant,0,18,0.00,74.94,0,32,,,REVIEW,31,P3,Google Search Console export; no external search volume used
prp hair treatment,0,17,0.00,2.00,0,23,,,REVIEW,31,P3,Google Search Console export; no external search volume used
trichoscopy test near me,0,16,0.00,3.69,0,9,,,REVIEW,31,P3,Google Search Console export; no external search volume used
prp treatment bhubaneswar,0,16,0.00,2.38,0,15,,,REVIEW,31,P3,Google Search Console export; no external search volume used
bbsr hair transplant clinic,0,16,0.00,3.44,0,1,,,REVIEW,31,P3,Google Search Console export; no external search volume used
reverse the signs of aging,0,16,0.00,64.81,0,11,,,REVIEW,31,P3,Google Search Console export; no external search volume used
services offered by radiance skin & hair clinics,3,42,7.14,1.93,0,35,,,REVIEW,30,P3,Google Search Console export; no external search volume used
hair transplant cost,0,15,0.00,3.07,0,22,,,REVIEW,30,P3,Google Search Console export; no external search volume used
bhubaneswar hair clinic,0,15,0.00,2.73,0,11,,,REVIEW,30,P3,Google Search Console export; no external search volume used
open pore treatment,0,15,0.00,83.60,0,2,,,REVIEW,30,P3,Google Search Console export; no external search volume used
radiance hair clinic bhubaneswar,0,14,0.00,1.00,3,41,,,REVIEW,30,P3,Google Search Console export; no external search volume used
what causes lines on neck,0,14,0.00,78.93,0,19,,,REVIEW,30,P3,Google Search Console export; no external search volume used
hair regrowth therapy,0,14,0.00,78.50,0,22,,,REVIEW,30,P3,Google Search Console export; no external search volume used
forehead line,0,14,0.00,82.71,0,3,,,REVIEW,30,P3,Google Search Console export; no external search volume used
why does melasma come back after treatment,0,13,0.00,87.54,0,0,,,REVIEW,30,P3,Google Search Console export; no external search volume used
best trichologist in bhubaneswar,0,13,0.00,2.77,0,18,,,REVIEW,30,P3,Google Search Console export; no external search volume used
radiance elite,0,13,0.00,62.77,0,8,,,REVIEW,30,P3,Google Search Console export; no external search volume used
best hair transplant clinic bhubaneswar,0,13,0.00,3.77,0,2,,,REVIEW,30,P3,Google Search Console export; no external search volume used
bioregeneratieve haartherapie,0,13,0.00,73.92,0,9,,,REVIEW,30,P3,Google Search Console export; no external search volume used
scarring hair loss,0,13,0.00,80.31,0,25,,,REVIEW,30,P3,Google Search Console export; no external search volume used
best prp treatment in bhubaneswar,2,37,5.41,3.62,0,22,,,REVIEW,29,P3,Google Search Console export; no external search volume used
uneven skin tone,0,12,0.00,63.08,0,0,,,REVIEW,29,P3,Google Search Console export; no external search volume used
lazer hair removal,0,12,0.00,1.00,0,3,,,REVIEW,29,P3,Google Search Console export; no external search volume used
laser hair remover,0,12,0.00,1.00,0,3,,,REVIEW,29,P3,Google Search Console export; no external search volume used
cheap hair transplant risks,0,12,0.00,64.33,0,23,,,REVIEW,29,P3,Google Search Console export; no external search volume used
skin doctor treatment,0,12,0.00,81.67,0,9,,,REVIEW,29,P3,Google Search Console export; no external search volume used
rolling scars,0,11,0.00,63.27,0,0,,,REVIEW,29,P3,Google Search Console export; no external search volume used
pain free wart removal,0,11,0.00,1.00,0,9,,,REVIEW,29,P3,Google Search Console export; no external search volume used
hair transplant specialist,0,11,0.00,80.91,0,16,,,REVIEW,29,P3,Google Search Console export; no external search volume used
microblading eyebrows in bhubaneswar,2,31,6.45,2.39,0,32,,,REVIEW,28,P3,Google Search Console export; no external search volume used
post acne hyperpigmentation,0,10,0.00,87.30,0,0,,,REVIEW,28,P3,Google Search Console export; no external search volume used
in bhubaneswar,0,10,0.00,3.40,0,7,,,REVIEW,28,P3,Google Search Console export; no external search volume used
laser removal of hair,0,10,0.00,1.00,0,1,,,REVIEW,28,P3,Google Search Console export; no external search volume used
lice treatment,0,10,0.00,3.30,0,11,,,REVIEW,28,P3,Google Search Console export; no external search volume used
hair transplant bbsr,0,10,0.00,3.20,0,16,,,REVIEW,28,P3,Google Search Console export; no external search volume used
strands of meaning: hair and the making of the self,0,10,0.00,92.10,0,0,,,REVIEW,28,P3,Google Search Console export; no external search volume used
prp hair treatment in bhubaneswar,0,9,0.00,3.56,1,18,,,REVIEW,28,P3,Google Search Console export; no external search volume used
hair plantation near me,0,9,0.00,2.11,0,8,,,REVIEW,28,P3,Google Search Console export; no external search volume used
hair transplant cost in odisha,0,9,0.00,2.00,0,27,,,REVIEW,28,P3,Google Search Console export; no external search volume used
how effective is gfc for hair growth,0,9,0.00,1.00,0,0,,,REVIEW,28,P3,Google Search Console export; no external search volume used
hair prp treatment,0,9,0.00,2.22,0,5,,,REVIEW,28,P3,Google Search Console export; no external search volume used
prp treatment cost,0,9,0.00,2.44,0,5,,,REVIEW,28,P3,Google Search Console export; no external search volume used
why do i have neck lines,0,9,0.00,76.56,0,14,,,REVIEW,28,P3,Google Search Console export; no external search volume used
dr satyarth prakash,6,26,23.08,2.81,2,26,,,REVIEW,27,P3,Google Search Console export; no external search volume used
post acne pigmentation,0,8,0.00,60.62,0,0,,,REVIEW,27,P3,Google Search Console export; no external search volume used
hyperpigmentation from acne,0,8,0.00,92.25,0,0,,,REVIEW,27,P3,Google Search Console export; no external search volume used
radiance skin & laser clinic,0,8,0.00,64.88,0,1,,,REVIEW,27,P3,Google Search Console export; no external search volume used
female pattern hair loss,0,8,0.00,66.12,0,2,,,REVIEW,27,P3,Google Search Console export; no external search volume used
kaya skin clinic bhubaneswar,0,8,0.00,1.62,0,6,,,REVIEW,27,P3,Google Search Console export; no external search volume used
traya in bhubaneswar,0,8,0.00,1.50,0,6,,,REVIEW,27,P3,Google Search Console export; no external search volume used
hair removal by laser,0,8,0.00,2.38,0,0,,,REVIEW,27,P3,Google Search Console export; no external search volume used
beauty salon hair removal,0,8,0.00,82.75,0,0,,,REVIEW,27,P3,Google Search Console export; no external search volume used
white stretch marks,0,7,0.00,75.71,0,0,,,REVIEW,27,P3,Google Search Console export; no external search volume used
prp therapy,0,7,0.00,3.71,0,0,,,REVIEW,27,P3,Google Search Console export; no external search volume used
microblading eyebrows near me,0,7,0.00,2.71,0,16,,,REVIEW,27,P3,Google Search Console export; no external search volume used
best skin treatment in bhubaneswar,0,7,0.00,3.86,0,5,,,REVIEW,27,P3,Google Search Console export; no external search volume used
hair transplant centre near me,0,7,0.00,1.71,0,9,,,REVIEW,27,P3,Google Search Console export; no external search volume used
hair transplant clinic,0,7,0.00,3.14,0,8,,,REVIEW,27,P3,Google Search Console export; no external search volume used
bhubaneswar hair specialist,0,7,0.00,3.43,0,0,,,REVIEW,27,P3,Google Search Console export; no external search volume used
reason for open pores,0,7,0.00,73.71,0,2,,,REVIEW,27,P3,Google Search Console export; no external search volume used
radiance skin & hair clinics bhubaneswar,2,21,9.52,1.19,2,36,,,REVIEW,26,P3,Google Search Console export; no external search volume used
hair laser removal,1,20,5.00,2.10,0,0,,,REVIEW,26,P3,Google Search Console export; no external search volume used
radiance clinic bbsr,2,19,10.53,1.11,1,13,,,REVIEW,26,P3,Google Search Console export; no external search volume used
dr satyartha prakash,2,19,10.53,2.05,0,12,,,REVIEW,26,P3,Google Search Console export; no external search volume used
what causes uneven skin pigmentation,0,6,0.00,91.17,0,0,,,REVIEW,26,P3,Google Search Console export; no external search volume used
prp treatment for face,0,6,0.00,1.67,0,2,,,REVIEW,26,P3,Google Search Console export; no external search volume used
liquid rhinoplasty in bhubaneswar,0,6,0.00,73.50,0,3,,,REVIEW,26,P3,Google Search Console export; no external search volume used
hair loss treatment,0,6,0.00,3.00,0,11,,,REVIEW,26,P3,Google Search Console export; no external search volume used
best skin and hair doctor in bhubaneswar,0,6,0.00,2.83,0,19,,,REVIEW,26,P3,Google Search Console export; no external search volume used
neck lines causes,0,6,0.00,67.50,0,5,,,REVIEW,26,P3,Google Search Console export; no external search volume used
botox treatment near me,0,6,0.00,1.00,0,7,,,REVIEW,26,P3,Google Search Console export; no external search volume used
is gfc treatment effective,0,6,0.00,1.00,0,16,,,REVIEW,26,P3,Google Search Console export; no external search volume used
chemical peel before and after,0,6,0.00,2.83,0,0,,,REVIEW,26,P3,Google Search Console export; no external search volume used
best eyebrow transplant near me,0,6,0.00,3.50,0,0,,,REVIEW,26,P3,Google Search Console export; no external search volume used
weight loss clinic,0,6,0.00,60.67,0,17,,,REVIEW,26,P3,Google Search Console export; no external search volume used
the best treatment for acne scars,0,6,0.00,62.17,0,9,,,REVIEW,26,P3,Google Search Console export; no external search volume used
do powder brows fade completely,0,6,0.00,67.50,0,2,,,REVIEW,26,P3,Google Search Console export; no external search volume used
hair treatments for hair growth,0,6,0.00,77.67,0,3,,,REVIEW,26,P3,Google Search Console export; no external search volume used
causes of scarring alopecia,0,6,0.00,86.83,0,7,,,REVIEW,26,P3,Google Search Console export; no external search volume used
laser hair removal cost,0,5,0.00,3.60,0,2,,,REVIEW,25,P3,Google Search Console export; no external search volume used
uneven skin color on body,0,5,0.00,88.60,0,0,,,REVIEW,25,P3,Google Search Console export; no external search volume used
kaya skin clinic,0,5,0.00,2.20,0,2,,,REVIEW,25,P3,Google Search Console export; no external search volume used
hair transplant clinics near me,0,5,0.00,2.40,0,0,,,REVIEW,25,P3,Google Search Console export; no external search volume used
prp clinic near me,0,5,0.00,3.60,0,1,,,REVIEW,25,P3,Google Search Console export; no external search volume used
hair fall,0,5,0.00,2.60,0,3,,,REVIEW,25,P3,Google Search Console export; no external search volume used
prp price,0,5,0.00,2.80,0,2,,,REVIEW,25,P3,Google Search Console export; no external search volume used
microneedling bhubaneswar,0,5,0.00,3.80,0,0,,,REVIEW,25,P3,Google Search Console export; no external search volume used
hair fall treatment doctor,0,5,0.00,3.40,0,3,,,REVIEW,25,P3,Google Search Console export; no external search volume used
how many prp sessions are needed for hair growth,0,5,0.00,1.00,0,12,,,REVIEW,25,P3,Google Search Console export; no external search volume used
painless wart,0,5,0.00,2.00,0,3,,,REVIEW,25,P3,Google Search Console export; no external search volume used
can hair be transplanted from body to head,0,5,0.00,63.60,0,3,,,REVIEW,25,P3,Google Search Console export; no external search volume used
anti acne treatment,0,5,0.00,72.40,0,5,,,REVIEW,25,P3,Google Search Console export; no external search volume used
hair transplant from body hair,0,5,0.00,77.20,0,12,,,REVIEW,25,P3,Google Search Console export; no external search volume used
early scarring alopecia,0,5,0.00,90.80,0,5,,,REVIEW,25,P3,Google Search Console export; no external search volume used
best hair dermatologist in bhubaneswar,1,11,9.09,3.91,1,19,,,REVIEW,23,P3,Google Search Console export; no external search volume used
best dermatologist for hair in bhubaneswar,1,9,11.11,2.56,0,1,,,REVIEW,22,P3,Google Search Console export; no external search volume used
glutathione iv drip bhubaneswar,1,7,14.29,3.00,0,4,,,REVIEW,21,P3,Google Search Console export; no external search volume used
