scope,item,period,current_clicks,previous_clicks,current_impressions,previous_impressions,current_ctr,previous_ctr,current_position,previous_position,diagnosis,required_action
site,All web search,Last 7 days vs previous 7 days,116,113,11500,13200,1.0,0.9,13.6,23.4,"Average position improved while impressions declined; sitewide average position is not the recovery target","Prioritize lost clicks, commercial query ownership and CTR"
query_cluster,Hair clinic and hair transplant terms,Last 7 days vs previous 7 days,8,13,628,692,1.3,1.9,9.8,10.3,"Position improved but clicks, impressions and CTR declined; homepage receives the clicks while dedicated pages receive impressions","Preserve homepage relevance and strengthen descriptive links to canonical hair pages"
query,hair transplant bhubaneswar,Last 7 days vs previous 7 days,1,5,74,130,,,,,"Commercial click and demand loss without evidence that a broad rewrite is required","Keep the winning homepage stable and strengthen /hair-transplant-bhubaneswar"
query,hair transplant in bbsr,Last 7 days vs previous 7 days,0,2,155,164,,,,,"High commercial impressions with lost clicks","Improve query-to-page ownership and snippet relevance"
page,Homepage,Last 7 days vs previous 7 days,87,80,,,,,,,,"Current ranking winner and primary owner of hair-clinic clicks","Protect copy and URLs; add crawlable canonical service links"
page,/skin-clinic-bhubaneswar,Last 7 days vs previous 7 days,5,8,,,,,,,,"Three-click decline with broad skin-doctor intent split across keyword-variant articles","Consolidate variants and add decision-help content"
page,/about,Last 7 days vs previous 7 days,1,6,,,,,,,,"Five-click decline and an inconsistent experience claim","Correct verified fact and strengthen commercial internal links"
legacy_page,/hair-patch,Current 28 days vs previous 28 days,8,15,625,1062,1.28,1.41,18.92,16.20,"Meaningful legacy clicks were being sent to a 404","Publish the verified replacement page and add a permanent one-hop redirect"
legacy_page,/alopecia-treatment,Current 28 days vs previous 28 days,0,2,107,77,0.0,2.60,38.28,8.53,"Legacy page lost ranking and currently returns 404","Publish the reviewed alopecia areata page and add a permanent one-hop redirect"
