new_url,legacy_url,original_publish_date,original_modified_date,source_of_date,confidence,new_modified_date,notes
/about,https://www.radianceclinics.com/about-us/,2022-07-15,,good-content.json:date,high,2026-08-15,Publication date preserved from structured extraction; no original modified date was supplied.
/skin-clinic-bhubaneswar,https://www.radianceclinics.com/skin-care-treatments/,2022-08-04,,good-content.json:date,high,2026-08-15,Publication date preserved from structured extraction; no original modified date was supplied.
/skin-clinic-bhubaneswar,https://www.radianceclinics.com/dermatology-clinic-in-bhubaneswar/,2025-10-06,,good-content.json:date,high,2026-08-15,Publication date preserved from structured extraction; no original modified date was supplied.
/concerns/hair-loss-scalp/hair-loss,https://www.radianceclinics.com/post/why-radiance-skin-and-hair-clinic-is-the-best-hair-loss-clinic-in-bhubaneswar/,2022-05-03,,good-content.json:date,high,2026-08-15,Publication date preserved from structured extraction; no original modified date was supplied.
/hair-transplant-bhubaneswar,https://www.radianceclinics.com/post/radiance-clinics-awarded-times-health-icon-for-exceptional-contributions-in-cosmetology-and-hair-transplant/,2024-06-29,,good-content.json:date,high,2026-08-15,Publication date preserved from structured extraction; no original modified date was supplied.
/acne-scar-treatment-bhubaneswar,https://www.radianceclinics.com/acne-scars/,2023-08-10,,good-content.json:date,high,2026-08-15,Publication date preserved from structured extraction; no original modified date was supplied.
/knowledge/advantages-of-online-dermatologist-consultations,https://www.radianceclinics.com/post/advantages-of-online-dermatologist-consultations/,2022-01-31,,good-content.json:date,high,2026-08-15,Publication date preserved from structured extraction; no original modified date was supplied.
/knowledge/luminous-love-laser-facials-for-bridal-skincare-bliss,https://www.radianceclinics.com/post/luminous-love-laser-facials-for-bridal-skincare-bliss/,2023-12-19,,good-content.json:date,high,2026-08-15,Publication date preserved from structured extraction; no original modified date was supplied.
/knowledge/unlocking-the-secrets-of-skincare-and-hair-restoration-a-journey-with-radiance-clinics,https://www.radianceclinics.com/post/unlocking-the-secrets-of-skincare-and-hair-restoration-a-journey-with-radiance-clinics/,2024-01-10,,good-content.json:date,high,2026-08-15,Publication date preserved from structured extraction; no original modified date was supplied.
/knowledge/transformative-insights-from-radiance-clinics-for-skin-and-hair-health,https://www.radianceclinics.com/post/transformative-insights-from-radiance-clinics-for-skin-and-hair-health/,2024-02-28,,good-content.json:date,high,2026-08-15,Publication date preserved from structured extraction; no original modified date was supplied.
/hair-transplant-bhubaneswar,https://www.radianceclinics.com/hair-transplant-in-berhampur/,2022-08-20,,good-content.json:date,high,,Publication date preserved from structured extraction; no original modified date was supplied.
/concerns/hair-loss-scalp/hair-loss,https://www.radianceclinics.com/hair-regrowth-treatment/,2023-02-23,,good-content.json:date,high,2026-08-15,Publication date preserved from structured extraction; no original modified date was supplied.
/laser-hair-removal-bhubaneswar,https://www.radianceclinics.com/laser-hair-removal-radiance/,2023-08-09,,good-content.json:date,high,2026-08-15,Publication date preserved from structured extraction; no original modified date was supplied.
/concerns/other-skin-concerns/moles-and-warts,https://www.radianceclinics.com/mole-wart-removal/,2023-08-11,,good-content.json:date,high,2026-08-15,Publication date preserved from structured extraction; no original modified date was supplied.
/knowledge/best-treatment-for-a-healthy-hair-and-skin,https://www.radianceclinics.com/post/best-treatment-for-a-healthy-hair-and-skin/,2021-12-07,,good-content.json:date,high,2026-08-15,Publication date preserved from structured extraction; no original modified date was supplied.
/concerns/hair-loss-scalp/hair-loss,https://www.radianceclinics.com/post/hair-loss-and-hair-thinning/,2022-02-04,,good-content.json:date,high,2026-08-15,Publication date preserved from structured extraction; no original modified date was supplied.
/knowledge/when-you-need-to-be-at-the-best-skin-clinic,https://www.radianceclinics.com/post/when-you-need-to-be-at-the-best-skin-clinic/,2022-11-21,,good-content.json:date,high,2026-08-15,Publication date preserved from structured extraction; no original modified date was supplied.
/hair-transplant-bhubaneswar,https://www.radianceclinics.com/post/how-to-ensure-the-success-of-hair-transplant-having-it-at-a-hair-transplant/,2022-09-23,,good-content.json:date,high,2026-08-15,Publication date preserved from structured extraction; no original modified date was supplied.
/acne-scar-treatment-bhubaneswar,https://www.radianceclinics.com/post/the-best-acne-scar-treatments-to-boost-your-confidence/,2023-05-24,,good-content.json:date,high,2026-08-15,Publication date preserved from structured extraction; no original modified date was supplied.
/concerns/other-skin-concerns/moles-and-warts,https://www.radianceclinics.com/post/specialized-wart-removal-services-for-flawless-skin/,2023-07-25,,good-content.json:date,high,2026-08-15,Publication date preserved from structured extraction; no original modified date was supplied.
/concerns/hair-loss-scalp/hair-loss,https://www.radianceclinics.com/post/why-radiance-skin-and-hair-clinic-is-the-ideal-choice-for-hair-loss-treatment/,2023-11-11,,good-content.json:date,high,2026-08-15,Publication date preserved from structured extraction; no original modified date was supplied.
/concerns/acne/acne,https://www.radianceclinics.com/post/acne-check-peel-your-comprehensive-guide-to-clearer-skin/,2023-12-12,,good-content.json:date,high,2026-08-15,Publication date preserved from structured extraction; no original modified date was supplied.
/hair-transplant-bhubaneswar,https://www.radianceclinics.com/post/tackling-hair-loss-a-guide-to-top-notch-hair-transplant-clinics/,2024-02-10,,good-content.json:date,high,2026-08-15,Publication date preserved from structured extraction; no original modified date was supplied.
/about,https://www.radianceclinics.com/post/can-you-reverse-signs-of-ageing-with-anti-ageing-treatment/,2025-05-31,,good-content.json:date,high,2026-08-15,Publication date preserved from structured extraction; no original modified date was supplied.
/concerns/other-skin-concerns/moles-and-warts,https://www.radianceclinics.com/post/where-can-i-get-painless-wart-removal-treatment/,2025-07-17,,good-content.json:date,high,2026-08-15,Publication date preserved from structured extraction; no original modified date was supplied.
/hair-transplant-bhubaneswar,https://www.radianceclinics.com/post/what-common-mistakes-can-make-your-hair-transplant-more-expensive/,2026-01-30,,good-content.json:date,high,2026-08-15,Publication date preserved from structured extraction; no original modified date was supplied.
/about,https://www.radianceclinics.com/post/is-hair-restoration-worth-the-investment/,2026-02-28,,good-content.json:date,high,2026-08-15,Publication date preserved from structured extraction; no original modified date was supplied.
/laser-hair-removal-bhubaneswar,https://www.radianceclinics.com/post/common-myths-about-laser-hair-removal-treatments/,2026-04-17,,good-content.json:date,high,2026-08-15,Publication date preserved from structured extraction; no original modified date was supplied.
/hair-transplant-bhubaneswar,https://www.radianceclinics.com/hair-transplant-in-puri/,2022-08-08,,good-content.json:date,high,,Publication date preserved from structured extraction; no original modified date was supplied.
/hair-transplant-bhubaneswar,https://www.radianceclinics.com/hair-transplant-in-raipur/,2023-02-10,,good-content.json:date,high,,Publication date preserved from structured extraction; no original modified date was supplied.
/hair-transplant-bhubaneswar,https://www.radianceclinics.com/hair-transplant-in-cuttack/,2023-02-10,,good-content.json:date,high,,Publication date preserved from structured extraction; no original modified date was supplied.
/hair-transplant-bhubaneswar,https://www.radianceclinics.com/hair-transplant-in-jajpur/,2023-02-10,,good-content.json:date,high,,Publication date preserved from structured extraction; no original modified date was supplied.
/skin-clinic-bhubaneswar,https://www.radianceclinics.com/laser-lipolysis-treatment/,2023-02-23,,good-content.json:date,high,2026-08-15,Publication date preserved from structured extraction; no original modified date was supplied.
/about,https://www.radianceclinics.com/weight-loss-radiance/,2023-08-11,,good-content.json:date,high,2026-08-15,Publication date preserved from structured extraction; no original modified date was supplied.
/concerns/hair-loss-scalp/hair-loss,https://www.radianceclinics.com/hair-loss-treatments/,2023-08-13,,good-content.json:date,high,2026-08-15,Publication date preserved from structured extraction; no original modified date was supplied.
/hair-transplant-bhubaneswar,https://www.radianceclinics.com/hair-transplantation/,2023-08-15,,good-content.json:date,high,2026-08-15,Publication date preserved from structured extraction; no original modified date was supplied.
/hair-transplant-bhubaneswar,https://www.radianceclinics.com/high-density-hair-transplant/,2023-08-15,,good-content.json:date,high,2026-08-15,Publication date preserved from structured extraction; no original modified date was supplied.
/concerns/hair-transplant/beard-transplant,https://www.radianceclinics.com/beard-mustache-transplant/,2023-08-18,,good-content.json:date,high,2026-08-15,Publication date preserved from structured extraction; no original modified date was supplied.
/laser-hair-removal-bhubaneswar,https://www.radianceclinics.com/post/body-hair-removal/,2022-12-15,,good-content.json:date,high,2026-08-15,Publication date preserved from structured extraction; no original modified date was supplied.
/concerns/acne/acne,https://www.radianceclinics.com/post/best-dermatologist-for-acne-an-treatment/,2022-11-15,,good-content.json:date,high,2026-08-15,Publication date preserved from structured extraction; no original modified date was supplied.
/concerns/acne/acne,https://www.radianceclinics.com/post/the-ideal-clinic-to-have-acne-treatment-in-bhubaneswar-is-radiance-skin-and-hair-clinics/,2022-08-01,,good-content.json:date,high,2026-08-15,Publication date preserved from structured extraction; no original modified date was supplied.
/hair-transplant-bhubaneswar,https://www.radianceclinics.com/post/is-it-safe-to-have-a-hair-transplant-in-bhubaneswar-at-radiance-skin-and-hair-clinic/,2022-04-24,,good-content.json:date,high,2026-08-15,Publication date preserved from structured extraction; no original modified date was supplied.
/botox-treatment-bhubaneswar,https://www.radianceclinics.com/post/a-complete-guide-to-know-about-botox-treatment/,2022-02-10,,good-content.json:date,high,2026-08-15,Publication date preserved from structured extraction; no original modified date was supplied.
/laser-hair-removal-bhubaneswar,https://www.radianceclinics.com/post/how-effective-is-having-laser-hair-removal-in-bhubaneswar/,2023-01-16,,good-content.json:date,high,2026-08-15,Publication date preserved from structured extraction; no original modified date was supplied.
/knowledge/radiance-skin-clinics-your-solution-for-skin-issues,https://www.radianceclinics.com/post/radiance-skin-clinics-your-solution-for-skin-issues/,2023-02-20,,good-content.json:date,high,2026-08-15,Publication date preserved from structured extraction; no original modified date was supplied.
/knowledge/do-not-get-frustrated-having-skin-issues,https://www.radianceclinics.com/post/do-not-get-frustrated-having-skin-issues/,2023-03-16,,good-content.json:date,high,2026-08-15,Publication date preserved from structured extraction; no original modified date was supplied.
/concerns/hair-loss-scalp/hair-loss,https://www.radianceclinics.com/post/why-a-hair-wig-is-an-ideal-solution-for-hair-loss/,2023-03-31,,good-content.json:date,high,2026-08-15,Publication date preserved from structured extraction; no original modified date was supplied.
/concerns/acne/acne,https://www.radianceclinics.com/post/reasons-to-have-professional-treatment-for-acne/,2023-04-12,,good-content.json:date,high,2026-08-15,Publication date preserved from structured extraction; no original modified date was supplied.
/knowledge/skincare-mythbusters-debunking-common-misconceptions-about-skin-health,https://www.radianceclinics.com/post/skincare-mythbusters-debunking-common-misconceptions-about-skin-health/,2023-06-19,,good-content.json:date,high,2026-08-15,Publication date preserved from structured extraction; no original modified date was supplied.
/pigmentation-treatment-bhubaneswar,https://www.radianceclinics.com/post/understanding-male-specific-skin-concerns-expert-insights-and-solutions/,2023-08-02,,good-content.json:date,high,2026-08-15,Publication date preserved from structured extraction; no original modified date was supplied.
/hair-transplant-bhubaneswar,https://www.radianceclinics.com/post/radiance-skin-and-hair-clinics-your-ideal-destination-for-hair-transplants/,2023-10-20,,good-content.json:date,high,2026-08-15,Publication date preserved from structured extraction; no original modified date was supplied.
/laser-hair-removal-bhubaneswar,https://www.radianceclinics.com/post/the-ultimate-guide-to-body-hair-removal-in-odishas-aesthetic-hub/,2023-11-16,,good-content.json:date,high,2026-08-15,Publication date preserved from structured extraction; no original modified date was supplied.
/acne-scar-treatment-bhubaneswar,https://www.radianceclinics.com/post/discovering-the-best-solutions-for-acne-scar-treatment/,2024-04-13,,good-content.json:date,high,2026-08-15,Publication date preserved from structured extraction; no original modified date was supplied.
/hair-transplant-bhubaneswar,https://www.radianceclinics.com/post/what-is-the-best-hair-transplant-for-density/,2024-08-21,,good-content.json:date,high,2026-08-15,Publication date preserved from structured extraction; no original modified date was supplied.
/hair-transplant-bhubaneswar,https://www.radianceclinics.com/post/who-is-the-ideal-candidate-for-a-hair-transplant/,2024-10-17,,good-content.json:date,high,2026-08-15,Publication date preserved from structured extraction; no original modified date was supplied.
/laser-hair-removal-bhubaneswar,https://www.radianceclinics.com/post/laser-vs-waxing-which-hair-removal-method-is-right-for-you/,2025-03-14,,good-content.json:date,high,2026-08-15,Publication date preserved from structured extraction; no original modified date was supplied.
/concerns/hair-loss-scalp/hair-loss,https://www.radianceclinics.com/post/what-causes-hair-loss-and-how-it-can-be-treated/,2025-04-19,,good-content.json:date,high,2026-08-15,Publication date preserved from structured extraction; no original modified date was supplied.
/about,https://www.radianceclinics.com/post/how-effective-are-weight-loss-clinics-for-belly-fat-reduction/,2025-04-28,,good-content.json:date,high,2026-08-15,Publication date preserved from structured extraction; no original modified date was supplied.
/treatments/hair-restoration/prp-gfc-scalp-therapy,https://www.radianceclinics.com/post/how-many-prp-sessions-are-needed-for-visible-hair-growth/,2025-11-27,,good-content.json:date,high,2026-08-15,Publication date preserved from structured extraction; no original modified date was supplied.
/knowledge/when-is-the-perfect-time-to-restore-your-hair,https://www.radianceclinics.com/post/when-is-the-perfect-time-to-restore-your-hair/,2025-12-18,,good-content.json:date,high,2026-08-15,Publication date preserved from structured extraction; no original modified date was supplied.
/about,https://www.radianceclinics.com/post/what-are-the-most-common-myths-about-surgical-hair-restoration/,2025-12-30,,good-content.json:date,high,2026-08-15,Publication date preserved from structured extraction; no original modified date was supplied.
/hair-transplant-bhubaneswar,https://www.radianceclinics.com/post/how-to-know-if-youre-a-good-candidate-for-fue-or-fut/,2026-01-13,,good-content.json:date,high,2026-08-15,Publication date preserved from structured extraction; no original modified date was supplied.
/concerns/hair-loss-scalp/hair-loss,https://www.radianceclinics.com/post/how-does-hair-loss-affect-an-individuals-confidence-level/,2026-02-14,,good-content.json:date,high,2026-08-15,Publication date preserved from structured extraction; no original modified date was supplied.
/hair-transplant-bhubaneswar,https://www.radianceclinics.com/post/why-do-some-people-regret-getting-a-hair-transplant-too-early/,2026-05-20,,good-content.json:date,high,2026-08-15,Publication date preserved from structured extraction; no original modified date was supplied.
/hair-transplant-bhubaneswar,https://www.radianceclinics.com/hair-transplant-in-rourkela/,2022-08-09,,good-content.json:date,high,,Publication date preserved from structured extraction; no original modified date was supplied.
/hair-transplant-bhubaneswar,https://www.radianceclinics.com/hair-transplant-in-sambalpur/,2022-08-20,,good-content.json:date,high,,Publication date preserved from structured extraction; no original modified date was supplied.
/hair-transplant-bhubaneswar,https://www.radianceclinics.com/hair-transplant-in-angul/,2023-02-10,,good-content.json:date,high,,Publication date preserved from structured extraction; no original modified date was supplied.
/hair-transplant-bhubaneswar,https://www.radianceclinics.com/hair-transplant-in-koraput/,2023-02-10,,good-content.json:date,high,,Publication date preserved from structured extraction; no original modified date was supplied.
/pigmentation-treatment-bhubaneswar,https://www.radianceclinics.com/tan-removal/,2023-02-13,,good-content.json:date,high,2026-08-15,Publication date preserved from structured extraction; no original modified date was supplied.
/knowledge,https://www.radianceclinics.com/split-ear-repair/,2023-02-18,,good-content.json:date,high,2026-08-15,Publication date preserved from structured extraction; no original modified date was supplied.
/about,https://www.radianceclinics.com/body-reshaping-treatment/,2023-02-23,,good-content.json:date,high,2026-08-15,Publication date preserved from structured extraction; no original modified date was supplied.
/knowledge,https://www.radianceclinics.com/split-ear-repair-2/,2023-02-23,,good-content.json:date,high,2026-08-15,Publication date preserved from structured extraction; no original modified date was supplied.
/about,https://www.radianceclinics.com/sunspot-removal/,2023-08-13,,good-content.json:date,high,2026-08-15,Publication date preserved from structured extraction; no original modified date was supplied.
/about,https://www.radianceclinics.com/body-shaping-bhuabaneswar/,2023-08-13,,good-content.json:date,high,2026-08-15,Publication date preserved from structured extraction; no original modified date was supplied.
/pigmentation-treatment-bhubaneswar,https://www.radianceclinics.com/skin-brightening-solutions-radiance/,2023-08-13,,good-content.json:date,high,2026-08-15,Publication date preserved from structured extraction; no original modified date was supplied.
/pigmentation-treatment-bhubaneswar,https://www.radianceclinics.com/scalp-micropigmentation/,2023-08-15,,good-content.json:date,high,2026-08-15,Publication date preserved from structured extraction; no original modified date was supplied.
/hair-transplant-bhubaneswar,https://www.radianceclinics.com/body-hair-transplant/,2023-08-18,,good-content.json:date,high,2026-08-15,Publication date preserved from structured extraction; no original modified date was supplied.
/knowledge,https://www.radianceclinics.com/treatment/hairfall/prp/,2023-09-23,,good-content.json:date,high,,Publication date preserved from structured extraction; no original modified date was supplied.
/knowledge,https://www.radianceclinics.com/treatment/hairfall/gfc/,2023-09-23,,good-content.json:date,high,2026-08-15,Publication date preserved from structured extraction; no original modified date was supplied.
/dermal-fillers-bhubaneswar,https://www.radianceclinics.com/post/are-fillers-treatments-safe/,2021-12-14,,good-content.json:date,high,2026-08-15,Publication date preserved from structured extraction; no original modified date was supplied.
/laser-hair-removal-bhubaneswar,https://www.radianceclinics.com/post/laser-hair-removal/,2021-12-15,,good-content.json:date,high,2026-08-15,Publication date preserved from structured extraction; no original modified date was supplied.
/skin-clinic-bhubaneswar,https://www.radianceclinics.com/frequently-asked-questions/,2026-01-16,,good-content.json:date,high,2026-08-15,Publication date preserved from structured extraction; no original modified date was supplied.
/concerns/hair-loss-scalp/hair-loss,https://www.radianceclinics.com/post/why-radiance-skin-and-hair-clinics-is-the-best-hair-loss-clinic-in-bhubaneswar/,2022-05-31,,good-content.json:date,high,2026-08-15,Publication date preserved from structured extraction; no original modified date was supplied.
/hair-transplant-bhubaneswar,https://www.radianceclinics.com/post/the-quality-of-hair-transplant-service-offered-by-radiance-skin-and-hair-clinics/,2022-10-21,,good-content.json:date,high,2026-08-15,Publication date preserved from structured extraction; no original modified date was supplied.
/concerns/acne/acne,https://www.radianceclinics.com/post/things-to-avoid-if-you-have-acne-prone-skin/,2022-10-01,,good-content.json:date,high,2026-08-15,Publication date preserved from structured extraction; no original modified date was supplied.
/tattoo-removal-bhubaneswar,https://www.radianceclinics.com/post/four-misconceptions-people-have-about-laser-tattoo-removal-in-bhubaneswar/,2022-08-23,,good-content.json:date,high,2026-08-15,Publication date preserved from structured extraction; no original modified date was supplied.
/hair-transplant-bhubaneswar,https://www.radianceclinics.com/post/where-to-have-a-high-density-hair-transplant-in-bhubaneswar/,2022-04-24,,good-content.json:date,high,2026-08-15,Publication date preserved from structured extraction; no original modified date was supplied.
/pigmentation-treatment-bhubaneswar,https://www.radianceclinics.com/post/the-skin-brightening-treatment-possible-to-have-at-radiance-skin-and-hair-clinics/,2022-05-22,,good-content.json:date,high,2026-08-15,Publication date preserved from structured extraction; no original modified date was supplied.
/hair-transplant-bhubaneswar,https://www.radianceclinics.com/post/certain-myths-about-hair-transplants-for-young-men/,2023-01-21,,good-content.json:date,high,2026-08-15,Publication date preserved from structured extraction; no original modified date was supplied.
/knowledge/is-it-possible-to-stop-saving-unwanted-hair,https://www.radianceclinics.com/post/is-it-possible-to-stop-saving-unwanted-hair/,2023-02-28,,good-content.json:date,high,2026-08-15,Publication date preserved from structured extraction; no original modified date was supplied.
/botox-treatment-bhubaneswar,https://www.radianceclinics.com/post/aging-gracefully-with-botox-how-it-can-enhance-your-natural-beauty/,2023-06-24,,good-content.json:date,high,2026-08-15,Publication date preserved from structured extraction; no original modified date was supplied.
/laser-hair-removal-bhubaneswar,https://www.radianceclinics.com/post/the-key-to-lasting-smoothness-unlock-laser-hair-removal/,2023-07-14,,good-content.json:date,high,2026-08-15,Publication date preserved from structured extraction; no original modified date was supplied.
/concerns/hair-loss-scalp/hair-loss,https://www.radianceclinics.com/post/say-goodbye-to-monsoon-hair-loss-easy-ways-to-control-hairfall/,2023-07-19,,good-content.json:date,high,2026-08-15,Publication date preserved from structured extraction; no original modified date was supplied.
/knowledge/essential-skincare-tips-and-advice-from-dermatologists,https://www.radianceclinics.com/post/essential-skincare-tips-and-advice-from-dermatologists/,2023-08-14,,good-content.json:date,high,2026-08-15,Publication date preserved from structured extraction; no original modified date was supplied.
/concerns/hair-loss-scalp/hair-loss,https://www.radianceclinics.com/post/combat-hair-fall-natural-remedies-dermatologist-tips/,2023-09-14,,good-content.json:date,high,2026-08-15,Publication date preserved from structured extraction; no original modified date was supplied.
/dermal-fillers-bhubaneswar,https://www.radianceclinics.com/post/fillers-treatment-at-radiance-skin-and-hair-clinics-in-bhubaneswar/,2023-10-11,,good-content.json:date,high,2026-08-15,Publication date preserved from structured extraction; no original modified date was supplied.
/about,https://www.radianceclinics.com/post/locks-of-elegance-where-to-find-quality-hair-wigs/,2024-01-23,,good-content.json:date,high,2026-08-15,Publication date preserved from structured extraction; no original modified date was supplied.
/pigmentation-treatment-bhubaneswar,https://www.radianceclinics.com/post/decoding-the-cost-of-chemical-peels-in-odisha-understanding-the-factors-behind-pricing/,2024-05-10,,good-content.json:date,high,2026-08-15,Publication date preserved from structured extraction; no original modified date was supplied.
/knowledge/why-radiance-skin-and-hair-clinics-leads-in-stem-cell-transplants-in-odisha,https://www.radianceclinics.com/post/why-radiance-skin-and-hair-clinics-leads-in-stem-cell-transplants-in-odisha/,2024-05-20,,good-content.json:date,high,2026-08-15,Publication date preserved from structured extraction; no original modified date was supplied.
/botox-treatment-bhubaneswar,https://www.radianceclinics.com/post/botox-vs-fillers-which-is-right-for-you/,2024-06-11,,good-content.json:date,high,2026-08-15,Publication date preserved from structured extraction; no original modified date was supplied.
/about,https://www.radianceclinics.com/post/transform-your-look-the-benefits-of-custom-hair-wigs/,2024-07-25,,good-content.json:date,high,2026-08-15,Publication date preserved from structured extraction; no original modified date was supplied.
/concerns/hair-loss-scalp/hair-loss,https://www.radianceclinics.com/post/what-is-the-best-permanent-treatment-for-hair-loss/,2024-08-14,,good-content.json:date,high,2026-08-15,Publication date preserved from structured extraction; no original modified date was supplied.
/laser-hair-removal-bhubaneswar,https://www.radianceclinics.com/post/can-laser-hair-removal-permanently-remove-hair/,2024-11-20,,good-content.json:date,high,2026-08-15,Publication date preserved from structured extraction; no original modified date was supplied.
/hair-transplant-bhubaneswar,https://www.radianceclinics.com/post/is-hair-transplant-the-right-solution-for-you-a-complete-guide-on-hair-transplant/,2024-12-16,,good-content.json:date,high,2026-08-15,Publication date preserved from structured extraction; no original modified date was supplied.
/concerns/pigmentation/under-eye-dark-circles,https://www.radianceclinics.com/post/can-skin-clinics-help-with-dark-circles-and-under-eye-concerns/,2025-01-24,,good-content.json:date,high,2026-08-15,Publication date preserved from structured extraction; no original modified date was supplied.
/knowledge/when-should-you-visit-a-skin-clinic-signs-and-symptoms-to-watch,https://www.radianceclinics.com/post/when-should-you-visit-a-skin-clinic-signs-and-symptoms-to-watch/,2025-02-25,,good-content.json:date,high,2026-08-15,Publication date preserved from structured extraction; no original modified date was supplied.
/dermal-fillers-bhubaneswar,https://www.radianceclinics.com/post/which-filler-is-right-for-you-expert-advice/,2025-03-25,,good-content.json:date,high,2026-08-15,Publication date preserved from structured extraction; no original modified date was supplied.
/about,https://www.radianceclinics.com/post/how-long-do-ombre-powder-eyebrows-last/,2025-06-28,,good-content.json:date,high,2026-08-15,Publication date preserved from structured extraction; no original modified date was supplied.
/concerns/pigmentation/under-eye-dark-circles,https://www.radianceclinics.com/post/whats-the-cause-of-under-eye-dark-circles-and-what-treatments-can-help/,2025-08-16,,good-content.json:date,high,2026-08-15,Publication date preserved from structured extraction; no original modified date was supplied.
/about,https://www.radianceclinics.com/post/modern-treatments-for-effective-fat-reduction/,2025-08-30,,good-content.json:date,high,2026-08-15,Publication date preserved from structured extraction; no original modified date was supplied.
/about,https://www.radianceclinics.com/post/how-hair-shapes-self-image-and-personal-confidence/,2025-11-18,,good-content.json:date,high,2026-08-15,Publication date preserved from structured extraction; no original modified date was supplied.
/about,https://www.radianceclinics.com/post/what-diet-and-lifestyle-changes-can-support-successful-hair-restoration/,2026-03-21,,good-content.json:date,high,2026-08-15,Publication date preserved from structured extraction; no original modified date was supplied.
/hair-transplant-bhubaneswar,https://www.radianceclinics.com/hair-transplant-in-vizag/,2023-02-10,,good-content.json:date,high,,Publication date preserved from structured extraction; no original modified date was supplied.
/hair-transplant-bhubaneswar,https://www.radianceclinics.com/hair-transplant-in-kolkata/,2023-02-10,,good-content.json:date,high,,Publication date preserved from structured extraction; no original modified date was supplied.
/hair-transplant-bhubaneswar,https://www.radianceclinics.com/hair-transplant-in-balasore/,2023-02-10,,good-content.json:date,high,,Publication date preserved from structured extraction; no original modified date was supplied.
/pigmentation-treatment-bhubaneswar,https://www.radianceclinics.com/skin-pigmentation/,2023-02-15,,good-content.json:date,high,2026-08-15,Publication date preserved from structured extraction; no original modified date was supplied.
/about,https://www.radianceclinics.com/ear-piercing/,2023-02-15,,good-content.json:date,high,2026-08-15,Publication date preserved from structured extraction; no original modified date was supplied.
/about,https://www.radianceclinics.com/body-piercing/,2023-02-15,,good-content.json:date,high,2026-08-15,Publication date preserved from structured extraction; no original modified date was supplied.
/concerns/hair-loss-scalp/dandruff,https://www.radianceclinics.com/dandruff-treatment/,2023-02-23,,good-content.json:date,high,2026-08-15,Publication date preserved from structured extraction; no original modified date was supplied.
/about,https://www.radianceclinics.com/premature-hair-grey-treatment/,2023-02-23,,good-content.json:date,high,2026-08-15,Publication date preserved from structured extraction; no original modified date was supplied.
/knowledge,https://www.radianceclinics.com/alopecia-treatment/,2023-02-23,,good-content.json:date,high,2026-08-15,Publication date preserved from structured extraction; no original modified date was supplied.
/about,https://www.radianceclinics.com/inch-loss-treatment/,2023-02-23,,good-content.json:date,high,2026-08-15,Publication date preserved from structured extraction; no original modified date was supplied.
/treatments/aesthetic-dermatology/injectable-aesthetics,https://www.radianceclinics.com/anti-wrinkle-radiance/,2023-08-11,,good-content.json:date,high,2026-08-15,Publication date preserved from structured extraction; no original modified date was supplied.
/knowledge,https://www.radianceclinics.com/hair-patch/,2023-08-19,,good-content.json:date,high,2026-08-15,Publication date preserved from structured extraction; no original modified date was supplied.
/knowledge/top-5-ways-the-millennial-use-for-better-hair-and-skin,https://www.radianceclinics.com/post/top-5-ways-the-millennial-use-for-better-hair-and-skin/,2021-12-07,,good-content.json:date,high,2026-08-15,Publication date preserved from structured extraction; no original modified date was supplied.
/botox-treatment-bhubaneswar,https://www.radianceclinics.com/post/using-botox-and-fillers-for-anti-aging-treatments/,2022-02-02,,good-content.json:date,high,2026-08-15,Publication date preserved from structured extraction; no original modified date was supplied.
/concerns/hair-loss-scalp/hair-loss,https://www.radianceclinics.com/post/the-myths-and-reasons-for-hair-loss-radiance-skin-and-hair-clinics/,2022-09-29,,good-content.json:date,high,2026-08-15,Publication date preserved from structured extraction; no original modified date was supplied.
/about,https://www.radianceclinics.com/post/spending-on-weight-loss-is-an-ideal-investment/,2022-08-13,,good-content.json:date,high,2026-08-15,Publication date preserved from structured extraction; no original modified date was supplied.
/about,https://www.radianceclinics.com/post/experience-natural-looking-hair-with-hair-patch/,2023-05-26,,good-content.json:date,high,2026-08-15,Publication date preserved from structured extraction; no original modified date was supplied.
/dermal-fillers-bhubaneswar,https://www.radianceclinics.com/post/how-facial-fillers-can-enhance-your-natural-beauty/,2023-09-07,,good-content.json:date,high,2026-08-15,Publication date preserved from structured extraction; no original modified date was supplied.
/concerns/other-skin-concerns/moles-and-warts,https://www.radianceclinics.com/post/say-goodbye-to-warts-transform-your-skin-at-radiance-clinic/,2024-03-13,,good-content.json:date,high,2026-08-15,Publication date preserved from structured extraction; no original modified date was supplied.
/hair-transplant-bhubaneswar,https://www.radianceclinics.com/post/what-makes-bio-hair-transplant-different-from-traditional-methods/,2024-06-22,,good-content.json:date,high,2026-08-15,Publication date preserved from structured extraction; no original modified date was supplied.
/knowledge/winter-skincare-and-hair-care-top-tips-for-radiance-and-health,https://www.radianceclinics.com/post/winter-skincare-and-hair-care-top-tips-for-radiance-and-health/,2024-12-24,,good-content.json:date,high,2026-08-15,Publication date preserved from structured extraction; no original modified date was supplied.
/hair-transplant-bhubaneswar,https://www.radianceclinics.com/post/how-to-care-for-your-scalp-after-a-hair-transplant/,2025-02-15,,good-content.json:date,high,2026-08-15,Publication date preserved from structured extraction; no original modified date was supplied.
/about,https://www.radianceclinics.com/post/what-is-lip-blushing-and-how-does-it-work/,2025-06-16,,good-content.json:date,high,2026-08-15,Publication date preserved from structured extraction; no original modified date was supplied.
/acne-scar-treatment-bhubaneswar,https://www.radianceclinics.com/post/advanced-acne-scar-removal-treatments-you-should-know/,2025-09-30,,good-content.json:date,high,2026-08-15,Publication date preserved from structured extraction; no original modified date was supplied.
/treatments/hair-restoration/prp-gfc-scalp-therapy,https://www.radianceclinics.com/post/what-is-gfc-treatment-and-how-does-it-help-in-hair-regrowth/,2025-10-31,,good-content.json:date,high,2026-08-15,Publication date preserved from structured extraction; no original modified date was supplied.
/concerns/pigmentation/under-eye-dark-circles,https://www.radianceclinics.com/post/laser-vs-fillers-vs-creams-what-truly-works-for-under-eye-bags/,2026-03-31,,good-content.json:date,high,2026-08-15,Publication date preserved from structured extraction; no original modified date was supplied.
/about,https://www.radianceclinics.com/,2022-07-17,,good-content.json:date,high,2026-08-15,Publication date preserved from structured extraction; no original modified date was supplied.
/hair-transplant-bhubaneswar,https://www.radianceclinics.com/hair-transplant-in-baripada/,2022-08-20,,good-content.json:date,high,,Publication date preserved from structured extraction; no original modified date was supplied.
/skin-clinic-bhubaneswar,https://www.radianceclinics.com/chemical-peel/,2023-08-13,,good-content.json:date,high,,Publication date preserved from structured extraction; no original modified date was supplied.
/knowledge,https://www.radianceclinics.com/vitiligo-3/,2023-08-13,,good-content.json:date,high,2026-08-15,Publication date preserved from structured extraction; no original modified date was supplied.
/knowledge,https://www.radianceclinics.com/hair-wig/,2023-08-19,,good-content.json:date,high,2026-08-15,Publication date preserved from structured extraction; no original modified date was supplied.
/skin-clinic-bhubaneswar,https://www.radianceclinics.com/treatment/bridal-dermatology/lasertoning/,2023-09-18,,good-content.json:date,high,2026-08-15,Publication date preserved from structured extraction; no original modified date was supplied.
/skin-clinic-bhubaneswar,https://www.radianceclinics.com/treatment/bridal-dermatology/carbonpeel/,2023-09-18,,good-content.json:date,high,2026-08-15,Publication date preserved from structured extraction; no original modified date was supplied.
/skin-clinic-bhubaneswar,https://www.radianceclinics.com/treatment/pigmentation/laser-toning/,2023-09-20,,good-content.json:date,high,2026-08-15,Publication date preserved from structured extraction; no original modified date was supplied.
/skin-clinic-bhubaneswar,https://www.radianceclinics.com/treatment/acne-scars/pixel/,2023-09-23,,good-content.json:date,high,,Publication date preserved from structured extraction; no original modified date was supplied.
/skin-clinic-bhubaneswar,https://www.radianceclinics.com/treatment/bridal-dermatology/laser-facials/,2023-09-24,,good-content.json:date,high,2026-08-15,Publication date preserved from structured extraction; no original modified date was supplied.
/knowledge/skin-and-hair-specialist-near-me,https://www.radianceclinics.com/post/skin-and-hair-specialist-near-me/,2021-12-31,,good-content.json:date,high,2026-08-15,Publication date preserved from structured extraction; no original modified date was supplied.
/about,https://www.radianceclinics.com/post/what-should-i-know-before-buying-a-hair-wig/,2024-09-13,,good-content.json:date,high,2026-08-15,Publication date preserved from structured extraction; no original modified date was supplied.
/knowledge/what-to-expect-during-your-first-visit-to-a-skin-care-doctor,https://www.radianceclinics.com/post/what-to-expect-during-your-first-visit-to-a-skin-care-doctor/,2024-10-24,,good-content.json:date,high,2026-08-15,Publication date preserved from structured extraction; no original modified date was supplied.
/hair-transplant-bhubaneswar,https://www.radianceclinics.com/post/how-long-does-it-take-to-see-results-after-a-hair-transplant/,2025-01-11,,good-content.json:date,high,2026-08-15,Publication date preserved from structured extraction; no original modified date was supplied.
/about,https://www.radianceclinics.com/post/which-is-better-synthetic-or-natural-hair-wigs/,2025-07-25,,good-content.json:date,high,2026-08-15,Publication date preserved from structured extraction; no original modified date was supplied.
/treatments/hair-restoration/prp-gfc-scalp-therapy,https://www.radianceclinics.com/post/how-prp-treatment-helps-in-hair-fall-control-and-regrowth-naturally/,2025-10-13,,good-content.json:date,high,2026-08-15,Publication date preserved from structured extraction; no original modified date was supplied.
/concerns/pigmentation/under-eye-dark-circles,https://www.radianceclinics.com/treatment/bridal-dermatology/under-eye-rejuvenation/,2023-09-19,,good-content.json:date,high,2026-08-15,Publication date preserved from structured extraction; no original modified date was supplied.
/skin-clinic-bhubaneswar,https://www.radianceclinics.com/treatment/pigmentation/cosmelan-peel/,2023-09-20,,good-content.json:date,high,2026-08-15,Publication date preserved from structured extraction; no original modified date was supplied.
/skin-clinic-bhubaneswar,https://www.radianceclinics.com/treatment/pigmentation/chemical-peel/,2023-09-20,,good-content.json:date,high,,Publication date preserved from structured extraction; no original modified date was supplied.
/about,https://www.radianceclinics.com/treatment/anti-ageing-therapies/pixel/,2023-09-22,,good-content.json:date,high,,Publication date preserved from structured extraction; no original modified date was supplied.
/skin-clinic-bhubaneswar,https://www.radianceclinics.com/treatment/anti-ageing-therapies/anti-ageing-laser/,2023-09-22,,good-content.json:date,high,2026-08-15,Publication date preserved from structured extraction; no original modified date was supplied.
/skin-clinic-bhubaneswar,https://www.radianceclinics.com/treatment/anti-ageing-therapies/ipl-therapy-photofacial/,2023-09-22,,good-content.json:date,high,2026-08-15,Publication date preserved from structured extraction; no original modified date was supplied.
/skin-clinic-bhubaneswar,https://www.radianceclinics.com/treatment/unwanted-hair/aft-laser/,2023-09-22,,good-content.json:date,high,2026-08-15,Publication date preserved from structured extraction; no original modified date was supplied.
/concerns/scars-stretch-marks/stretch-marks,https://www.radianceclinics.com/treatment/stretch-marks/pixigenus-stretch-marks/,2023-09-22,,good-content.json:date,high,2026-08-15,Publication date preserved from structured extraction; no original modified date was supplied.
/skin-clinic-bhubaneswar,https://www.radianceclinics.com/treatment/premium-services/laser-facial/,2023-09-23,,good-content.json:date,high,2026-08-15,Publication date preserved from structured extraction; no original modified date was supplied.
/concerns/acne/acne,https://www.radianceclinics.com/treatment/acne-treatment/acne-zap-laser/,2023-09-23,,good-content.json:date,high,2026-08-15,Publication date preserved from structured extraction; no original modified date was supplied.
/skin-clinic-bhubaneswar,https://www.radianceclinics.com/treatment/acne-treatment/carbon-laser-peel/,2023-09-23,,good-content.json:date,high,2026-08-15,Publication date preserved from structured extraction; no original modified date was supplied.
/acne-scar-treatment-bhubaneswar,https://www.radianceclinics.com/treatment/acne-scars/dermaroller/,2023-09-23,,good-content.json:date,high,,Publication date preserved from structured extraction; no original modified date was supplied.
/about,https://www.radianceclinics.com/conditions/pcod/,2023-09-26,,good-content.json:date,high,2026-08-15,Publication date preserved from structured extraction; no original modified date was supplied.
/hair-transplant-bhubaneswar,https://www.radianceclinics.com/post-hair-transplant-recovery-guide/,2025-04-19,,good-content.json:date,high,2026-08-15,Publication date preserved from structured extraction; no original modified date was supplied.
/knowledge/hair-treatment-doctor-near-me,https://www.radianceclinics.com/post/hair-treatment-doctor-near-me/,2021-12-30,,good-content.json:date,high,2026-08-15,Publication date preserved from structured extraction; no original modified date was supplied.
/knowledge,https://www.radianceclinics.com/treatment/non-surgical-facial-enhancements/lip-vitiligo-correction/,2025-05-13,,good-content.json:date,high,2026-08-15,Publication date preserved from structured extraction; no original modified date was supplied.
/concerns/acne/acne,https://www.radianceclinics.com/post/stubborn-acne-care-with-proven-medical-options/,2025-09-12,,good-content.json:date,high,2026-08-15,Publication date preserved from structured extraction; no original modified date was supplied.
/concerns/hair-transplant/female-hair-transplant,https://www.radianceclinics.com/female-hair-transplant/,2023-08-03,,good-content.json:date,high,,Publication date preserved from structured extraction; no original modified date was supplied.
/dermal-fillers-bhubaneswar,https://www.radianceclinics.com/fillers/,2023-08-13,,good-content.json:date,high,,Publication date preserved from structured extraction; no original modified date was supplied.
/treatments/aesthetic-dermatology/injectable-aesthetics,https://www.radianceclinics.com/treatment/anti-ageing-therapies/ultherapy/,2023-09-18,,good-content.json:date,high,,Publication date preserved from structured extraction; no original modified date was supplied.
/acne-scar-treatment-bhubaneswar,https://www.radianceclinics.com/treatment/bridal-dermatology/mnrf-acne-scars/,2023-09-19,,good-content.json:date,high,,Publication date preserved from structured extraction; no original modified date was supplied.
/acne-scar-treatment-bhubaneswar,https://www.radianceclinics.com/treatment/bridal-dermatology/derma-roller/,2023-09-19,,good-content.json:date,high,,Publication date preserved from structured extraction; no original modified date was supplied.
/about,https://www.radianceclinics.com/treatment/bridal-dermatology/mesotherapy/,2023-09-19,,good-content.json:date,high,,Publication date preserved from structured extraction; no original modified date was supplied.
/about,https://www.radianceclinics.com/treatment/pigmentation/insta-glow/,2023-09-20,,good-content.json:date,high,,Publication date preserved from structured extraction; no original modified date was supplied.
/about,https://www.radianceclinics.com/treatment/anti-ageing-therapies/age-reverse/,2023-09-22,,good-content.json:date,high,,Publication date preserved from structured extraction; no original modified date was supplied.
/about,https://www.radianceclinics.com/treatment/anti-ageing-therapies/high-intensity-focused-ultrasound/,2023-09-22,,good-content.json:date,high,,Publication date preserved from structured extraction; no original modified date was supplied.
/about,https://www.radianceclinics.com/treatment/unwanted-hair/beard-shaping/,2023-09-22,,good-content.json:date,high,,Publication date preserved from structured extraction; no original modified date was supplied.
/about,https://www.radianceclinics.com/treatment/unwanted-hair/soprano-ice/,2023-09-22,,good-content.json:date,high,,Publication date preserved from structured extraction; no original modified date was supplied.
/skin-clinic-bhubaneswar,https://www.radianceclinics.com/treatment/unwanted-hair/diode-laser/,2023-09-22,,good-content.json:date,high,,Publication date preserved from structured extraction; no original modified date was supplied.
/skin-clinic-bhubaneswar,https://www.radianceclinics.com/treatment/stretch-marks/erbium-fibre-laser/,2023-09-22,,good-content.json:date,high,,Publication date preserved from structured extraction; no original modified date was supplied.
/skin-clinic-bhubaneswar,https://www.radianceclinics.com/treatment/premium-services/hydra-facial/,2023-09-23,,good-content.json:date,high,,Publication date preserved from structured extraction; no original modified date was supplied.
/about,https://www.radianceclinics.com/treatment/premium-services/permanent-makeup/,2023-09-23,,good-content.json:date,high,,Publication date preserved from structured extraction; no original modified date was supplied.
/about,https://www.radianceclinics.com/treatment/hairfall/advanced-stemcellow/,2023-09-23,,good-content.json:date,high,,Publication date preserved from structured extraction; no original modified date was supplied.
/hair-transplant-bhubaneswar,https://www.radianceclinics.com/treatment/hairfall/hair-transplant/,2023-09-23,,good-content.json:date,high,,Publication date preserved from structured extraction; no original modified date was supplied.
/skin-clinic-bhubaneswar,https://www.radianceclinics.com/treatment/acne-scars/erbium-fiber-laser/,2023-09-23,,good-content.json:date,high,,Publication date preserved from structured extraction; no original modified date was supplied.
/skin-clinic-bhubaneswar,https://www.radianceclinics.com/treatment/acne-scars/fractional-co2-laser/,2023-09-23,,good-content.json:date,high,,Publication date preserved from structured extraction; no original modified date was supplied.
/knowledge,https://www.radianceclinics.com/treatment/acne-scars/prp-subsicion/,2023-09-23,,good-content.json:date,high,2026-08-15,Publication date preserved from structured extraction; no original modified date was supplied.
/about,https://www.radianceclinics.com/conditions/antiageing/neck-line/,2023-09-26,,good-content.json:date,high,,Publication date preserved from structured extraction; no original modified date was supplied.
/about,https://www.radianceclinics.com/treatment/non-surgical-facial-enhancements/ombrepowder-eyebrows/,2025-05-13,,good-content.json:date,high,,Publication date preserved from structured extraction; no original modified date was supplied.
/botox-treatment-bhubaneswar,https://www.radianceclinics.com/post/botox-treatment/,2021-12-14,,good-content.json:date,high,,Publication date preserved from structured extraction; no original modified date was supplied.
/knowledge/radiance-skin-hair-clinic,https://www.radianceclinics.com/post/radiance-skin-hair-clinic/,2021-12-30,,good-content.json:date,high,2026-08-15,Publication date preserved from structured extraction; no original modified date was supplied.
/about,https://www.radianceclinics.com/treatment/non-surgical-facial-enhancements/lip-blushing/,2025-05-13,,good-content.json:date,high,,Publication date preserved from structured extraction; no original modified date was supplied.
/hair-transplant-bhubaneswar,https://www.radianceclinics.com/post/top-hair-transplant-methods-achieve-natural-long-lasting-results/,2024-11-25,,good-content.json:date,high,,Publication date preserved from structured extraction; no original modified date was supplied.
/skin-clinic-bhubaneswar,https://www.radianceclinics.com/microdermabrasion-radiance/,2023-08-13,,good-content.json:date,high,,Publication date preserved from structured extraction; no original modified date was supplied.
/skin-clinic-bhubaneswar,https://www.radianceclinics.com/laser-photo-rejuvenation-radiance/,2023-08-13,,good-content.json:date,high,,Publication date preserved from structured extraction; no original modified date was supplied.
/skin-clinic-bhubaneswar,https://www.radianceclinics.com/laser-re-surfacing/,2023-08-13,,good-content.json:date,high,,Publication date preserved from structured extraction; no original modified date was supplied.
/knowledge,https://www.radianceclinics.com/bio-therapy-treatment/,2023-08-18,,good-content.json:date,high,2026-08-15,Publication date preserved from structured extraction; no original modified date was supplied.
/pigmentation-treatment-bhubaneswar,https://www.radianceclinics.com/treatment/bridal-dermatology/lip-pigmentation-2/,2023-09-18,,good-content.json:date,high,,Publication date preserved from structured extraction; no original modified date was supplied.
/laser-hair-removal-bhubaneswar,https://www.radianceclinics.com/treatment/bridal-dermatology/laser-hair-reduction/,2023-09-18,,good-content.json:date,high,,Publication date preserved from structured extraction; no original modified date was supplied.
/concerns/acne/acne,https://www.radianceclinics.com/treatment/bridal-dermatology/acnecheck-treatment/,2023-09-19,,good-content.json:date,high,,Publication date preserved from structured extraction; no original modified date was supplied.
/acne-scar-treatment-bhubaneswar,https://www.radianceclinics.com/treatment/bridal-dermatology/mnrf-stretch-marks/,2023-09-19,,good-content.json:date,high,,Publication date preserved from structured extraction; no original modified date was supplied.
/skin-clinic-bhubaneswar,https://www.radianceclinics.com/treatment/bridal-dermatology/vampirefacial/,2023-09-19,,good-content.json:date,high,,Publication date preserved from structured extraction; no original modified date was supplied.
/dermal-fillers-bhubaneswar,https://www.radianceclinics.com/treatment/bridal-dermatology/dermal-fillers/,2023-09-19,,good-content.json:date,high,,Publication date preserved from structured extraction; no original modified date was supplied.
/skin-clinic-bhubaneswar,https://www.radianceclinics.com/treatment/bridal-dermatology/mesofacials/,2023-09-19,,good-content.json:date,high,,Publication date preserved from structured extraction; no original modified date was supplied.
/about,https://www.radianceclinics.com/treatment/pigmentation/mesotherapy/,2023-09-20,,good-content.json:date,high,,Publication date preserved from structured extraction; no original modified date was supplied.
/about,https://www.radianceclinics.com/treatment/anti-ageing-therapies/age-erase/,2023-09-22,,good-content.json:date,high,,Publication date preserved from structured extraction; no original modified date was supplied.
/treatments/aesthetic-dermatology/injectable-aesthetics,https://www.radianceclinics.com/treatment/anti-ageing-therapies/prp-facelift/,2023-09-22,,good-content.json:date,high,,Publication date preserved from structured extraction; no original modified date was supplied.
/about,https://www.radianceclinics.com/treatment/anti-ageing-therapies/hyaluronic-acid-therapy/,2023-09-22,,good-content.json:date,high,,Publication date preserved from structured extraction; no original modified date was supplied.
/about,https://www.radianceclinics.com/treatment/stretch-marks/tixel/,2023-09-22,,good-content.json:date,high,,Publication date preserved from structured extraction; no original modified date was supplied.
/acne-scar-treatment-bhubaneswar,https://www.radianceclinics.com/treatment/stretch-marks/dermaroller/,2023-09-22,,good-content.json:date,high,,Publication date preserved from structured extraction; no original modified date was supplied.
/knowledge,https://www.radianceclinics.com/treatment/stretch-marks/prp/,2023-09-22,,good-content.json:date,high,,Publication date preserved from structured extraction; no original modified date was supplied.
/skin-clinic-bhubaneswar,https://www.radianceclinics.com/treatment/premium-services/gluta-c-shots/,2023-09-23,,good-content.json:date,high,,Publication date preserved from structured extraction; no original modified date was supplied.
/skin-clinic-bhubaneswar,https://www.radianceclinics.com/treatment/premium-services/radiance-3d/,2023-09-23,,good-content.json:date,high,,Publication date preserved from structured extraction; no original modified date was supplied.
/about,https://www.radianceclinics.com/treatment/non-surgical-facial-enhancements/cheek-enhancement/,2023-09-23,,good-content.json:date,high,,Publication date preserved from structured extraction; no original modified date was supplied.
/about,https://www.radianceclinics.com/treatment/hairfall/root-restore-therapy/,2023-09-23,,good-content.json:date,high,,Publication date preserved from structured extraction; no original modified date was supplied.
/about,https://www.radianceclinics.com/treatment/hairfall/advanced-hgp/,2023-09-23,,good-content.json:date,high,,Publication date preserved from structured extraction; no original modified date was supplied.
/about,https://www.radianceclinics.com/treatment/hairfall/mesotherapy/,2023-09-23,,good-content.json:date,high,,Publication date preserved from structured extraction; no original modified date was supplied.
/concerns/acne/acne,https://www.radianceclinics.com/conditions/acne/,2023-09-25,,good-content.json:date,high,,Publication date preserved from structured extraction; no original modified date was supplied.
/knowledge,https://www.radianceclinics.com/conditions/hairfall/scarring-alopecia/,2023-09-26,,good-content.json:date,high,2026-08-15,Publication date preserved from structured extraction; no original modified date was supplied.
/skin-clinic-bhubaneswar,https://www.radianceclinics.com/conditions/antiageing/sagging-skin/,2023-09-26,,good-content.json:date,high,,Publication date preserved from structured extraction; no original modified date was supplied.
/skin-clinic-bhubaneswar,https://www.radianceclinics.com/conditions/freckles/,2023-09-26,,good-content.json:date,high,,Publication date preserved from structured extraction; no original modified date was supplied.
/concerns/other-skin-concerns/rosacea-redness,https://www.radianceclinics.com/conditions/rosacea/,2023-09-26,,good-content.json:date,high,,Publication date preserved from structured extraction; no original modified date was supplied.
/pigmentation-treatment-bhubaneswar,https://www.radianceclinics.com/conditions/pigmentation-removal/,2023-09-26,,good-content.json:date,high,,Publication date preserved from structured extraction; no original modified date was supplied.
/skin-clinic-bhubaneswar,https://www.radianceclinics.com/treatment/non-surgical-facial-enhancements/micro-blading/,2025-05-13,,good-content.json:date,high,,Publication date preserved from structured extraction; no original modified date was supplied.
/concerns/hair-loss-scalp/hair-loss,https://www.radianceclinics.com/post/hair-loss-treatment/,2021-12-30,,good-content.json:date,high,,Publication date preserved from structured extraction; no original modified date was supplied.
/about,https://www.radianceclinics.com/post/non-surgical-hair-replacement/,2021-12-30,,good-content.json:date,high,,Publication date preserved from structured extraction; no original modified date was supplied.
/knowledge/%e0%ac%b2%e0%ad%87%e0%ac%9c%e0%ac%b0-%e0%ac%b9%e0%ad%87%e0%ad%9f%e0%ac%be%e0%ac%b0-%e0%ac%b0%e0%ac%bf%e0%ac%ae%e0%ad%81%e0%ac%ad%e0%ac%be%e0%ac%b2%e0%ad%8d-%e0%ac%b0-%e0%ac%89%e0%ac%aa%e0%ac%95,https://www.radianceclinics.com/post/%e0%ac%b2%e0%ad%87%e0%ac%9c%e0%ac%b0-%e0%ac%b9%e0%ad%87%e0%ad%9f%e0%ac%be%e0%ac%b0-%e0%ac%b0%e0%ac%bf%e0%ac%ae%e0%ad%81%e0%ac%ad%e0%ac%be%e0%ac%b2%e0%ad%8d-%e0%ac%b0-%e0%ac%89%e0%ac%aa%e0%ac%95/,2022-02-03,,good-content.json:date,high,2026-08-15,Publication date preserved from structured extraction; no original modified date was supplied.
/treatments/aesthetic-dermatology/injectable-aesthetics,https://www.radianceclinics.com/invisible-facelift-at-bhubaneswar/,2023-08-10,,good-content.json:date,high,,Publication date preserved from structured extraction; no original modified date was supplied.
/skin-clinic-bhubaneswar,https://www.radianceclinics.com/treatment/bridal-dermatology/permanentmakeup/,2023-09-18,,good-content.json:date,high,,Publication date preserved from structured extraction; no original modified date was supplied.
/about,https://www.radianceclinics.com/treatment/bridal-dermatology/hgp-for-hair/,2023-09-19,,good-content.json:date,high,,Publication date preserved from structured extraction; no original modified date was supplied.
/skin-clinic-bhubaneswar,https://www.radianceclinics.com/treatment/pigmentation/power-glow/,2023-09-19,,good-content.json:date,high,,Publication date preserved from structured extraction; no original modified date was supplied.
/skin-clinic-bhubaneswar,https://www.radianceclinics.com/treatment/anti-ageing-therapies/collagen-induction-therapy/,2023-09-22,,good-content.json:date,high,,Publication date preserved from structured extraction; no original modified date was supplied.
/skin-clinic-bhubaneswar,https://www.radianceclinics.com/treatment/anti-ageing-therapies/thread-lift/,2023-09-22,,good-content.json:date,high,,Publication date preserved from structured extraction; no original modified date was supplied.
/skin-clinic-bhubaneswar,https://www.radianceclinics.com/treatment/premium-services/aqua-skin-whitening-shots/,2023-09-23,,good-content.json:date,high,,Publication date preserved from structured extraction; no original modified date was supplied.
/pigmentation-treatment-bhubaneswar,https://www.radianceclinics.com/treatment/premium-services/lip-pigmentation/,2023-09-23,,good-content.json:date,high,,Publication date preserved from structured extraction; no original modified date was supplied.
/about,https://www.radianceclinics.com/treatment/premium-services/insta-glam/,2023-09-23,,good-content.json:date,high,,Publication date preserved from structured extraction; no original modified date was supplied.
/skin-clinic-bhubaneswar,https://www.radianceclinics.com/treatment/premium-services/photofacials/,2023-09-23,,good-content.json:date,high,,Publication date preserved from structured extraction; no original modified date was supplied.
/knowledge,https://www.radianceclinics.com/treatment/non-surgical-facial-enhancements/lip-enhancement/,2023-09-23,,good-content.json:date,high,,Publication date preserved from structured extraction; no original modified date was supplied.
/concerns/hair-loss-scalp/hair-loss,https://www.radianceclinics.com/conditions/hairfall/hairfall-in-women/,2023-09-26,,good-content.json:date,high,,Publication date preserved from structured extraction; no original modified date was supplied.
/treatments/aesthetic-dermatology/injectable-aesthetics,https://www.radianceclinics.com/conditions/antiageing/wrinkle/,2023-09-26,,good-content.json:date,high,,Publication date preserved from structured extraction; no original modified date was supplied.
/skin-clinic-bhubaneswar,https://www.radianceclinics.com/conditions/antiageing/crows-feet/,2023-09-26,,good-content.json:date,high,,Publication date preserved from structured extraction; no original modified date was supplied.
/pigmentation-treatment-bhubaneswar,https://www.radianceclinics.com/conditions/antiageing/age-spot/,2023-09-26,,good-content.json:date,high,,Publication date preserved from structured extraction; no original modified date was supplied.
/about,https://www.radianceclinics.com/conditions/antiageing/forehead-line/,2023-09-26,,good-content.json:date,high,,Publication date preserved from structured extraction; no original modified date was supplied.
/acne-scar-treatment-bhubaneswar,https://www.radianceclinics.com/conditions/acne-scar-removal/,2023-09-26,,good-content.json:date,high,,Publication date preserved from structured extraction; no original modified date was supplied.
/concerns/pigmentation/melasma,https://www.radianceclinics.com/conditions/melasma/,2023-09-26,,good-content.json:date,high,,Publication date preserved from structured extraction; no original modified date was supplied.
/about,https://www.radianceclinics.com/conditions/fungal-infection/,2023-09-26,,good-content.json:date,high,,Publication date preserved from structured extraction; no original modified date was supplied.
/about,https://www.radianceclinics.com/conditions/urticaria/,2023-09-26,,good-content.json:date,high,,Publication date preserved from structured extraction; no original modified date was supplied.
/contact,https://www.radianceclinics.com/conditions/contact-dermatitis/,2023-09-26,,good-content.json:date,high,,Publication date preserved from structured extraction; no original modified date was supplied.
/about,https://www.radianceclinics.com/conditions/eczema/,2023-09-26,,good-content.json:date,high,,Publication date preserved from structured extraction; no original modified date was supplied.
/about,https://www.radianceclinics.com/conditions/open-pores/,2023-09-26,,good-content.json:date,high,,Publication date preserved from structured extraction; no original modified date was supplied.
/about,https://www.radianceclinics.com/conditions/psoriasis/,2023-09-26,,good-content.json:date,high,,Publication date preserved from structured extraction; no original modified date was supplied.
/knowledge,https://www.radianceclinics.com/conditions/vitiligo/,2023-09-26,,good-content.json:date,high,,Publication date preserved from structured extraction; no original modified date was supplied.
/laser-hair-removal-bhubaneswar,https://www.radianceclinics.com/conditions/body-hair/,2023-09-26,,good-content.json:date,high,,Publication date preserved from structured extraction; no original modified date was supplied.
/concerns/pigmentation/under-eye-dark-circles,https://www.radianceclinics.com/conditions/dark-circles/,2023-09-26,,good-content.json:date,high,,Publication date preserved from structured extraction; no original modified date was supplied.
/about,https://www.radianceclinics.com/conditions/ingrowing-toe-nails/,2023-09-26,,good-content.json:date,high,,Publication date preserved from structured extraction; no original modified date was supplied.
/hair-transplant-bhubaneswar,https://www.radianceclinics.com/post/hair-transplants-what-to-expect/,2022-01-27,,good-content.json:date,high,,Publication date preserved from structured extraction; no original modified date was supplied.
/knowledge,https://www.radianceclinics.com/post/%e0%ac%85%e0%ac%a8%e0%ac%b2%e0%ac%be%e0%ac%87%e0%ac%a8%e0%ad%8d-%e0%ac%9a%e0%ac%b0%e0%ad%8d%e0%ac%ae%e0%ac%b0%e0%ad%8b%e0%ac%97-%e0%ac%ac%e0%ac%bf%e0%ac%b6%e0%ad%87%e0%ac%b7%e0%ac%9c%e0%ad%8d%e0%ac%9e/,2022-01-31,,good-content.json:date,high,,Publication date preserved from structured extraction; no original modified date was supplied.
/hair-transplant-bhubaneswar,https://www.radianceclinics.com/bio-hair-transplant/,2023-08-15,,good-content.json:date,high,,Publication date preserved from structured extraction; no original modified date was supplied.
/about,https://www.radianceclinics.com/treatment/bridal-dermatology/beardshaping/,2023-09-18,,good-content.json:date,high,,Publication date preserved from structured extraction; no original modified date was supplied.
/dermal-fillers-bhubaneswar,https://www.radianceclinics.com/treatment/anti-ageing-therapies/filler/,2023-09-22,,good-content.json:date,high,,Publication date preserved from structured extraction; no original modified date was supplied.
/about,https://www.radianceclinics.com/treatment/premium-services/iv-infusions/,2023-09-23,,good-content.json:date,high,,Publication date preserved from structured extraction; no original modified date was supplied.
/about,https://www.radianceclinics.com/treatment/non-surgical-facial-enhancements/nose-enhancement/,2023-09-23,,good-content.json:date,high,,Publication date preserved from structured extraction; no original modified date was supplied.
/knowledge,https://www.radianceclinics.com/conditions/hairfall/premature-grey/,2023-09-26,,good-content.json:date,high,,Publication date preserved from structured extraction; no original modified date was supplied.
/concerns/hair-loss-scalp/alopecia-areata,https://www.radianceclinics.com/conditions/hairfall/alopecia-areata/,2023-09-26,,good-content.json:date,high,,Publication date preserved from structured extraction; no original modified date was supplied.
/skin-clinic-bhubaneswar,https://www.radianceclinics.com/conditions/skin-growth/,2023-09-26,,good-content.json:date,high,,Publication date preserved from structured extraction; no original modified date was supplied.
/skin-clinic-bhubaneswar,https://www.radianceclinics.com/conditions/atopic-dermatitis/,2023-09-26,,good-content.json:date,high,,Publication date preserved from structured extraction; no original modified date was supplied.
/concerns/hair-loss-scalp/dandruff,https://www.radianceclinics.com/conditions/seborrheic-dermatitis/,2023-09-26,,good-content.json:date,high,,Publication date preserved from structured extraction; no original modified date was supplied.
/concerns/scars-stretch-marks/stretch-marks,https://www.radianceclinics.com/conditions/stretch-marks-removal/,2023-09-26,,good-content.json:date,high,,Publication date preserved from structured extraction; no original modified date was supplied.
/about,https://www.radianceclinics.com/conditions/pseudo-acanthosis-nigricans/,2023-09-26,,good-content.json:date,high,,Publication date preserved from structured extraction; no original modified date was supplied.
/about,https://www.radianceclinics.com/post/pioneering-proficiency-satyartha-prakash-excels-in-advanced-dermatology-fellowship-at-dubai-derma/,2024-03-16,,good-content.json:date,high,,Publication date preserved from structured extraction; no original modified date was supplied.
/concerns/hair-loss-scalp/hair-loss,https://www.radianceclinics.com/hair-loss-causes/,2023-08-13,,good-content.json:date,high,,Publication date preserved from structured extraction; no original modified date was supplied.
/skin-clinic-bhubaneswar,https://www.radianceclinics.com/treatment/premium-services/4d-photofacial/,2023-09-23,,good-content.json:date,high,,Publication date preserved from structured extraction; no original modified date was supplied.
/concerns/acne/acne,https://www.radianceclinics.com/treatment/acne-treatment/acne-erase/,2023-09-23,,good-content.json:date,high,,Publication date preserved from structured extraction; no original modified date was supplied.
/skin-clinic-bhubaneswar,https://www.radianceclinics.com/treatment/acne-treatment/diamond-polishing/,2023-09-23,,good-content.json:date,high,,Publication date preserved from structured extraction; no original modified date was supplied.
/concerns/hair-loss-scalp/hair-loss,https://www.radianceclinics.com/conditions/hairfall/hairfall-in-men/,2023-09-25,,good-content.json:date,high,,Publication date preserved from structured extraction; no original modified date was supplied.
/concerns/hair-loss-scalp/dandruff,https://www.radianceclinics.com/conditions/hairfall/dandruffs/,2023-09-26,,good-content.json:date,high,,Publication date preserved from structured extraction; no original modified date was supplied.
/tattoo-removal-bhubaneswar,https://www.radianceclinics.com/conditions/laser-tattoo-removal/,2023-09-26,,good-content.json:date,high,,Publication date preserved from structured extraction; no original modified date was supplied.
/skin-clinic-bhubaneswar,https://www.radianceclinics.com/treatment/bridal-dermatology/photofacial/,2023-09-18,,good-content.json:date,high,,Publication date preserved from structured extraction; no original modified date was supplied.
/skin-clinic-bhubaneswar,https://www.radianceclinics.com/treatment/premium-services/peels/,2023-09-23,,good-content.json:date,high,,Publication date preserved from structured extraction; no original modified date was supplied.
/concerns/acne/acne,https://www.radianceclinics.com/treatment/acne-treatment/acne-check-peel/,2023-09-23,,good-content.json:date,high,,Publication date preserved from structured extraction; no original modified date was supplied.
/about,https://www.radianceclinics.com/conditions/spider-veins/,2023-09-26,,good-content.json:date,high,,Publication date preserved from structured extraction; no original modified date was supplied.
/botox-treatment-bhubaneswar,https://www.radianceclinics.com/botox-treatment/,2022-10-29,,good-content.json:date,high,,Publication date preserved from structured extraction; no original modified date was supplied.
/about,https://www.radianceclinics.com/treatment/premium-services/hydra-revive/,2023-09-23,,good-content.json:date,high,,Publication date preserved from structured extraction; no original modified date was supplied.
/concerns/scars-stretch-marks/raised-scars-keloids,https://www.radianceclinics.com/conditions/keloid/,2023-09-26,,maybe-content.json:date,high,,Publication date preserved from structured extraction; no original modified date was supplied.
/tattoo-removal-bhubaneswar,https://www.radianceclinics.com/tattoo-removal-radiance/,2023-08-13,,maybe-content.json:date,high,,Publication date preserved from structured extraction; no original modified date was supplied.
/dermal-fillers-bhubaneswar,https://www.radianceclinics.com/post/what-are-the-latest-trends-in-filler-treatment/,2024-07-17,,maybe-content.json:date,high,2026-08-15,Publication date preserved from structured extraction; no original modified date was supplied.
/about,https://www.radianceclinics.com/privacy-policy/,2022-07-03,,maybe-content.json:date,high,,Publication date preserved from structured extraction; no original modified date was supplied.
/concerns/hair-loss-scalp/hair-loss,https://www.radianceclinics.com/post/common-hair-loss-myths-that-might-be-holding-you-back/,2026-04-23,,rejected-content.json:date,high,,Publication date preserved from structured extraction; no original modified date was supplied.
/about,https://www.radianceclinics.com/conditions/antiageing/deep-fold/,2023-09-26,,rejected-content.json:date,high,,Publication date preserved from structured extraction; no original modified date was supplied.
/contact,https://www.radianceclinics.com/contact-us/,2022-07-13,,rejected-content.json:date,high,,Publication date preserved from structured extraction; no original modified date was supplied.
/about,https://www.radianceclinics.com/hair/,2022-08-03,,rejected-content.json:date,high,,Publication date preserved from structured extraction; no original modified date was supplied.
/knowledge,https://www.radianceclinics.com/locations/,2022-07-30,,rejected-content.json:date,high,,Publication date preserved from structured extraction; no original modified date was supplied.
/about,https://www.radianceclinics.com/book-online-radiance-clinics-bhuabaneswar/,2022-08-15,,rejected-content.json:date,high,,Publication date preserved from structured extraction; no original modified date was supplied.
/knowledge,https://www.radianceclinics.com/virtual-tour/,2022-10-20,,rejected-content.json:date,high,,Publication date preserved from structured extraction; no original modified date was supplied.
/about,https://www.radianceclinics.com/media-press-release/,2022-08-15,,rejected-content.json:date,high,,Publication date preserved from structured extraction; no original modified date was supplied.
/knowledge,https://www.radianceclinics.com/thank-you/,2023-01-09,,rejected-content.json:date,high,,Publication date preserved from structured extraction; no original modified date was supplied.
