url,title,content_type,topic,source_material,legacy_source,video_source,risk_level,review_priority,medical_claims_present,reviewer,status
/about,About Us,CLINIC_INFO,Clinic & Doctor,../output/markdown/clinic__about-us.md,https://www.radianceclinics.com/about-us/,,MEDIUM,P1,yes,Dr. Satyarth Prakash,REVIEW_CONFIRMED_EDITORIAL_MIGRATION_PENDING
/skin-clinic-bhubaneswar,Skin Care Treatments,TREATMENT,Skin Health,../output/markdown/skin__skin-care-treatments.md,https://www.radianceclinics.com/skin-care-treatments/,,MEDIUM,P0,yes,Dr. Satyarth Prakash,REVIEW_CONFIRMED_EDITORIAL_MIGRATION_PENDING
/skin-clinic-bhubaneswar,Dermatology Clinic in Bhubaneswar,PATIENT_GUIDE,Skin Health,../output/markdown/clinic__dermatology-clinic-in-bhubaneswar.md,https://www.radianceclinics.com/dermatology-clinic-in-bhubaneswar/,,LOW,P0,possible,Dr. Satyarth Prakash,REVIEW_CONFIRMED_EDITORIAL_MIGRATION_PENDING
/concerns/hair-loss-scalp/hair-loss,Why Radiance Skin and Hair Clinic is the best hair loss clinic in Bhubaneswar,DOCTOR_ANSWER_CANDIDATE,Hair Loss & Scalp,../output/markdown/clinic__why-radiance-skin-and-hair-clinic-is-the-best-hair-loss-clinic-in-bhubaneswar.md,https://www.radianceclinics.com/post/why-radiance-skin-and-hair-clinic-is-the-best-hair-loss-clinic-in-bhubaneswar/,,LOW,P0,possible,Dr. Satyarth Prakash,REVIEW_CONFIRMED_EDITORIAL_MIGRATION_PENDING
/hair-transplant-bhubaneswar,Radiance Clinics: Awarded Times Health Icon for Exceptional Contributions in Cosmetology and Hair Transplant,TREATMENT,Hair Transplant,../output/markdown/clinic__radiance-clinics-awarded-times-health-icon-for-exceptional-contributions-in-cosmetology-and-hair-transplant.md,https://www.radianceclinics.com/post/radiance-clinics-awarded-times-health-icon-for-exceptional-contributions-in-cosmetology-and-hair-transplant/,,HIGH,P0,yes,Dr. Satyarth Prakash,REVIEW_CONFIRMED_EDITORIAL_MIGRATION_PENDING
/acne-scar-treatment-bhubaneswar,Acne Scars,CONCERN,Acne Scars,../output/markdown/skin__acne-scars.md,https://www.radianceclinics.com/acne-scars/,,MEDIUM,P0,yes,Dr. Satyarth Prakash,REVIEW_CONFIRMED_EDITORIAL_MIGRATION_PENDING
/knowledge/advantages-of-online-dermatologist-consultations,Advantages of Online Dermatologist Consultations,ARTICLE,Skin Health,../output/markdown/clinic__advantages-of-online-dermatologist-consultations.md,https://www.radianceclinics.com/post/advantages-of-online-dermatologist-consultations/,,MEDIUM,P0,yes,Dr. Satyarth Prakash,REVIEW_CONFIRMED_EDITORIAL_MIGRATION_PENDING
/knowledge/luminous-love-laser-facials-for-bridal-skincare-bliss,Luminous Love: Laser Facials for Bridal Skincare Bliss,TREATMENT,Skin Health,../output/markdown/clinic__luminous-love-laser-facials-for-bridal-skincare-bliss.md,https://www.radianceclinics.com/post/luminous-love-laser-facials-for-bridal-skincare-bliss/,,MEDIUM,P0,yes,Dr. Satyarth Prakash,REVIEW_CONFIRMED_EDITORIAL_MIGRATION_PENDING
/knowledge/unlocking-the-secrets-of-skincare-and-hair-restoration-a-journey-with-radiance-clinics,Unlocking the Secrets of Skincare and Hair Restoration: A Journey with Radiance Clinics,ARTICLE,Skin Health,../output/markdown/clinic__unlocking-the-secrets-of-skincare-and-hair-restoration-a-journey-with-radiance-clinics.md,https://www.radianceclinics.com/post/unlocking-the-secrets-of-skincare-and-hair-restoration-a-journey-with-radiance-clinics/,,LOW,P0,possible,Dr. Satyarth Prakash,REVIEW_CONFIRMED_EDITORIAL_MIGRATION_PENDING
/knowledge/transformative-insights-from-radiance-clinics-for-skin-and-hair-health,Transformative Insights from Radiance Clinics for Skin and Hair Health,ARTICLE,Skin Health,../output/markdown/clinic__transformative-insights-from-radiance-clinics-for-skin-and-hair-health.md,https://www.radianceclinics.com/post/transformative-insights-from-radiance-clinics-for-skin-and-hair-health/,,LOW,P0,possible,Dr. Satyarth Prakash,REVIEW_CONFIRMED_EDITORIAL_MIGRATION_PENDING
/hair-transplant-bhubaneswar,Hair Transplant in Berhampur,LOCATION,Hair Transplant,../output/markdown/clinic__hair-transplant-in-berhampur.md,https://www.radianceclinics.com/hair-transplant-in-berhampur/,,LOW,P0,possible,Dr. Satyarth Prakash,REVIEW_CONFIRMED_EDITORIAL_MIGRATION_PENDING
/concerns/hair-loss-scalp/hair-loss,Hair Regrowth Treatment,TREATMENT,Hair Loss & Scalp,../output/markdown/clinic__hair-regrowth-treatment.md,https://www.radianceclinics.com/hair-regrowth-treatment/,,MEDIUM,P0,yes,Dr. Satyarth Prakash,REVIEW_CONFIRMED_EDITORIAL_MIGRATION_PENDING
/laser-hair-removal-bhubaneswar,Laser Hair Removal,TREATMENT,Laser Hair Reduction,../output/markdown/clinic__laser-hair-removal-radiance.md,https://www.radianceclinics.com/laser-hair-removal-radiance/,,LOW,P0,possible,Dr. Satyarth Prakash,REVIEW_CONFIRMED_EDITORIAL_MIGRATION_PENDING
/concerns/other-skin-concerns/moles-and-warts,Mole & Wart Removal,CONCERN,General Skin Concerns,../output/markdown/clinic__mole-wart-removal.md,https://www.radianceclinics.com/mole-wart-removal/,,MEDIUM,P0,yes,Dr. Satyarth Prakash,REVIEW_CONFIRMED_EDITORIAL_MIGRATION_PENDING
/knowledge/best-treatment-for-a-healthy-hair-and-skin,Best Treatment For a Healthy Hair and Skin,TREATMENT,Skin Health,../output/markdown/skin__best-treatment-for-a-healthy-hair-and-skin.md,https://www.radianceclinics.com/post/best-treatment-for-a-healthy-hair-and-skin/,,MEDIUM,P0,yes,Dr. Satyarth Prakash,REVIEW_CONFIRMED_EDITORIAL_MIGRATION_PENDING
/concerns/hair-loss-scalp/hair-loss,Hair Loss and Hair Thinning,CONCERN,Hair Loss & Scalp,../output/markdown/clinic__hair-loss-and-hair-thinning.md,https://www.radianceclinics.com/post/hair-loss-and-hair-thinning/,,MEDIUM,P0,yes,Dr. Satyarth Prakash,REVIEW_CONFIRMED_EDITORIAL_MIGRATION_PENDING
/knowledge/when-you-need-to-be-at-the-best-skin-clinic,When You Need To Be At The Skin Clinic,DOCTOR_ANSWER_CANDIDATE,Skin Health,../output/markdown/skin__when-you-need-to-be-at-the-best-skin-clinic.md,https://www.radianceclinics.com/post/when-you-need-to-be-at-the-best-skin-clinic/,,HIGH,P0,yes,Dr. Satyarth Prakash,REVIEW_CONFIRMED_EDITORIAL_MIGRATION_PENDING
/hair-transplant-bhubaneswar,How to ensure the success of hair transplant having it at a hair transplant,DOCTOR_ANSWER_CANDIDATE,Hair Transplant,../output/markdown/clinic__how-to-ensure-the-success-of-hair-transplant-having-it-at-a-hair-transplant.md,https://www.radianceclinics.com/post/how-to-ensure-the-success-of-hair-transplant-having-it-at-a-hair-transplant/,,MEDIUM,P0,yes,Dr. Satyarth Prakash,REVIEW_CONFIRMED_EDITORIAL_MIGRATION_PENDING
/acne-scar-treatment-bhubaneswar,The Best Acne Scar Treatments to Boost Your Confidence,TREATMENT,Acne Scars,../output/markdown/skin__the-best-acne-scar-treatments-to-boost-your-confidence.md,https://www.radianceclinics.com/post/the-best-acne-scar-treatments-to-boost-your-confidence/,,MEDIUM,P0,yes,Dr. Satyarth Prakash,REVIEW_CONFIRMED_EDITORIAL_MIGRATION_PENDING
/concerns/other-skin-concerns/moles-and-warts,Specialized Wart Removal Services for Flawless Skin,CONCERN,General Skin Concerns,../output/markdown/clinic__specialized-wart-removal-services-for-flawless-skin.md,https://www.radianceclinics.com/post/specialized-wart-removal-services-for-flawless-skin/,,HIGH,P0,yes,Dr. Satyarth Prakash,REVIEW_CONFIRMED_EDITORIAL_MIGRATION_PENDING
/concerns/hair-loss-scalp/hair-loss,Why Radiance Skin and Hair Clinic is the Ideal Choice for Hair Loss Treatment,DOCTOR_ANSWER_CANDIDATE,Hair Loss & Scalp,../output/markdown/hair__why-radiance-skin-and-hair-clinic-is-the-ideal-choice-for-hair-loss-treatment.md,https://www.radianceclinics.com/post/why-radiance-skin-and-hair-clinic-is-the-ideal-choice-for-hair-loss-treatment/,,LOW,P0,possible,Dr. Satyarth Prakash,REVIEW_CONFIRMED_EDITORIAL_MIGRATION_PENDING
/concerns/acne/acne,Acne Check Peel: Your Comprehensive Guide to Clearer Skin,TREATMENT,Acne,../output/markdown/clinic__acne-check-peel-your-comprehensive-guide-to-clearer-skin.md,https://www.radianceclinics.com/post/acne-check-peel-your-comprehensive-guide-to-clearer-skin/,,MEDIUM,P0,yes,Dr. Satyarth Prakash,REVIEW_CONFIRMED_EDITORIAL_MIGRATION_PENDING
/hair-transplant-bhubaneswar,Tackling Hair Loss: A Guide to Top-notch Hair Transplant Clinics,TREATMENT,Hair Transplant,../output/markdown/hair__tackling-hair-loss-a-guide-to-top-notch-hair-transplant-clinics.md,https://www.radianceclinics.com/post/tackling-hair-loss-a-guide-to-top-notch-hair-transplant-clinics/,,MEDIUM,P0,yes,Dr. Satyarth Prakash,REVIEW_CONFIRMED_EDITORIAL_MIGRATION_PENDING
/about,Can You Reverse Signs of Ageing with Anti Ageing Treatment,CLINIC_INFO,Clinic & Doctor,../output/markdown/clinic__can-you-reverse-signs-of-ageing-with-anti-ageing-treatment.md,https://www.radianceclinics.com/post/can-you-reverse-signs-of-ageing-with-anti-ageing-treatment/,,MEDIUM,P1,yes,Dr. Satyarth Prakash,REVIEW_CONFIRMED_EDITORIAL_MIGRATION_PENDING
/concerns/other-skin-concerns/moles-and-warts,Where can I Get Painless Wart Removal Treatment,DOCTOR_ANSWER_CANDIDATE,General Skin Concerns,../output/markdown/clinic__where-can-i-get-painless-wart-removal-treatment.md,https://www.radianceclinics.com/post/where-can-i-get-painless-wart-removal-treatment/,,MEDIUM,P0,yes,Dr. Satyarth Prakash,REVIEW_CONFIRMED_EDITORIAL_MIGRATION_PENDING
/hair-transplant-bhubaneswar,What Common Mistakes Can Make Your Hair Transplant More Expensive?,DOCTOR_ANSWER_CANDIDATE,Hair Transplant,../output/markdown/hair__what-common-mistakes-can-make-your-hair-transplant-more-expensive.md,https://www.radianceclinics.com/post/what-common-mistakes-can-make-your-hair-transplant-more-expensive/,,MEDIUM,P0,yes,Dr. Satyarth Prakash,REVIEW_CONFIRMED_EDITORIAL_MIGRATION_PENDING
/about,Is Hair Restoration Worth the Investment?,CLINIC_INFO,Clinic & Doctor,../output/markdown/clinic__is-hair-restoration-worth-the-investment.md,https://www.radianceclinics.com/post/is-hair-restoration-worth-the-investment/,,MEDIUM,P1,yes,Dr. Satyarth Prakash,REVIEW_CONFIRMED_EDITORIAL_MIGRATION_PENDING
/laser-hair-removal-bhubaneswar,Common Myths about Laser Hair Removal Treatments,TREATMENT,Laser Hair Reduction,../output/markdown/clinic__common-myths-about-laser-hair-removal-treatments.md,https://www.radianceclinics.com/post/common-myths-about-laser-hair-removal-treatments/,,MEDIUM,P0,yes,Dr. Satyarth Prakash,REVIEW_CONFIRMED_EDITORIAL_MIGRATION_PENDING
/hair-transplant-bhubaneswar,Hair Transplant in Puri,LOCATION,Hair Transplant,../output/markdown/clinic__hair-transplant-in-puri.md,https://www.radianceclinics.com/hair-transplant-in-puri/,,MEDIUM,P0,yes,Dr. Satyarth Prakash,REVIEW_CONFIRMED_EDITORIAL_MIGRATION_PENDING
/hair-transplant-bhubaneswar,Hair Transplant in Raipur,LOCATION,Hair Transplant,../output/markdown/hair__hair-transplant-in-raipur.md,https://www.radianceclinics.com/hair-transplant-in-raipur/,,MEDIUM,P0,yes,Dr. Satyarth Prakash,REVIEW_CONFIRMED_EDITORIAL_MIGRATION_PENDING
/hair-transplant-bhubaneswar,Hair Transplant in Cuttack,LOCATION,Hair Transplant,../output/markdown/hair__hair-transplant-in-cuttack.md,https://www.radianceclinics.com/hair-transplant-in-cuttack/,,LOW,P0,possible,Dr. Satyarth Prakash,REVIEW_CONFIRMED_EDITORIAL_MIGRATION_PENDING
/hair-transplant-bhubaneswar,Hair Transplant in Jajpur,LOCATION,Hair Transplant,../output/markdown/clinic__hair-transplant-in-jajpur.md,https://www.radianceclinics.com/hair-transplant-in-jajpur/,,MEDIUM,P0,yes,Dr. Satyarth Prakash,REVIEW_CONFIRMED_EDITORIAL_MIGRATION_PENDING
/skin-clinic-bhubaneswar,Laser Lipolysis Treatment,TREATMENT,Skin Health,../output/markdown/clinic__laser-lipolysis-treatment.md,https://www.radianceclinics.com/laser-lipolysis-treatment/,,LOW,P0,possible,Dr. Satyarth Prakash,REVIEW_CONFIRMED_EDITORIAL_MIGRATION_PENDING
/about,Weight Loss Management,CLINIC_INFO,Clinic & Doctor,../output/markdown/clinic__weight-loss-radiance.md,https://www.radianceclinics.com/weight-loss-radiance/,,MEDIUM,P1,yes,Dr. Satyarth Prakash,REVIEW_CONFIRMED_EDITORIAL_MIGRATION_PENDING
/concerns/hair-loss-scalp/hair-loss,Hair Loss Treatments,TREATMENT,Hair Loss & Scalp,../output/markdown/clinic__hair-loss-treatments.md,https://www.radianceclinics.com/hair-loss-treatments/,,MEDIUM,P0,yes,Dr. Satyarth Prakash,REVIEW_CONFIRMED_EDITORIAL_MIGRATION_PENDING
/hair-transplant-bhubaneswar,Hair Transplant,TREATMENT,Hair Transplant,../output/markdown/clinic__hair-transplantation.md,https://www.radianceclinics.com/hair-transplantation/,,LOW,P0,possible,Dr. Satyarth Prakash,REVIEW_CONFIRMED_EDITORIAL_MIGRATION_PENDING
/hair-transplant-bhubaneswar,High Density Hair Transplant,TREATMENT,Hair Transplant,../output/markdown/clinic__high-density-hair-transplant.md,https://www.radianceclinics.com/high-density-hair-transplant/,,LOW,P0,possible,Dr. Satyarth Prakash,REVIEW_CONFIRMED_EDITORIAL_MIGRATION_PENDING
/concerns/hair-transplant/beard-transplant,Beard & Mustache Transplant,CLINIC_INFO,Clinic & Doctor,../output/markdown/clinic__beard-mustache-transplant.md,https://www.radianceclinics.com/beard-mustache-transplant/,,LOW,P1,possible,Dr. Satyarth Prakash,REVIEW_CONFIRMED_EDITORIAL_MIGRATION_PENDING
/laser-hair-removal-bhubaneswar,Body Hair Removal,ARTICLE,Laser Hair Reduction,../output/markdown/clinic__body-hair-removal.md,https://www.radianceclinics.com/post/body-hair-removal/,,MEDIUM,P0,yes,Dr. Satyarth Prakash,REVIEW_CONFIRMED_EDITORIAL_MIGRATION_PENDING
/concerns/acne/acne,What to Expect when Visiting a Dermatologist for an Acne Treatment,DOCTOR_ANSWER_CANDIDATE,Acne,../output/markdown/clinic__best-dermatologist-for-acne-an-treatment.md,https://www.radianceclinics.com/post/best-dermatologist-for-acne-an-treatment/,,MEDIUM,P0,yes,Dr. Satyarth Prakash,REVIEW_CONFIRMED_EDITORIAL_MIGRATION_PENDING
/concerns/acne/acne,The ideal clinic to have acne treatment in Bhubaneswar is Radiance Skin and Hair Clinics,TREATMENT,Acne,../output/markdown/clinic__the-ideal-clinic-to-have-acne-treatment-in-bhubaneswar-is-radiance-skin-and-hair-clinics.md,https://www.radianceclinics.com/post/the-ideal-clinic-to-have-acne-treatment-in-bhubaneswar-is-radiance-skin-and-hair-clinics/,,LOW,P0,possible,Dr. Satyarth Prakash,REVIEW_CONFIRMED_EDITORIAL_MIGRATION_PENDING
/hair-transplant-bhubaneswar,Is it safe to have a hair transplant in Bhubaneswar at Radiance Skin and Hair Clinic,LOCATION,Hair Transplant,../output/markdown/clinic__is-it-safe-to-have-a-hair-transplant-in-bhubaneswar-at-radiance-skin-and-hair-clinic.md,https://www.radianceclinics.com/post/is-it-safe-to-have-a-hair-transplant-in-bhubaneswar-at-radiance-skin-and-hair-clinic/,,MEDIUM,P0,yes,Dr. Satyarth Prakash,REVIEW_CONFIRMED_EDITORIAL_MIGRATION_PENDING
/treatments/aesthetic-dermatology/injectable-aesthetics,A Complete Guide to Know About Botox Treatment in Bhubaneswar,TREATMENT,Ageing & Aesthetics,../output/markdown/clinic__a-complete-guide-to-know-about-botox-treatment.md,https://www.radianceclinics.com/post/a-complete-guide-to-know-about-botox-treatment/,,MEDIUM,P0,yes,Dr. Satyarth Prakash,REVIEW_CONFIRMED_EDITORIAL_MIGRATION_PENDING
/laser-hair-removal-bhubaneswar,How Effective is Having Laser Hair Removal in Bhubaneswar,DOCTOR_ANSWER_CANDIDATE,Laser Hair Reduction,../output/markdown/clinic__how-effective-is-having-laser-hair-removal-in-bhubaneswar.md,https://www.radianceclinics.com/post/how-effective-is-having-laser-hair-removal-in-bhubaneswar/,,MEDIUM,P0,yes,Dr. Satyarth Prakash,REVIEW_CONFIRMED_EDITORIAL_MIGRATION_PENDING
/knowledge/radiance-skin-clinics-your-solution-for-skin-issues,Radiance Skin Clinics: Your Solution for Skin Issues,ARTICLE,Skin Health,../output/markdown/skin__radiance-skin-clinics-your-solution-for-skin-issues.md,https://www.radianceclinics.com/post/radiance-skin-clinics-your-solution-for-skin-issues/,,MEDIUM,P0,yes,Dr. Satyarth Prakash,REVIEW_CONFIRMED_EDITORIAL_MIGRATION_PENDING
/knowledge/do-not-get-frustrated-having-skin-issues,Do not get frustrated having skin issues – Radiance Skin and Hair Clinics has the solution,DOCTOR_ANSWER_CANDIDATE,Skin Health,../output/markdown/skin__do-not-get-frustrated-having-skin-issues.md,https://www.radianceclinics.com/post/do-not-get-frustrated-having-skin-issues/,,MEDIUM,P0,yes,Dr. Satyarth Prakash,REVIEW_CONFIRMED_EDITORIAL_MIGRATION_PENDING
/concerns/hair-loss-scalp/hair-loss,Why a hair wig is an ideal solution for hair loss,DOCTOR_ANSWER_CANDIDATE,Hair Loss & Scalp,../output/markdown/clinic__why-a-hair-wig-is-an-ideal-solution-for-hair-loss.md,https://www.radianceclinics.com/post/why-a-hair-wig-is-an-ideal-solution-for-hair-loss/,,LOW,P0,possible,Dr. Satyarth Prakash,REVIEW_CONFIRMED_EDITORIAL_MIGRATION_PENDING
/concerns/acne/acne,Reasons to have Professional Treatment for Acne,TREATMENT,Acne,../output/markdown/skin__reasons-to-have-professional-treatment-for-acne.md,https://www.radianceclinics.com/post/reasons-to-have-professional-treatment-for-acne/,,MEDIUM,P0,yes,Dr. Satyarth Prakash,REVIEW_CONFIRMED_EDITORIAL_MIGRATION_PENDING
/knowledge/skincare-mythbusters-debunking-common-misconceptions-about-skin-health,Skincare Mythbusters: Debunking Common Misconceptions about Skin Health,ARTICLE,Skin Health,../output/markdown/clinic__skincare-mythbusters-debunking-common-misconceptions-about-skin-health.md,https://www.radianceclinics.com/post/skincare-mythbusters-debunking-common-misconceptions-about-skin-health/,,LOW,P0,possible,Dr. Satyarth Prakash,REVIEW_CONFIRMED_EDITORIAL_MIGRATION_PENDING
/pigmentation-treatment-bhubaneswar,Understanding Male-Specific Skin Concerns: Expert Insights and Solutions,CONCERN,Pigmentation,../output/markdown/clinic__understanding-male-specific-skin-concerns-expert-insights-and-solutions.md,https://www.radianceclinics.com/post/understanding-male-specific-skin-concerns-expert-insights-and-solutions/,,LOW,P0,possible,Dr. Satyarth Prakash,REVIEW_CONFIRMED_EDITORIAL_MIGRATION_PENDING
/hair-transplant-bhubaneswar,Radiance Skin and Hair Clinics: Your Ideal Destination for Hair Transplants,TREATMENT,Hair Transplant,../output/markdown/hair__radiance-skin-and-hair-clinics-your-ideal-destination-for-hair-transplants.md,https://www.radianceclinics.com/post/radiance-skin-and-hair-clinics-your-ideal-destination-for-hair-transplants/,,LOW,P0,possible,Dr. Satyarth Prakash,REVIEW_CONFIRMED_EDITORIAL_MIGRATION_PENDING
/laser-hair-removal-bhubaneswar,The Ultimate Guide to Body Hair Removal in Odisha's Aesthetic Hub,ARTICLE,Laser Hair Reduction,../output/markdown/clinic__the-ultimate-guide-to-body-hair-removal-in-odishas-aesthetic-hub.md,https://www.radianceclinics.com/post/the-ultimate-guide-to-body-hair-removal-in-odishas-aesthetic-hub/,,MEDIUM,P0,yes,Dr. Satyarth Prakash,REVIEW_CONFIRMED_EDITORIAL_MIGRATION_PENDING
/acne-scar-treatment-bhubaneswar,Discovering the Best Solutions for Acne Scar Treatment,TREATMENT,Acne Scars,../output/markdown/skin__discovering-the-best-solutions-for-acne-scar-treatment.md,https://www.radianceclinics.com/post/discovering-the-best-solutions-for-acne-scar-treatment/,,MEDIUM,P0,yes,Dr. Satyarth Prakash,REVIEW_CONFIRMED_EDITORIAL_MIGRATION_PENDING
/hair-transplant-bhubaneswar,What is the best hair transplant for density?,DOCTOR_ANSWER_CANDIDATE,Hair Transplant,../output/markdown/hair__what-is-the-best-hair-transplant-for-density.md,https://www.radianceclinics.com/post/what-is-the-best-hair-transplant-for-density/,,LOW,P0,possible,Dr. Satyarth Prakash,REVIEW_CONFIRMED_EDITORIAL_MIGRATION_PENDING
/hair-transplant-bhubaneswar,Who is the Ideal Candidate for a Hair Transplant?,DOCTOR_ANSWER_CANDIDATE,Hair Transplant,../output/markdown/clinic__who-is-the-ideal-candidate-for-a-hair-transplant.md,https://www.radianceclinics.com/post/who-is-the-ideal-candidate-for-a-hair-transplant/,,MEDIUM,P0,yes,Dr. Satyarth Prakash,REVIEW_CONFIRMED_EDITORIAL_MIGRATION_PENDING
/laser-hair-removal-bhubaneswar,Laser vs. Waxing: Which Hair Removal Method is Right for You?,TREATMENT,Laser Hair Reduction,../output/markdown/clinic__laser-vs-waxing-which-hair-removal-method-is-right-for-you.md,https://www.radianceclinics.com/post/laser-vs-waxing-which-hair-removal-method-is-right-for-you/,,MEDIUM,P0,yes,Dr. Satyarth Prakash,REVIEW_CONFIRMED_EDITORIAL_MIGRATION_PENDING
/concerns/hair-loss-scalp/hair-loss,What Causes Hair Loss and How It Can Be Treated,DOCTOR_ANSWER_CANDIDATE,Hair Loss & Scalp,../output/markdown/hair__what-causes-hair-loss-and-how-it-can-be-treated.md,https://www.radianceclinics.com/post/what-causes-hair-loss-and-how-it-can-be-treated/,,MEDIUM,P0,yes,Dr. Satyarth Prakash,REVIEW_CONFIRMED_EDITORIAL_MIGRATION_PENDING
/about,How Effective Are Weight Loss Clinics for Belly Fat Reduction?,CLINIC_INFO,Clinic & Doctor,../output/markdown/clinic__how-effective-are-weight-loss-clinics-for-belly-fat-reduction.md,https://www.radianceclinics.com/post/how-effective-are-weight-loss-clinics-for-belly-fat-reduction/,,MEDIUM,P1,yes,Dr. Satyarth Prakash,REVIEW_CONFIRMED_EDITORIAL_MIGRATION_PENDING
/treatments/hair-restoration/prp-gfc-scalp-therapy,How Many PRP Sessions Are Needed for Visible Hair Growth,DOCTOR_ANSWER_CANDIDATE,Hair Loss & Scalp,../output/markdown/clinic__how-many-prp-sessions-are-needed-for-visible-hair-growth.md,https://www.radianceclinics.com/post/how-many-prp-sessions-are-needed-for-visible-hair-growth/,,LOW,P0,possible,Dr. Satyarth Prakash,REVIEW_CONFIRMED_EDITORIAL_MIGRATION_PENDING
/knowledge/when-is-the-perfect-time-to-restore-your-hair,When Is the Perfect Time to Restore Your Hair?,DOCTOR_ANSWER_CANDIDATE,Other,../output/markdown/hair__when-is-the-perfect-time-to-restore-your-hair.md,https://www.radianceclinics.com/post/when-is-the-perfect-time-to-restore-your-hair/,,LOW,P0,possible,Dr. Satyarth Prakash,REVIEW_CONFIRMED_EDITORIAL_MIGRATION_PENDING
/about,What are the Most Common Myths About Surgical Hair Restoration?,CLINIC_INFO,Clinic & Doctor,../output/markdown/hair__what-are-the-most-common-myths-about-surgical-hair-restoration.md,https://www.radianceclinics.com/post/what-are-the-most-common-myths-about-surgical-hair-restoration/,,MEDIUM,P1,yes,Dr. Satyarth Prakash,REVIEW_CONFIRMED_EDITORIAL_MIGRATION_PENDING
/hair-transplant-bhubaneswar,How to Know If You’re a Good Candidate for FUE or FUT?,DOCTOR_ANSWER_CANDIDATE,Hair Transplant,../output/markdown/clinic__how-to-know-if-youre-a-good-candidate-for-fue-or-fut.md,https://www.radianceclinics.com/post/how-to-know-if-youre-a-good-candidate-for-fue-or-fut/,,LOW,P0,possible,Dr. Satyarth Prakash,REVIEW_CONFIRMED_EDITORIAL_MIGRATION_PENDING
/concerns/hair-loss-scalp/hair-loss,How Does Hair Loss Affect an Individual’s Confidence Level,DOCTOR_ANSWER_CANDIDATE,Hair Loss & Scalp,../output/markdown/clinic__how-does-hair-loss-affect-an-individuals-confidence-level.md,https://www.radianceclinics.com/post/how-does-hair-loss-affect-an-individuals-confidence-level/,,MEDIUM,P0,yes,Dr. Satyarth Prakash,REVIEW_CONFIRMED_EDITORIAL_MIGRATION_PENDING
/hair-transplant-bhubaneswar,Why Do Some People Regret Getting a Hair Transplant Too Early,DOCTOR_ANSWER_CANDIDATE,Hair Transplant,../output/markdown/hair__why-do-some-people-regret-getting-a-hair-transplant-too-early.md,https://www.radianceclinics.com/post/why-do-some-people-regret-getting-a-hair-transplant-too-early/,,MEDIUM,P0,yes,Dr. Satyarth Prakash,REVIEW_CONFIRMED_EDITORIAL_MIGRATION_PENDING
/hair-transplant-bhubaneswar,Hair transplant in Rourkela,LOCATION,Hair Transplant,../output/markdown/clinic__hair-transplant-in-rourkela.md,https://www.radianceclinics.com/hair-transplant-in-rourkela/,,MEDIUM,P0,yes,Dr. Satyarth Prakash,REVIEW_CONFIRMED_EDITORIAL_MIGRATION_PENDING
/hair-transplant-bhubaneswar,Hair transplant in Sambalpur,LOCATION,Hair Transplant,../output/markdown/clinic__hair-transplant-in-sambalpur.md,https://www.radianceclinics.com/hair-transplant-in-sambalpur/,,MEDIUM,P0,yes,Dr. Satyarth Prakash,REVIEW_CONFIRMED_EDITORIAL_MIGRATION_PENDING
/hair-transplant-bhubaneswar,Hair Transplant in Angul,LOCATION,Hair Transplant,../output/markdown/clinic__hair-transplant-in-angul.md,https://www.radianceclinics.com/hair-transplant-in-angul/,,MEDIUM,P0,yes,Dr. Satyarth Prakash,REVIEW_CONFIRMED_EDITORIAL_MIGRATION_PENDING
/hair-transplant-bhubaneswar,Hair Transplant in Koraput,LOCATION,Hair Transplant,../output/markdown/clinic__hair-transplant-in-koraput.md,https://www.radianceclinics.com/hair-transplant-in-koraput/,,MEDIUM,P0,yes,Dr. Satyarth Prakash,REVIEW_CONFIRMED_EDITORIAL_MIGRATION_PENDING
/pigmentation-treatment-bhubaneswar,Sunspots Treatment Bhubaneswar,TREATMENT,Pigmentation,../output/markdown/clinic__tan-removal.md,https://www.radianceclinics.com/tan-removal/,,MEDIUM,P0,yes,Dr. Satyarth Prakash,REVIEW_CONFIRMED_EDITORIAL_MIGRATION_PENDING
/knowledge,Split Ear Repair,CONCERN,Scars & Stretch Marks,../output/markdown/clinic__split-ear-repair.md,https://www.radianceclinics.com/split-ear-repair/,,MEDIUM,P0,yes,Dr. Satyarth Prakash,REVIEW_CONFIRMED_EDITORIAL_MIGRATION_PENDING
/about,Body Reshaping Treatment,CLINIC_INFO,Clinic & Doctor,../output/markdown/clinic__body-reshaping-treatment.md,https://www.radianceclinics.com/body-reshaping-treatment/,,MEDIUM,P1,yes,Dr. Satyarth Prakash,REVIEW_CONFIRMED_EDITORIAL_MIGRATION_PENDING
/knowledge,Split Ear Repair,CONCERN,Scars & Stretch Marks,../output/markdown/clinic__split-ear-repair-2.md,https://www.radianceclinics.com/split-ear-repair-2/,,MEDIUM,P0,yes,Dr. Satyarth Prakash,REVIEW_CONFIRMED_EDITORIAL_MIGRATION_PENDING
/about,Sunspots Treatment Bhubaneswa,CLINIC_INFO,Clinic & Doctor,../output/markdown/clinic__sunspot-removal.md,https://www.radianceclinics.com/sunspot-removal/,,LOW,P1,possible,Dr. Satyarth Prakash,REVIEW_CONFIRMED_EDITORIAL_MIGRATION_PENDING
/about,Body Shaping,CLINIC_INFO,Clinic & Doctor,../output/markdown/clinic__body-shaping-bhuabaneswar.md,https://www.radianceclinics.com/body-shaping-bhuabaneswar/,,MEDIUM,P1,yes,Dr. Satyarth Prakash,REVIEW_CONFIRMED_EDITORIAL_MIGRATION_PENDING
/pigmentation-treatment-bhubaneswar,Skin Brightening Solutions,CONCERN,Pigmentation,../output/markdown/clinic__skin-brightening-solutions-radiance.md,https://www.radianceclinics.com/skin-brightening-solutions-radiance/,,MEDIUM,P0,yes,Dr. Satyarth Prakash,REVIEW_CONFIRMED_EDITORIAL_MIGRATION_PENDING
/pigmentation-treatment-bhubaneswar,Scalp Micropigmentation Bhubaneswar,CONCERN,Hair Loss & Scalp,../output/markdown/clinic__scalp-micropigmentation.md,https://www.radianceclinics.com/scalp-micropigmentation/,,MEDIUM,P0,yes,Dr. Satyarth Prakash,REVIEW_CONFIRMED_EDITORIAL_MIGRATION_PENDING
/hair-transplant-bhubaneswar,Body Hair Transplant,TREATMENT,Hair Transplant,../output/markdown/clinic__body-hair-transplant.md,https://www.radianceclinics.com/body-hair-transplant/,,MEDIUM,P0,yes,Dr. Satyarth Prakash,REVIEW_CONFIRMED_EDITORIAL_MIGRATION_PENDING
/knowledge,PRP,TREATMENT,Hair Loss & Scalp,../output/markdown/clinic__prp.md,https://www.radianceclinics.com/treatment/hairfall/prp/,,MEDIUM,P0,yes,Dr. Satyarth Prakash,REVIEW_CONFIRMED_EDITORIAL_MIGRATION_PENDING
/knowledge,GFC,TREATMENT,Hair Loss & Scalp,../output/markdown/hair__gfc.md,https://www.radianceclinics.com/treatment/hairfall/gfc/,,MEDIUM,P0,yes,Dr. Satyarth Prakash,REVIEW_CONFIRMED_EDITORIAL_MIGRATION_PENDING
/treatments/aesthetic-dermatology/injectable-aesthetics,Are Fillers Treatments Safe?,DOCTOR_ANSWER_CANDIDATE,Ageing & Aesthetics,../output/markdown/clinic__are-fillers-treatments-safe.md,https://www.radianceclinics.com/post/are-fillers-treatments-safe/,,MEDIUM,P0,yes,Dr. Satyarth Prakash,REVIEW_CONFIRMED_EDITORIAL_MIGRATION_PENDING
/laser-hair-removal-bhubaneswar,Laser Hair Removal,TREATMENT,Laser Hair Reduction,../output/markdown/laser__laser-hair-removal.md,https://www.radianceclinics.com/post/laser-hair-removal/,,LOW,P0,possible,Dr. Satyarth Prakash,REVIEW_CONFIRMED_EDITORIAL_MIGRATION_PENDING
/skin-clinic-bhubaneswar,Frequently Asked Questions,PATIENT_GUIDE,Skin Health,../output/markdown/skin__frequently-asked-questions.md,https://www.radianceclinics.com/frequently-asked-questions/,,HIGH,P0,yes,Dr. Satyarth Prakash,REVIEW_CONFIRMED_EDITORIAL_MIGRATION_PENDING
/concerns/hair-loss-scalp/hair-loss,Why Radiance Skin and Hair Clinics is the best hair loss clinic in Bhubaneswar,DOCTOR_ANSWER_CANDIDATE,Hair Loss & Scalp,../output/markdown/clinic__why-radiance-skin-and-hair-clinics-is-the-best-hair-loss-clinic-in-bhubaneswar.md,https://www.radianceclinics.com/post/why-radiance-skin-and-hair-clinics-is-the-best-hair-loss-clinic-in-bhubaneswar/,,LOW,P0,possible,Dr. Satyarth Prakash,REVIEW_CONFIRMED_EDITORIAL_MIGRATION_PENDING
/hair-transplant-bhubaneswar,The quality of hair transplant service offered by Radiance Skin and Hair Clinics,TREATMENT,Hair Transplant,../output/markdown/clinic__the-quality-of-hair-transplant-service-offered-by-radiance-skin-and-hair-clinics.md,https://www.radianceclinics.com/post/the-quality-of-hair-transplant-service-offered-by-radiance-skin-and-hair-clinics/,,MEDIUM,P0,yes,Dr. Satyarth Prakash,REVIEW_CONFIRMED_EDITORIAL_MIGRATION_PENDING
/concerns/acne/acne,Things to Avoid if you have Acne-prone Skin,CONCERN,Acne,../output/markdown/clinic__things-to-avoid-if-you-have-acne-prone-skin.md,https://www.radianceclinics.com/post/things-to-avoid-if-you-have-acne-prone-skin/,,MEDIUM,P0,yes,Dr. Satyarth Prakash,REVIEW_CONFIRMED_EDITORIAL_MIGRATION_PENDING
/knowledge/four-misconceptions-people-have-about-laser-tattoo-removal-in-bhubaneswar,Four misconceptions people have about laser tattoo removal in Bhubaneswar,TREATMENT,Skin Health,../output/markdown/clinic__four-misconceptions-people-have-about-laser-tattoo-removal-in-bhubaneswar.md,https://www.radianceclinics.com/post/four-misconceptions-people-have-about-laser-tattoo-removal-in-bhubaneswar/,,MEDIUM,P0,yes,Dr. Satyarth Prakash,REVIEW_CONFIRMED_EDITORIAL_MIGRATION_PENDING
/hair-transplant-bhubaneswar,Where to have a high density hair transplant in Bhubaneswar,LOCATION,Hair Transplant,../output/markdown/clinic__where-to-have-a-high-density-hair-transplant-in-bhubaneswar.md,https://www.radianceclinics.com/post/where-to-have-a-high-density-hair-transplant-in-bhubaneswar/,,LOW,P0,possible,Dr. Satyarth Prakash,REVIEW_CONFIRMED_EDITORIAL_MIGRATION_PENDING
/pigmentation-treatment-bhubaneswar,The skin brightening treatment possible to have at Radiance Skin and Hair Clinics,TREATMENT,Pigmentation,../output/markdown/clinic__the-skin-brightening-treatment-possible-to-have-at-radiance-skin-and-hair-clinics.md,https://www.radianceclinics.com/post/the-skin-brightening-treatment-possible-to-have-at-radiance-skin-and-hair-clinics/,,LOW,P0,possible,Dr. Satyarth Prakash,REVIEW_CONFIRMED_EDITORIAL_MIGRATION_PENDING
/hair-transplant-bhubaneswar,Certain Myths about Hair Transplants for Young Men,TREATMENT,Hair Transplant,../output/markdown/clinic__certain-myths-about-hair-transplants-for-young-men.md,https://www.radianceclinics.com/post/certain-myths-about-hair-transplants-for-young-men/,,MEDIUM,P0,yes,Dr. Satyarth Prakash,REVIEW_CONFIRMED_EDITORIAL_MIGRATION_PENDING
/knowledge/is-it-possible-to-stop-saving-unwanted-hair,Is It Possible To Stop Saving Unwanted Hair,DOCTOR_ANSWER_CANDIDATE,Laser Hair Reduction,../output/markdown/clinic__is-it-possible-to-stop-saving-unwanted-hair.md,https://www.radianceclinics.com/post/is-it-possible-to-stop-saving-unwanted-hair/,,MEDIUM,P0,yes,Dr. Satyarth Prakash,REVIEW_CONFIRMED_EDITORIAL_MIGRATION_PENDING
/treatments/aesthetic-dermatology/injectable-aesthetics,Aging Gracefully with Botox: How It Can Enhance Your Natural Beauty,ARTICLE,Ageing & Aesthetics,../output/markdown/clinic__aging-gracefully-with-botox-how-it-can-enhance-your-natural-beauty.md,https://www.radianceclinics.com/post/aging-gracefully-with-botox-how-it-can-enhance-your-natural-beauty/,,MEDIUM,P0,yes,Dr. Satyarth Prakash,REVIEW_CONFIRMED_EDITORIAL_MIGRATION_PENDING
/laser-hair-removal-bhubaneswar,The Key to Lasting Smoothness: Unlock Laser Hair Removal,TREATMENT,Laser Hair Reduction,../output/markdown/clinic__the-key-to-lasting-smoothness-unlock-laser-hair-removal.md,https://www.radianceclinics.com/post/the-key-to-lasting-smoothness-unlock-laser-hair-removal/,,MEDIUM,P0,yes,Dr. Satyarth Prakash,REVIEW_CONFIRMED_EDITORIAL_MIGRATION_PENDING
/concerns/hair-loss-scalp/hair-loss,Say Goodbye to Monsoon Hair Loss: Easy Ways to Control Hairfall,CONCERN,Hair Loss & Scalp,../output/markdown/clinic__say-goodbye-to-monsoon-hair-loss-easy-ways-to-control-hairfall.md,https://www.radianceclinics.com/post/say-goodbye-to-monsoon-hair-loss-easy-ways-to-control-hairfall/,,LOW,P0,possible,Dr. Satyarth Prakash,REVIEW_CONFIRMED_EDITORIAL_MIGRATION_PENDING
/knowledge/essential-skincare-tips-and-advice-from-dermatologists,Essential Skincare Tips and Advice from Dermatologists,ARTICLE,Skin Health,../output/markdown/skin__essential-skincare-tips-and-advice-from-dermatologists.md,https://www.radianceclinics.com/post/essential-skincare-tips-and-advice-from-dermatologists/,,LOW,P0,possible,Dr. Satyarth Prakash,REVIEW_CONFIRMED_EDITORIAL_MIGRATION_PENDING
/concerns/hair-loss-scalp/hair-loss,Combat Hair Fall: Natural Remedies & Dermatologist Tips,CONCERN,Hair Loss & Scalp,../output/markdown/clinic__combat-hair-fall-natural-remedies-dermatologist-tips.md,https://www.radianceclinics.com/post/combat-hair-fall-natural-remedies-dermatologist-tips/,,MEDIUM,P0,yes,Dr. Satyarth Prakash,REVIEW_CONFIRMED_EDITORIAL_MIGRATION_PENDING
/treatments/aesthetic-dermatology/injectable-aesthetics,Fillers Treatment at Radiance Skin and Hair Clinics in Bhubaneswar,TREATMENT,Ageing & Aesthetics,../output/markdown/clinic__fillers-treatment-at-radiance-skin-and-hair-clinics-in-bhubaneswar.md,https://www.radianceclinics.com/post/fillers-treatment-at-radiance-skin-and-hair-clinics-in-bhubaneswar/,,MEDIUM,P0,yes,Dr. Satyarth Prakash,REVIEW_CONFIRMED_EDITORIAL_MIGRATION_PENDING
/about,Locks of Elegance: Where to Find Quality Hair Wigs,CLINIC_INFO,Clinic & Doctor,../output/markdown/clinic__locks-of-elegance-where-to-find-quality-hair-wigs.md,https://www.radianceclinics.com/post/locks-of-elegance-where-to-find-quality-hair-wigs/,,LOW,P1,possible,Dr. Satyarth Prakash,REVIEW_CONFIRMED_EDITORIAL_MIGRATION_PENDING
/pigmentation-treatment-bhubaneswar,Decoding the Cost of Chemical Peels in Odisha: Understanding the Factors Behind Pricing,TREATMENT,Pigmentation,../output/markdown/clinic__decoding-the-cost-of-chemical-peels-in-odisha-understanding-the-factors-behind-pricing.md,https://www.radianceclinics.com/post/decoding-the-cost-of-chemical-peels-in-odisha-understanding-the-factors-behind-pricing/,,LOW,P0,possible,Dr. Satyarth Prakash,REVIEW_CONFIRMED_EDITORIAL_MIGRATION_PENDING
/knowledge/why-radiance-skin-and-hair-clinics-leads-in-stem-cell-transplants-in-odisha,Why Radiance Skin and Hair Clinics Leads in Stem Cell Transplants in Odisha,DOCTOR_ANSWER_CANDIDATE,Skin Health,../output/markdown/clinic__why-radiance-skin-and-hair-clinics-leads-in-stem-cell-transplants-in-odisha.md,https://www.radianceclinics.com/post/why-radiance-skin-and-hair-clinics-leads-in-stem-cell-transplants-in-odisha/,,MEDIUM,P0,yes,Dr. Satyarth Prakash,REVIEW_CONFIRMED_EDITORIAL_MIGRATION_PENDING
/treatments/aesthetic-dermatology/injectable-aesthetics,Botox vs. Fillers: Which is Right for You?,ARTICLE,Ageing & Aesthetics,../output/markdown/clinic__botox-vs-fillers-which-is-right-for-you.md,https://www.radianceclinics.com/post/botox-vs-fillers-which-is-right-for-you/,,MEDIUM,P0,yes,Dr. Satyarth Prakash,REVIEW_CONFIRMED_EDITORIAL_MIGRATION_PENDING
/about,Transform Your Look: The Benefits of Custom Hair Wigs,CLINIC_INFO,Clinic & Doctor,../output/markdown/clinic__transform-your-look-the-benefits-of-custom-hair-wigs.md,https://www.radianceclinics.com/post/transform-your-look-the-benefits-of-custom-hair-wigs/,,LOW,P1,possible,Dr. Satyarth Prakash,REVIEW_CONFIRMED_EDITORIAL_MIGRATION_PENDING
/concerns/hair-loss-scalp/hair-loss,What is the best permanent treatment for hair loss?,DOCTOR_ANSWER_CANDIDATE,Hair Loss & Scalp,../output/markdown/hair__what-is-the-best-permanent-treatment-for-hair-loss.md,https://www.radianceclinics.com/post/what-is-the-best-permanent-treatment-for-hair-loss/,,MEDIUM,P0,yes,Dr. Satyarth Prakash,REVIEW_CONFIRMED_EDITORIAL_MIGRATION_PENDING
/laser-hair-removal-bhubaneswar,Can Laser Hair Removal Permanently Remove Hair?,DOCTOR_ANSWER_CANDIDATE,Laser Hair Reduction,../output/markdown/clinic__can-laser-hair-removal-permanently-remove-hair.md,https://www.radianceclinics.com/post/can-laser-hair-removal-permanently-remove-hair/,,MEDIUM,P0,yes,Dr. Satyarth Prakash,REVIEW_CONFIRMED_EDITORIAL_MIGRATION_PENDING
/hair-transplant-bhubaneswar,Is Hair Transplant the Right Solution for You? A Complete Guide on Hair Transplant,DOCTOR_ANSWER_CANDIDATE,Hair Transplant,../output/markdown/hair__is-hair-transplant-the-right-solution-for-you-a-complete-guide-on-hair-transplant.md,https://www.radianceclinics.com/post/is-hair-transplant-the-right-solution-for-you-a-complete-guide-on-hair-transplant/,,MEDIUM,P0,yes,Dr. Satyarth Prakash,REVIEW_CONFIRMED_EDITORIAL_MIGRATION_PENDING
/concerns/pigmentation/under-eye-dark-circles,Can Skin Clinics Help With Dark Circles and Under-Eye Concerns?,DOCTOR_ANSWER_CANDIDATE,Pigmentation,../output/markdown/skin__can-skin-clinics-help-with-dark-circles-and-under-eye-concerns.md,https://www.radianceclinics.com/post/can-skin-clinics-help-with-dark-circles-and-under-eye-concerns/,,LOW,P0,possible,Dr. Satyarth Prakash,REVIEW_CONFIRMED_EDITORIAL_MIGRATION_PENDING
/knowledge/when-should-you-visit-a-skin-clinic-signs-and-symptoms-to-watch,When Should You Visit a Skin Clinic? Signs and Symptoms to Watch,DOCTOR_ANSWER_CANDIDATE,Skin Health,../output/markdown/skin__when-should-you-visit-a-skin-clinic-signs-and-symptoms-to-watch.md,https://www.radianceclinics.com/post/when-should-you-visit-a-skin-clinic-signs-and-symptoms-to-watch/,,HIGH,P0,yes,Dr. Satyarth Prakash,REVIEW_CONFIRMED_EDITORIAL_MIGRATION_PENDING
/treatments/aesthetic-dermatology/injectable-aesthetics,Which Filler Is Right for You? Expert Advice,ARTICLE,Ageing & Aesthetics,../output/markdown/skin__which-filler-is-right-for-you-expert-advice.md,https://www.radianceclinics.com/post/which-filler-is-right-for-you-expert-advice/,,MEDIUM,P0,yes,Dr. Satyarth Prakash,REVIEW_CONFIRMED_EDITORIAL_MIGRATION_PENDING
/about,How Long Do Ombre Powder Eyebrows Last?,CLINIC_INFO,Clinic & Doctor,../output/markdown/clinic__how-long-do-ombre-powder-eyebrows-last.md,https://www.radianceclinics.com/post/how-long-do-ombre-powder-eyebrows-last/,,MEDIUM,P1,yes,Dr. Satyarth Prakash,REVIEW_CONFIRMED_EDITORIAL_MIGRATION_PENDING
/concerns/pigmentation/under-eye-dark-circles,What's The Cause Of Under-Eye Dark Circles And What Treatments Can Help?,DOCTOR_ANSWER_CANDIDATE,Pigmentation,../output/markdown/clinic__whats-the-cause-of-under-eye-dark-circles-and-what-treatments-can-help.md,https://www.radianceclinics.com/post/whats-the-cause-of-under-eye-dark-circles-and-what-treatments-can-help/,,MEDIUM,P0,yes,Dr. Satyarth Prakash,REVIEW_CONFIRMED_EDITORIAL_MIGRATION_PENDING
/about,Modern Treatments for Effective Fat Reduction,CLINIC_INFO,Clinic & Doctor,../output/markdown/clinic__modern-treatments-for-effective-fat-reduction.md,https://www.radianceclinics.com/post/modern-treatments-for-effective-fat-reduction/,,MEDIUM,P1,yes,Dr. Satyarth Prakash,REVIEW_CONFIRMED_EDITORIAL_MIGRATION_PENDING
/about,How Hair Shapes Self Image and Personal Confidence,CLINIC_INFO,Clinic & Doctor,../output/markdown/clinic__how-hair-shapes-self-image-and-personal-confidence.md,https://www.radianceclinics.com/post/how-hair-shapes-self-image-and-personal-confidence/,,MEDIUM,P1,yes,Dr. Satyarth Prakash,REVIEW_CONFIRMED_EDITORIAL_MIGRATION_PENDING
/about,What Diet and Lifestyle Changes Can Support Successful Hair Restoration,CLINIC_INFO,Clinic & Doctor,../output/markdown/clinic__what-diet-and-lifestyle-changes-can-support-successful-hair-restoration.md,https://www.radianceclinics.com/post/what-diet-and-lifestyle-changes-can-support-successful-hair-restoration/,,LOW,P1,possible,Dr. Satyarth Prakash,REVIEW_CONFIRMED_EDITORIAL_MIGRATION_PENDING
/hair-transplant-bhubaneswar,Hair Transplant in Vizag,LOCATION,Hair Transplant,../output/markdown/clinic__hair-transplant-in-vizag.md,https://www.radianceclinics.com/hair-transplant-in-vizag/,,LOW,P0,possible,Dr. Satyarth Prakash,REVIEW_CONFIRMED_EDITORIAL_MIGRATION_PENDING
/hair-transplant-bhubaneswar,Hair Transplant in Kolkata,LOCATION,Hair Transplant,../output/markdown/clinic__hair-transplant-in-kolkata.md,https://www.radianceclinics.com/hair-transplant-in-kolkata/,,MEDIUM,P0,yes,Dr. Satyarth Prakash,REVIEW_CONFIRMED_EDITORIAL_MIGRATION_PENDING
/hair-transplant-bhubaneswar,Hair Transplant in Balasore,LOCATION,Hair Transplant,../output/markdown/clinic__hair-transplant-in-balasore.md,https://www.radianceclinics.com/hair-transplant-in-balasore/,,MEDIUM,P0,yes,Dr. Satyarth Prakash,REVIEW_CONFIRMED_EDITORIAL_MIGRATION_PENDING
/pigmentation-treatment-bhubaneswar,Pigmentation Treatment Bhubaneswar,TREATMENT,Pigmentation,../output/markdown/skin__skin-pigmentation.md,https://www.radianceclinics.com/skin-pigmentation/,,HIGH,P0,yes,Dr. Satyarth Prakash,REVIEW_CONFIRMED_EDITORIAL_MIGRATION_PENDING
/about,Ear Piercing,CLINIC_INFO,Clinic & Doctor,../output/markdown/clinic__ear-piercing.md,https://www.radianceclinics.com/ear-piercing/,,MEDIUM,P1,yes,Dr. Satyarth Prakash,REVIEW_CONFIRMED_EDITORIAL_MIGRATION_PENDING
/about,Body Piercing,CLINIC_INFO,Clinic & Doctor,../output/markdown/clinic__body-piercing.md,https://www.radianceclinics.com/body-piercing/,,LOW,P1,possible,Dr. Satyarth Prakash,REVIEW_CONFIRMED_EDITORIAL_MIGRATION_PENDING
/concerns/hair-loss-scalp/dandruff,Dandruff Treatment,TREATMENT,Hair Loss & Scalp,../output/markdown/clinic__dandruff-treatment.md,https://www.radianceclinics.com/dandruff-treatment/,,MEDIUM,P0,yes,Dr. Satyarth Prakash,REVIEW_CONFIRMED_EDITORIAL_MIGRATION_PENDING
/about,Premature Hair Grey Treatment,CLINIC_INFO,Clinic & Doctor,../output/markdown/clinic__premature-hair-grey-treatment.md,https://www.radianceclinics.com/premature-hair-grey-treatment/,,MEDIUM,P1,yes,Dr. Satyarth Prakash,REVIEW_CONFIRMED_EDITORIAL_MIGRATION_PENDING
/knowledge,Alopecia Treatment,TREATMENT,Hair Loss & Scalp,../output/markdown/clinic__alopecia-treatment.md,https://www.radianceclinics.com/alopecia-treatment/,,LOW,P0,possible,Dr. Satyarth Prakash,REVIEW_CONFIRMED_EDITORIAL_MIGRATION_PENDING
/about,Inch Loss Treatment,CLINIC_INFO,Clinic & Doctor,../output/markdown/clinic__inch-loss-treatment.md,https://www.radianceclinics.com/inch-loss-treatment/,,HIGH,P0,yes,Dr. Satyarth Prakash,REVIEW_CONFIRMED_EDITORIAL_MIGRATION_PENDING
/treatments/aesthetic-dermatology/injectable-aesthetics,Anti Wrinkle,PATIENT_GUIDE,Ageing & Aesthetics,../output/markdown/clinic__anti-wrinkle-radiance.md,https://www.radianceclinics.com/anti-wrinkle-radiance/,,LOW,P0,possible,Dr. Satyarth Prakash,REVIEW_CONFIRMED_EDITORIAL_MIGRATION_PENDING
/knowledge,Hair Patch and Hair Wig,PATIENT_GUIDE,Other,../output/markdown/hair__hair-patch.md,https://www.radianceclinics.com/hair-patch/,,MEDIUM,P0,yes,Dr. Satyarth Prakash,REVIEW_CONFIRMED_EDITORIAL_MIGRATION_PENDING
/knowledge/top-5-ways-the-millennial-use-for-better-hair-and-skin,Top 5 Ways the Millennial use for Better Hair and Skin,ARTICLE,Skin Health,../output/markdown/clinic__top-5-ways-the-millennial-use-for-better-hair-and-skin.md,https://www.radianceclinics.com/post/top-5-ways-the-millennial-use-for-better-hair-and-skin/,,LOW,P0,possible,Dr. Satyarth Prakash,REVIEW_CONFIRMED_EDITORIAL_MIGRATION_PENDING
/treatments/aesthetic-dermatology/injectable-aesthetics,Using Botox and Fillers for Anti-Aging Treatments,TREATMENT,Ageing & Aesthetics,../output/markdown/clinic__using-botox-and-fillers-for-anti-aging-treatments.md,https://www.radianceclinics.com/post/using-botox-and-fillers-for-anti-aging-treatments/,,MEDIUM,P0,yes,Dr. Satyarth Prakash,REVIEW_CONFIRMED_EDITORIAL_MIGRATION_PENDING
/concerns/hair-loss-scalp/hair-loss,The Myths and Reasons for Hair Loss,CONCERN,Hair Loss & Scalp,../output/markdown/clinic__the-myths-and-reasons-for-hair-loss-radiance-skin-and-hair-clinics.md,https://www.radianceclinics.com/post/the-myths-and-reasons-for-hair-loss-radiance-skin-and-hair-clinics/,,LOW,P0,possible,Dr. Satyarth Prakash,REVIEW_CONFIRMED_EDITORIAL_MIGRATION_PENDING
/about,Spending on Weight Loss is an Ideal Investment,CLINIC_INFO,Clinic & Doctor,../output/markdown/clinic__spending-on-weight-loss-is-an-ideal-investment.md,https://www.radianceclinics.com/post/spending-on-weight-loss-is-an-ideal-investment/,,MEDIUM,P1,yes,Dr. Satyarth Prakash,REVIEW_CONFIRMED_EDITORIAL_MIGRATION_PENDING
/about,Experience Natural-Looking Hair with Hair Patch,CLINIC_INFO,Clinic & Doctor,../output/markdown/clinic__experience-natural-looking-hair-with-hair-patch.md,https://www.radianceclinics.com/post/experience-natural-looking-hair-with-hair-patch/,,MEDIUM,P1,yes,Dr. Satyarth Prakash,REVIEW_CONFIRMED_EDITORIAL_MIGRATION_PENDING
/treatments/aesthetic-dermatology/injectable-aesthetics,How Facial Fillers Can Enhance Your Natural Beauty,DOCTOR_ANSWER_CANDIDATE,Ageing & Aesthetics,../output/markdown/clinic__how-facial-fillers-can-enhance-your-natural-beauty.md,https://www.radianceclinics.com/post/how-facial-fillers-can-enhance-your-natural-beauty/,,MEDIUM,P0,yes,Dr. Satyarth Prakash,REVIEW_CONFIRMED_EDITORIAL_MIGRATION_PENDING
/concerns/other-skin-concerns/moles-and-warts,Say Goodbye to Warts: Transform Your Skin at Radiance Clinic,CONCERN,General Skin Concerns,../output/markdown/clinic__say-goodbye-to-warts-transform-your-skin-at-radiance-clinic.md,https://www.radianceclinics.com/post/say-goodbye-to-warts-transform-your-skin-at-radiance-clinic/,,LOW,P0,possible,Dr. Satyarth Prakash,REVIEW_CONFIRMED_EDITORIAL_MIGRATION_PENDING
/hair-transplant-bhubaneswar,What Makes Bio Hair Transplant Different from Traditional Methods,DOCTOR_ANSWER_CANDIDATE,Hair Transplant,../output/markdown/hair__what-makes-bio-hair-transplant-different-from-traditional-methods.md,https://www.radianceclinics.com/post/what-makes-bio-hair-transplant-different-from-traditional-methods/,,LOW,P0,possible,Dr. Satyarth Prakash,REVIEW_CONFIRMED_EDITORIAL_MIGRATION_PENDING
/knowledge/winter-skincare-and-hair-care-top-tips-for-radiance-and-health,Winter Skincare and Hair Care: Top Tips for Radiance and Health,ARTICLE,Skin Health,../output/markdown/skin__winter-skincare-and-hair-care-top-tips-for-radiance-and-health.md,https://www.radianceclinics.com/post/winter-skincare-and-hair-care-top-tips-for-radiance-and-health/,,LOW,P0,possible,Dr. Satyarth Prakash,REVIEW_CONFIRMED_EDITORIAL_MIGRATION_PENDING
/hair-transplant-bhubaneswar,How to Care for Your Scalp After a Hair Transplant,DOCTOR_ANSWER_CANDIDATE,Hair Transplant,../output/markdown/clinic__how-to-care-for-your-scalp-after-a-hair-transplant.md,https://www.radianceclinics.com/post/how-to-care-for-your-scalp-after-a-hair-transplant/,,MEDIUM,P0,yes,Dr. Satyarth Prakash,REVIEW_CONFIRMED_EDITORIAL_MIGRATION_PENDING
/about,What Is Lip Blushing and How Does It Work,CLINIC_INFO,Clinic & Doctor,../output/markdown/clinic__what-is-lip-blushing-and-how-does-it-work.md,https://www.radianceclinics.com/post/what-is-lip-blushing-and-how-does-it-work/,,MEDIUM,P1,yes,Dr. Satyarth Prakash,REVIEW_CONFIRMED_EDITORIAL_MIGRATION_PENDING
/acne-scar-treatment-bhubaneswar,Advanced Acne Scar Removal Treatments You Should Know,TREATMENT,Acne Scars,../output/markdown/skin__advanced-acne-scar-removal-treatments-you-should-know.md,https://www.radianceclinics.com/post/advanced-acne-scar-removal-treatments-you-should-know/,,LOW,P0,possible,Dr. Satyarth Prakash,REVIEW_CONFIRMED_EDITORIAL_MIGRATION_PENDING
/treatments/hair-restoration/prp-gfc-scalp-therapy,What Is GFC Treatment And How Does It Help In Hair Regrowth,DOCTOR_ANSWER_CANDIDATE,Hair Loss & Scalp,../output/markdown/clinic__what-is-gfc-treatment-and-how-does-it-help-in-hair-regrowth.md,https://www.radianceclinics.com/post/what-is-gfc-treatment-and-how-does-it-help-in-hair-regrowth/,,MEDIUM,P0,yes,Dr. Satyarth Prakash,REVIEW_CONFIRMED_EDITORIAL_MIGRATION_PENDING
/concerns/pigmentation/under-eye-dark-circles,Laser vs. Fillers vs. Creams – What Truly Works for Under Eye Bags,TREATMENT,Ageing & Aesthetics,../output/markdown/clinic__laser-vs-fillers-vs-creams-what-truly-works-for-under-eye-bags.md,https://www.radianceclinics.com/post/laser-vs-fillers-vs-creams-what-truly-works-for-under-eye-bags/,,MEDIUM,P0,yes,Dr. Satyarth Prakash,REVIEW_CONFIRMED_EDITORIAL_MIGRATION_PENDING
/about,Home Front Page,CLINIC_INFO,Clinic & Doctor,../output/markdown/clinic__home2.md,https://www.radianceclinics.com/,,MEDIUM,P1,yes,Dr. Satyarth Prakash,REVIEW_CONFIRMED_EDITORIAL_MIGRATION_PENDING
/hair-transplant-bhubaneswar,Hair Transplant in Baripada,LOCATION,Hair Transplant,../output/markdown/clinic__hair-transplant-in-baripada.md,https://www.radianceclinics.com/hair-transplant-in-baripada/,,MEDIUM,P1,yes,Dr. Satyarth Prakash,REVIEW_CONFIRMED_EDITORIAL_MIGRATION_PENDING
/skin-clinic-bhubaneswar,Chemical Peel,TREATMENT,Skin Health,../output/markdown/skin__chemical-peel.md,https://www.radianceclinics.com/chemical-peel/,,LOW,P1,possible,Dr. Satyarth Prakash,REVIEW_CONFIRMED_EDITORIAL_MIGRATION_PENDING
/knowledge,Vitiligo Treatment,TREATMENT,General Skin Concerns,../output/markdown/clinic__vitiligo-3.md,https://www.radianceclinics.com/vitiligo-3/,,MEDIUM,P1,yes,Dr. Satyarth Prakash,REVIEW_CONFIRMED_EDITORIAL_MIGRATION_PENDING
/knowledge,Hair Wig,PATIENT_GUIDE,Other,../output/markdown/hair__hair-wig.md,https://www.radianceclinics.com/hair-wig/,,MEDIUM,P1,yes,Dr. Satyarth Prakash,REVIEW_CONFIRMED_EDITORIAL_MIGRATION_PENDING
/skin-clinic-bhubaneswar,Laser Toning,TREATMENT,Skin Health,../output/markdown/skin__lasertoning.md,https://www.radianceclinics.com/treatment/bridal-dermatology/lasertoning/,,MEDIUM,P1,yes,Dr. Satyarth Prakash,REVIEW_CONFIRMED_EDITORIAL_MIGRATION_PENDING
/skin-clinic-bhubaneswar,Carbon Peel,TREATMENT,Skin Health,../output/markdown/skin__carbonpeel.md,https://www.radianceclinics.com/treatment/bridal-dermatology/carbonpeel/,,MEDIUM,P1,yes,Dr. Satyarth Prakash,REVIEW_CONFIRMED_EDITORIAL_MIGRATION_PENDING
/skin-clinic-bhubaneswar,Laser Toning,TREATMENT,Skin Health,../output/markdown/skin__laser-toning.md,https://www.radianceclinics.com/treatment/pigmentation/laser-toning/,,LOW,P1,possible,Dr. Satyarth Prakash,REVIEW_CONFIRMED_EDITORIAL_MIGRATION_PENDING
/skin-clinic-bhubaneswar,Pixel,TREATMENT,Skin Health,../output/markdown/skin__pixel.md,https://www.radianceclinics.com/treatment/acne-scars/pixel/,,LOW,P1,possible,Dr. Satyarth Prakash,REVIEW_CONFIRMED_EDITORIAL_MIGRATION_PENDING
/skin-clinic-bhubaneswar,Laser Facials,TREATMENT,Skin Health,../output/markdown/skin__laser-facials.md,https://www.radianceclinics.com/treatment/bridal-dermatology/laser-facials/,,MEDIUM,P1,yes,Dr. Satyarth Prakash,REVIEW_CONFIRMED_EDITORIAL_MIGRATION_PENDING
/knowledge/skin-and-hair-specialist-near-me,Skin And Hair Specialist Near Me,ARTICLE,Skin Health,../output/markdown/clinic__skin-and-hair-specialist-near-me.md,https://www.radianceclinics.com/post/skin-and-hair-specialist-near-me/,,MEDIUM,P1,yes,Dr. Satyarth Prakash,REVIEW_CONFIRMED_EDITORIAL_MIGRATION_PENDING
/about,What Should I Know Before Buying a Hair Wig,CLINIC_INFO,Clinic & Doctor,../output/markdown/clinic__what-should-i-know-before-buying-a-hair-wig.md,https://www.radianceclinics.com/post/what-should-i-know-before-buying-a-hair-wig/,,LOW,P1,possible,Dr. Satyarth Prakash,REVIEW_CONFIRMED_EDITORIAL_MIGRATION_PENDING
/knowledge/what-to-expect-during-your-first-visit-to-a-skin-care-doctor,What to Expect During Your First Visit to a Skin Care Doctor,DOCTOR_ANSWER_CANDIDATE,Skin Health,../output/markdown/clinic__what-to-expect-during-your-first-visit-to-a-skin-care-doctor.md,https://www.radianceclinics.com/post/what-to-expect-during-your-first-visit-to-a-skin-care-doctor/,,LOW,P1,possible,Dr. Satyarth Prakash,REVIEW_CONFIRMED_EDITORIAL_MIGRATION_PENDING
/hair-transplant-bhubaneswar,How Long Does It Take to See Results After a Hair Transplant,DOCTOR_ANSWER_CANDIDATE,Hair Transplant,../output/markdown/hair__how-long-does-it-take-to-see-results-after-a-hair-transplant.md,https://www.radianceclinics.com/post/how-long-does-it-take-to-see-results-after-a-hair-transplant/,,LOW,P1,possible,Dr. Satyarth Prakash,REVIEW_CONFIRMED_EDITORIAL_MIGRATION_PENDING
/about,Which Is Better: Synthetic Or Natural Hair Wigs,CLINIC_INFO,Clinic & Doctor,../output/markdown/clinic__which-is-better-synthetic-or-natural-hair-wigs.md,https://www.radianceclinics.com/post/which-is-better-synthetic-or-natural-hair-wigs/,,LOW,P1,possible,Dr. Satyarth Prakash,REVIEW_CONFIRMED_EDITORIAL_MIGRATION_PENDING
/treatments/hair-restoration/prp-gfc-scalp-therapy,How PRP Treatment Helps In Hair Fall Control And Regrowth Naturally,DOCTOR_ANSWER_CANDIDATE,Hair Loss & Scalp,../output/markdown/hair__how-prp-treatment-helps-in-hair-fall-control-and-regrowth-naturally.md,https://www.radianceclinics.com/post/how-prp-treatment-helps-in-hair-fall-control-and-regrowth-naturally/,,LOW,P1,possible,Dr. Satyarth Prakash,REVIEW_CONFIRMED_EDITORIAL_MIGRATION_PENDING
/concerns/pigmentation/under-eye-dark-circles,Under Eye Rejuvenation,CLINIC_INFO,Clinic & Doctor,../output/markdown/clinic__under-eye-rejuvenation.md,https://www.radianceclinics.com/treatment/bridal-dermatology/under-eye-rejuvenation/,,LOW,P1,possible,Dr. Satyarth Prakash,REVIEW_CONFIRMED_EDITORIAL_MIGRATION_PENDING
/skin-clinic-bhubaneswar,Cosmelan Peel,TREATMENT,Skin Health,../output/markdown/skin__cosmelan-peel.md,https://www.radianceclinics.com/treatment/pigmentation/cosmelan-peel/,,MEDIUM,P1,yes,Dr. Satyarth Prakash,REVIEW_CONFIRMED_EDITORIAL_MIGRATION_PENDING
/skin-clinic-bhubaneswar,Chemical  Peel,TREATMENT,Skin Health,../output/markdown/skin__chemical-peel.md,https://www.radianceclinics.com/treatment/pigmentation/chemical-peel/,,LOW,P1,possible,Dr. Satyarth Prakash,REVIEW_CONFIRMED_EDITORIAL_MIGRATION_PENDING
/about,Pixel,CLINIC_INFO,Clinic & Doctor,../output/markdown/clinic__pixel.md,https://www.radianceclinics.com/treatment/anti-ageing-therapies/pixel/,,LOW,P1,possible,Dr. Satyarth Prakash,REVIEW_CONFIRMED_EDITORIAL_MIGRATION_PENDING
/skin-clinic-bhubaneswar,Anti-Ageing Laser,TREATMENT,Skin Health,../output/markdown/clinic__anti-ageing-laser.md,https://www.radianceclinics.com/treatment/anti-ageing-therapies/anti-ageing-laser/,,MEDIUM,P1,yes,Dr. Satyarth Prakash,REVIEW_CONFIRMED_EDITORIAL_MIGRATION_PENDING
/skin-clinic-bhubaneswar,IPL Therapy / Photofacial,TREATMENT,Skin Health,../output/markdown/skin__ipl-therapy-photofacial.md,https://www.radianceclinics.com/treatment/anti-ageing-therapies/ipl-therapy-photofacial/,,LOW,P1,possible,Dr. Satyarth Prakash,REVIEW_CONFIRMED_EDITORIAL_MIGRATION_PENDING
/skin-clinic-bhubaneswar,AFT Laser,TREATMENT,Skin Health,../output/markdown/skin__aft-laser.md,https://www.radianceclinics.com/treatment/unwanted-hair/aft-laser/,,LOW,P1,possible,Dr. Satyarth Prakash,REVIEW_CONFIRMED_EDITORIAL_MIGRATION_PENDING
/concerns/scars-stretch-marks/stretch-marks,Pixigenus Stretch Marks,TREATMENT,Scars & Stretch Marks,../output/markdown/clinic__pixigenus-stretch-marks.md,https://www.radianceclinics.com/treatment/stretch-marks/pixigenus-stretch-marks/,,MEDIUM,P1,yes,Dr. Satyarth Prakash,REVIEW_CONFIRMED_EDITORIAL_MIGRATION_PENDING
/skin-clinic-bhubaneswar,Laser Facial,TREATMENT,Skin Health,../output/markdown/skin__laser-facial.md,https://www.radianceclinics.com/treatment/premium-services/laser-facial/,,MEDIUM,P1,yes,Dr. Satyarth Prakash,REVIEW_CONFIRMED_EDITORIAL_MIGRATION_PENDING
/concerns/acne/acne,Acne Zap Laser,TREATMENT,Acne,../output/markdown/skin__acne-zap-laser.md,https://www.radianceclinics.com/treatment/acne-treatment/acne-zap-laser/,,MEDIUM,P1,yes,Dr. Satyarth Prakash,REVIEW_CONFIRMED_EDITORIAL_MIGRATION_PENDING
/skin-clinic-bhubaneswar,Carbon Laser Peel,TREATMENT,Skin Health,../output/markdown/clinic__carbon-laser-peel.md,https://www.radianceclinics.com/treatment/acne-treatment/carbon-laser-peel/,,MEDIUM,P1,yes,Dr. Satyarth Prakash,REVIEW_CONFIRMED_EDITORIAL_MIGRATION_PENDING
/acne-scar-treatment-bhubaneswar,Dermaroller,TREATMENT,Acne Scars,../output/markdown/skin__dermaroller.md,https://www.radianceclinics.com/treatment/acne-scars/dermaroller/,,MEDIUM,P1,yes,Dr. Satyarth Prakash,REVIEW_CONFIRMED_EDITORIAL_MIGRATION_PENDING
/about,PCOD,CLINIC_INFO,Clinic & Doctor,../output/markdown/clinic__pcod.md,https://www.radianceclinics.com/conditions/pcod/,,MEDIUM,P1,yes,Dr. Satyarth Prakash,REVIEW_CONFIRMED_EDITORIAL_MIGRATION_PENDING
/hair-transplant-bhubaneswar,Post-Hair Transplant Recovery Guide,TREATMENT,Hair Transplant,../output/markdown/clinic__post-hair-transplant-recovery-guide.md,https://www.radianceclinics.com/post-hair-transplant-recovery-guide/,,LOW,P1,possible,Dr. Satyarth Prakash,REVIEW_CONFIRMED_EDITORIAL_MIGRATION_PENDING
/knowledge/hair-treatment-doctor-near-me,Hair Treatment Doctor Near Me,TREATMENT,Other,../output/markdown/hair__hair-treatment-doctor-near-me.md,https://www.radianceclinics.com/post/hair-treatment-doctor-near-me/,,MEDIUM,P1,yes,Dr. Satyarth Prakash,REVIEW_CONFIRMED_EDITORIAL_MIGRATION_PENDING
/knowledge,Lip Vitiligo Correction,TREATMENT,General Skin Concerns,../output/markdown/clinic__lip-vitiligo-correction.md,https://www.radianceclinics.com/treatment/non-surgical-facial-enhancements/lip-vitiligo-correction/,,HIGH,P0,yes,Dr. Satyarth Prakash,REVIEW_CONFIRMED_EDITORIAL_MIGRATION_PENDING
/concerns/acne/acne,Stubborn Acne Care with Proven Medical Options,CONCERN,Acne,../output/markdown/clinic__stubborn-acne-care-with-proven-medical-options.md,https://www.radianceclinics.com/post/stubborn-acne-care-with-proven-medical-options/,,MEDIUM,P1,yes,Dr. Satyarth Prakash,REVIEW_CONFIRMED_EDITORIAL_MIGRATION_PENDING
/concerns/hair-transplant/female-hair-transplant,Female Hair Transplant,TREATMENT,Hair Transplant,../output/markdown/clinic__female-hair-transplant.md,https://www.radianceclinics.com/female-hair-transplant/,,LOW,P1,possible,Dr. Satyarth Prakash,REVIEW_CONFIRMED_EDITORIAL_MIGRATION_PENDING
/treatments/aesthetic-dermatology/injectable-aesthetics,Fillers,PATIENT_GUIDE,Ageing & Aesthetics,../output/markdown/skin__fillers.md,https://www.radianceclinics.com/fillers/,,MEDIUM,P1,yes,Dr. Satyarth Prakash,REVIEW_CONFIRMED_EDITORIAL_MIGRATION_PENDING
/treatments/aesthetic-dermatology/injectable-aesthetics,Ultherapy,TREATMENT,Ageing & Aesthetics,../output/markdown/clinic__ultherapy.md,https://www.radianceclinics.com/treatment/anti-ageing-therapies/ultherapy/,,MEDIUM,P1,yes,Dr. Satyarth Prakash,REVIEW_CONFIRMED_EDITORIAL_MIGRATION_PENDING
/acne-scar-treatment-bhubaneswar,MNRF For Acne Scars,TREATMENT,Acne Scars,../output/markdown/skin__mnrf-acne-scars.md,https://www.radianceclinics.com/treatment/bridal-dermatology/mnrf-acne-scars/,,MEDIUM,P1,yes,Dr. Satyarth Prakash,REVIEW_CONFIRMED_EDITORIAL_MIGRATION_PENDING
/acne-scar-treatment-bhubaneswar,Dermaroller,TREATMENT,Acne Scars,../output/markdown/skin__derma-roller.md,https://www.radianceclinics.com/treatment/bridal-dermatology/derma-roller/,,MEDIUM,P1,yes,Dr. Satyarth Prakash,REVIEW_CONFIRMED_EDITORIAL_MIGRATION_PENDING
/about,Mesotherapy,CLINIC_INFO,Clinic & Doctor,../output/markdown/clinic__mesotherapy.md,https://www.radianceclinics.com/treatment/bridal-dermatology/mesotherapy/,,MEDIUM,P1,yes,Dr. Satyarth Prakash,REVIEW_CONFIRMED_EDITORIAL_MIGRATION_PENDING
/about,Insta Glow,CLINIC_INFO,Clinic & Doctor,../output/markdown/clinic__insta-glow.md,https://www.radianceclinics.com/treatment/pigmentation/insta-glow/,,LOW,P1,possible,Dr. Satyarth Prakash,REVIEW_CONFIRMED_EDITORIAL_MIGRATION_PENDING
/about,Age Reverse,CLINIC_INFO,Clinic & Doctor,../output/markdown/clinic__age-reverse.md,https://www.radianceclinics.com/treatment/anti-ageing-therapies/age-reverse/,,MEDIUM,P1,yes,Dr. Satyarth Prakash,REVIEW_CONFIRMED_EDITORIAL_MIGRATION_PENDING
/about,High-Intensity Focused Ultrasound,CLINIC_INFO,Clinic & Doctor,../output/markdown/clinic__high-intensity-focused-ultrasound.md,https://www.radianceclinics.com/treatment/anti-ageing-therapies/high-intensity-focused-ultrasound/,,LOW,P1,possible,Dr. Satyarth Prakash,REVIEW_CONFIRMED_EDITORIAL_MIGRATION_PENDING
/about,Beard Shaping,CLINIC_INFO,Clinic & Doctor,../output/markdown/clinic__beard-shaping.md,https://www.radianceclinics.com/treatment/unwanted-hair/beard-shaping/,,MEDIUM,P1,yes,Dr. Satyarth Prakash,REVIEW_CONFIRMED_EDITORIAL_MIGRATION_PENDING
/about,Soprano ICE,CLINIC_INFO,Clinic & Doctor,../output/markdown/clinic__soprano-ice.md,https://www.radianceclinics.com/treatment/unwanted-hair/soprano-ice/,,MEDIUM,P1,yes,Dr. Satyarth Prakash,REVIEW_CONFIRMED_EDITORIAL_MIGRATION_PENDING
/skin-clinic-bhubaneswar,Diode Laser,TREATMENT,Skin Health,../output/markdown/clinic__diode-laser.md,https://www.radianceclinics.com/treatment/unwanted-hair/diode-laser/,,MEDIUM,P1,yes,Dr. Satyarth Prakash,REVIEW_CONFIRMED_EDITORIAL_MIGRATION_PENDING
/skin-clinic-bhubaneswar,Erbium Fibre Laser,TREATMENT,Skin Health,../output/markdown/clinic__erbium-fibre-laser.md,https://www.radianceclinics.com/treatment/stretch-marks/erbium-fibre-laser/,,LOW,P1,possible,Dr. Satyarth Prakash,REVIEW_CONFIRMED_EDITORIAL_MIGRATION_PENDING
/skin-clinic-bhubaneswar,Hydra Facial,TREATMENT,Skin Health,../output/markdown/skin__hydra-facial.md,https://www.radianceclinics.com/treatment/premium-services/hydra-facial/,,MEDIUM,P1,yes,Dr. Satyarth Prakash,REVIEW_CONFIRMED_EDITORIAL_MIGRATION_PENDING
/about,Permanent Makeup,CLINIC_INFO,Clinic & Doctor,../output/markdown/clinic__permanent-makeup.md,https://www.radianceclinics.com/treatment/premium-services/permanent-makeup/,,MEDIUM,P1,yes,Dr. Satyarth Prakash,REVIEW_CONFIRMED_EDITORIAL_MIGRATION_PENDING
/about,Advanced Stemcellow,CLINIC_INFO,Clinic & Doctor,../output/markdown/clinic__advanced-stemcellow.md,https://www.radianceclinics.com/treatment/hairfall/advanced-stemcellow/,,LOW,P1,possible,Dr. Satyarth Prakash,REVIEW_CONFIRMED_EDITORIAL_MIGRATION_PENDING
/hair-transplant-bhubaneswar,Hair Transplant,TREATMENT,Hair Transplant,../output/markdown/hair__hair-transplant.md,https://www.radianceclinics.com/treatment/hairfall/hair-transplant/,,MEDIUM,P1,yes,Dr. Satyarth Prakash,REVIEW_CONFIRMED_EDITORIAL_MIGRATION_PENDING
/skin-clinic-bhubaneswar,Erbium Fiber Laser,TREATMENT,Skin Health,../output/markdown/clinic__erbium-fiber-laser.md,https://www.radianceclinics.com/treatment/acne-scars/erbium-fiber-laser/,,MEDIUM,P1,yes,Dr. Satyarth Prakash,REVIEW_CONFIRMED_EDITORIAL_MIGRATION_PENDING
/skin-clinic-bhubaneswar,Fractional Co2 Laser,TREATMENT,Skin Health,../output/markdown/skin__fractional-co2-laser.md,https://www.radianceclinics.com/treatment/acne-scars/fractional-co2-laser/,,MEDIUM,P1,yes,Dr. Satyarth Prakash,REVIEW_CONFIRMED_EDITORIAL_MIGRATION_PENDING
/knowledge,PRP Subsicion,TREATMENT,Hair Loss & Scalp,../output/markdown/skin__prp-subsicion.md,https://www.radianceclinics.com/treatment/acne-scars/prp-subsicion/,,LOW,P1,possible,Dr. Satyarth Prakash,REVIEW_CONFIRMED_EDITORIAL_MIGRATION_PENDING
/about,Neck Lines,CLINIC_INFO,Clinic & Doctor,../output/markdown/clinic__neck-line.md,https://www.radianceclinics.com/conditions/antiageing/neck-line/,,LOW,P1,possible,Dr. Satyarth Prakash,REVIEW_CONFIRMED_EDITORIAL_MIGRATION_PENDING
/about,Ombrepowder Eyebrows,CLINIC_INFO,Clinic & Doctor,../output/markdown/clinic__ombrepowder-eyebrows.md,https://www.radianceclinics.com/treatment/non-surgical-facial-enhancements/ombrepowder-eyebrows/,,MEDIUM,P1,yes,Dr. Satyarth Prakash,REVIEW_CONFIRMED_EDITORIAL_MIGRATION_PENDING
/treatments/aesthetic-dermatology/injectable-aesthetics,Botox Treatment,TREATMENT,Ageing & Aesthetics,../output/markdown/clinic__botox-treatment.md,https://www.radianceclinics.com/post/botox-treatment/,,MEDIUM,P1,yes,Dr. Satyarth Prakash,REVIEW_CONFIRMED_EDITORIAL_MIGRATION_PENDING
/knowledge/radiance-skin-hair-clinic,Radiance Skin & Hair Clinic,ARTICLE,Skin Health,../output/markdown/hair__radiance-skin-hair-clinic.md,https://www.radianceclinics.com/post/radiance-skin-hair-clinic/,,MEDIUM,P1,yes,Dr. Satyarth Prakash,REVIEW_CONFIRMED_EDITORIAL_MIGRATION_PENDING
/about,Lip Blushing,CLINIC_INFO,Clinic & Doctor,../output/markdown/clinic__lip-blushing.md,https://www.radianceclinics.com/treatment/non-surgical-facial-enhancements/lip-blushing/,,MEDIUM,P1,yes,Dr. Satyarth Prakash,REVIEW_CONFIRMED_EDITORIAL_MIGRATION_PENDING
/hair-transplant-bhubaneswar,"Top Hair Transplant Methods: Achieve Natural, Long-Lasting Results",TREATMENT,Hair Transplant,../output/markdown/hair__top-hair-transplant-methods-achieve-natural-long-lasting-results.md,https://www.radianceclinics.com/post/top-hair-transplant-methods-achieve-natural-long-lasting-results/,,LOW,P1,possible,Dr. Satyarth Prakash,REVIEW_CONFIRMED_EDITORIAL_MIGRATION_PENDING
/skin-clinic-bhubaneswar,Microdermabrasion,PATIENT_GUIDE,Skin Health,../output/markdown/skin__microdermabrasion-radiance.md,https://www.radianceclinics.com/microdermabrasion-radiance/,,LOW,P1,possible,Dr. Satyarth Prakash,REVIEW_CONFIRMED_EDITORIAL_MIGRATION_PENDING
/skin-clinic-bhubaneswar,Laser Photo Rejuvenation,TREATMENT,Skin Health,../output/markdown/skin__laser-photo-rejuvenation-radiance.md,https://www.radianceclinics.com/laser-photo-rejuvenation-radiance/,,LOW,P1,possible,Dr. Satyarth Prakash,REVIEW_CONFIRMED_EDITORIAL_MIGRATION_PENDING
/skin-clinic-bhubaneswar,Laser Re-Surfacing,TREATMENT,Skin Health,../output/markdown/skin__laser-re-surfacing.md,https://www.radianceclinics.com/laser-re-surfacing/,,MEDIUM,P1,yes,Dr. Satyarth Prakash,REVIEW_CONFIRMED_EDITORIAL_MIGRATION_PENDING
/knowledge,Bio Therapy,TREATMENT,Other,../output/markdown/hair__bio-therapy-treatment.md,https://www.radianceclinics.com/bio-therapy-treatment/,,LOW,P1,possible,Dr. Satyarth Prakash,REVIEW_CONFIRMED_EDITORIAL_MIGRATION_PENDING
/pigmentation-treatment-bhubaneswar,Lip Pigmentation,TREATMENT,Pigmentation,../output/markdown/clinic__lip-pigmentation-2.md,https://www.radianceclinics.com/treatment/bridal-dermatology/lip-pigmentation-2/,,MEDIUM,P1,yes,Dr. Satyarth Prakash,REVIEW_CONFIRMED_EDITORIAL_MIGRATION_PENDING
/laser-hair-removal-bhubaneswar,Laser Hair Reduction,TREATMENT,Laser Hair Reduction,../output/markdown/clinic__laser-hair-reduction.md,https://www.radianceclinics.com/treatment/bridal-dermatology/laser-hair-reduction/,,MEDIUM,P1,yes,Dr. Satyarth Prakash,REVIEW_CONFIRMED_EDITORIAL_MIGRATION_PENDING
/concerns/acne/acne,Acne Check Treatment,TREATMENT,Acne,../output/markdown/clinic__acnecheck-treatment.md,https://www.radianceclinics.com/treatment/bridal-dermatology/acnecheck-treatment/,,MEDIUM,P1,yes,Dr. Satyarth Prakash,REVIEW_CONFIRMED_EDITORIAL_MIGRATION_PENDING
/acne-scar-treatment-bhubaneswar,MNRF For Stretch Marks,TREATMENT,Acne Scars,../output/markdown/clinic__mnrf-stretch-marks.md,https://www.radianceclinics.com/treatment/bridal-dermatology/mnrf-stretch-marks/,,MEDIUM,P1,yes,Dr. Satyarth Prakash,REVIEW_CONFIRMED_EDITORIAL_MIGRATION_PENDING
/skin-clinic-bhubaneswar,Vampire Facial,TREATMENT,Skin Health,../output/markdown/skin__vampirefacial.md,https://www.radianceclinics.com/treatment/bridal-dermatology/vampirefacial/,,MEDIUM,P1,yes,Dr. Satyarth Prakash,REVIEW_CONFIRMED_EDITORIAL_MIGRATION_PENDING
/treatments/aesthetic-dermatology/injectable-aesthetics,Dermal Fillers,TREATMENT,Ageing & Aesthetics,../output/markdown/clinic__dermal-fillers.md,https://www.radianceclinics.com/treatment/bridal-dermatology/dermal-fillers/,,MEDIUM,P1,yes,Dr. Satyarth Prakash,REVIEW_CONFIRMED_EDITORIAL_MIGRATION_PENDING
/skin-clinic-bhubaneswar,Mesofacials,TREATMENT,Skin Health,../output/markdown/skin__mesofacials.md,https://www.radianceclinics.com/treatment/bridal-dermatology/mesofacials/,,LOW,P1,possible,Dr. Satyarth Prakash,REVIEW_CONFIRMED_EDITORIAL_MIGRATION_PENDING
/about,Mesotherapy,CLINIC_INFO,Clinic & Doctor,../output/markdown/clinic__mesotherapy.md,https://www.radianceclinics.com/treatment/pigmentation/mesotherapy/,,MEDIUM,P1,yes,Dr. Satyarth Prakash,REVIEW_CONFIRMED_EDITORIAL_MIGRATION_PENDING
/about,Age Erase,CLINIC_INFO,Clinic & Doctor,../output/markdown/clinic__age-erase.md,https://www.radianceclinics.com/treatment/anti-ageing-therapies/age-erase/,,LOW,P1,possible,Dr. Satyarth Prakash,REVIEW_CONFIRMED_EDITORIAL_MIGRATION_PENDING
/treatments/aesthetic-dermatology/injectable-aesthetics,PRP Facelift,TREATMENT,Hair Loss & Scalp,../output/markdown/clinic__prp-facelift.md,https://www.radianceclinics.com/treatment/anti-ageing-therapies/prp-facelift/,,LOW,P1,possible,Dr. Satyarth Prakash,REVIEW_CONFIRMED_EDITORIAL_MIGRATION_PENDING
/about,Hyaluronic Acid Therapy,CLINIC_INFO,Clinic & Doctor,../output/markdown/clinic__hyaluronic-acid-therapy.md,https://www.radianceclinics.com/treatment/anti-ageing-therapies/hyaluronic-acid-therapy/,,LOW,P1,possible,Dr. Satyarth Prakash,REVIEW_CONFIRMED_EDITORIAL_MIGRATION_PENDING
/about,Tixel,CLINIC_INFO,Clinic & Doctor,../output/markdown/clinic__tixel.md,https://www.radianceclinics.com/treatment/stretch-marks/tixel/,,MEDIUM,P1,yes,Dr. Satyarth Prakash,REVIEW_CONFIRMED_EDITORIAL_MIGRATION_PENDING
/acne-scar-treatment-bhubaneswar,Dermaroller,TREATMENT,Acne Scars,../output/markdown/clinic__dermaroller.md,https://www.radianceclinics.com/treatment/stretch-marks/dermaroller/,,MEDIUM,P1,yes,Dr. Satyarth Prakash,REVIEW_CONFIRMED_EDITORIAL_MIGRATION_PENDING
/knowledge,PRP,TREATMENT,Hair Loss & Scalp,../output/markdown/clinic__prp.md,https://www.radianceclinics.com/treatment/stretch-marks/prp/,,MEDIUM,P1,yes,Dr. Satyarth Prakash,REVIEW_CONFIRMED_EDITORIAL_MIGRATION_PENDING
/skin-clinic-bhubaneswar,Gluta C Shots,TREATMENT,Skin Health,../output/markdown/skin__gluta-c-shots.md,https://www.radianceclinics.com/treatment/premium-services/gluta-c-shots/,,MEDIUM,P1,yes,Dr. Satyarth Prakash,REVIEW_CONFIRMED_EDITORIAL_MIGRATION_PENDING
/skin-clinic-bhubaneswar,Radiance 3D,TREATMENT,Skin Health,../output/markdown/skin__radiance-3d.md,https://www.radianceclinics.com/treatment/premium-services/radiance-3d/,,LOW,P1,possible,Dr. Satyarth Prakash,REVIEW_CONFIRMED_EDITORIAL_MIGRATION_PENDING
/about,Cheek Enhancement,CLINIC_INFO,Clinic & Doctor,../output/markdown/clinic__cheek-enhancement.md,https://www.radianceclinics.com/treatment/non-surgical-facial-enhancements/cheek-enhancement/,,LOW,P1,possible,Dr. Satyarth Prakash,REVIEW_CONFIRMED_EDITORIAL_MIGRATION_PENDING
/about,Root Restore Therapy,CLINIC_INFO,Clinic & Doctor,../output/markdown/clinic__root-restore-therapy.md,https://www.radianceclinics.com/treatment/hairfall/root-restore-therapy/,,LOW,P1,possible,Dr. Satyarth Prakash,REVIEW_CONFIRMED_EDITORIAL_MIGRATION_PENDING
/about,Advanced HGP,CLINIC_INFO,Clinic & Doctor,../output/markdown/clinic__advanced-hgp.md,https://www.radianceclinics.com/treatment/hairfall/advanced-hgp/,,LOW,P1,possible,Dr. Satyarth Prakash,REVIEW_CONFIRMED_EDITORIAL_MIGRATION_PENDING
/about,Mesotherapy,CLINIC_INFO,Clinic & Doctor,../output/markdown/clinic__mesotherapy.md,https://www.radianceclinics.com/treatment/hairfall/mesotherapy/,,LOW,P1,possible,Dr. Satyarth Prakash,REVIEW_CONFIRMED_EDITORIAL_MIGRATION_PENDING
/concerns/acne/acne,Acne,CONCERN,Acne,../output/markdown/clinic__acne.md,https://www.radianceclinics.com/conditions/acne/,,LOW,P1,possible,Dr. Satyarth Prakash,REVIEW_CONFIRMED_EDITORIAL_MIGRATION_PENDING
/knowledge,Scarring Alopecia,CONCERN,Hair Loss & Scalp,../output/markdown/clinic__scarring-alopecia.md,https://www.radianceclinics.com/conditions/hairfall/scarring-alopecia/,,MEDIUM,P1,yes,Dr. Satyarth Prakash,REVIEW_CONFIRMED_EDITORIAL_MIGRATION_PENDING
/skin-clinic-bhubaneswar,Sagging Skin,CONCERN,Skin Health,../output/markdown/clinic__sagging-skin.md,https://www.radianceclinics.com/conditions/antiageing/sagging-skin/,,MEDIUM,P1,yes,Dr. Satyarth Prakash,REVIEW_CONFIRMED_EDITORIAL_MIGRATION_PENDING
/skin-clinic-bhubaneswar,Freckles,CONCERN,Skin Health,../output/markdown/skin__freckles.md,https://www.radianceclinics.com/conditions/freckles/,,MEDIUM,P1,yes,Dr. Satyarth Prakash,REVIEW_CONFIRMED_EDITORIAL_MIGRATION_PENDING
/concerns/other-skin-concerns/rosacea-redness,Rosacea,CONCERN,General Skin Concerns,../output/markdown/skin__rosacea.md,https://www.radianceclinics.com/conditions/rosacea/,,MEDIUM,P1,yes,Dr. Satyarth Prakash,REVIEW_CONFIRMED_EDITORIAL_MIGRATION_PENDING
/pigmentation-treatment-bhubaneswar,Pigmentation Removal,CONCERN,Pigmentation,../output/markdown/skin__pigmentation-removal.md,https://www.radianceclinics.com/conditions/pigmentation-removal/,,MEDIUM,P1,yes,Dr. Satyarth Prakash,REVIEW_CONFIRMED_EDITORIAL_MIGRATION_PENDING
/skin-clinic-bhubaneswar,Micro Blading,TREATMENT,Skin Health,../output/markdown/skin__micro-blading.md,https://www.radianceclinics.com/treatment/non-surgical-facial-enhancements/micro-blading/,,LOW,P1,possible,Dr. Satyarth Prakash,REVIEW_CONFIRMED_EDITORIAL_MIGRATION_PENDING
/concerns/hair-loss-scalp/hair-loss,Hair Loss Treatment,TREATMENT,Hair Loss & Scalp,../output/markdown/hair__hair-loss-treatment.md,https://www.radianceclinics.com/post/hair-loss-treatment/,,MEDIUM,P1,yes,Dr. Satyarth Prakash,REVIEW_CONFIRMED_EDITORIAL_MIGRATION_PENDING
/about,Non-Surgical Hair Replacement,CLINIC_INFO,Clinic & Doctor,../output/markdown/clinic__non-surgical-hair-replacement.md,https://www.radianceclinics.com/post/non-surgical-hair-replacement/,,MEDIUM,P1,yes,Dr. Satyarth Prakash,REVIEW_CONFIRMED_EDITORIAL_MIGRATION_PENDING
/knowledge/%e0%ac%b2%e0%ad%87%e0%ac%9c%e0%ac%b0-%e0%ac%b9%e0%ad%87%e0%ad%9f%e0%ac%be%e0%ac%b0-%e0%ac%b0%e0%ac%bf%e0%ac%ae%e0%ad%81%e0%ac%ad%e0%ac%be%e0%ac%b2%e0%ad%8d-%e0%ac%b0-%e0%ac%89%e0%ac%aa%e0%ac%95,ଲେଜର ହେୟାର ରିମୁଭାଲ୍ ର ଉପକାରିତା,ARTICLE,Skin Health,../output/good-content.json,https://www.radianceclinics.com/post/%e0%ac%b2%e0%ad%87%e0%ac%9c%e0%ac%b0-%e0%ac%b9%e0%ad%87%e0%ad%9f%e0%ac%be%e0%ac%b0-%e0%ac%b0%e0%ac%bf%e0%ac%ae%e0%ad%81%e0%ac%ad%e0%ac%be%e0%ac%b2%e0%ad%8d-%e0%ac%b0-%e0%ac%89%e0%ac%aa%e0%ac%95/,,LOW,P1,possible,Dr. Satyarth Prakash,REVIEW_CONFIRMED_EDITORIAL_MIGRATION_PENDING
/treatments/aesthetic-dermatology/injectable-aesthetics,Invisible Facelift,PATIENT_GUIDE,Ageing & Aesthetics,../output/markdown/clinic__invisible-facelift-at-bhubaneswar.md,https://www.radianceclinics.com/invisible-facelift-at-bhubaneswar/,,LOW,P1,possible,Dr. Satyarth Prakash,REVIEW_CONFIRMED_EDITORIAL_MIGRATION_PENDING
/skin-clinic-bhubaneswar,Permanent Makeup,TREATMENT,Skin Health,../output/markdown/skin__permanentmakeup.md,https://www.radianceclinics.com/treatment/bridal-dermatology/permanentmakeup/,,MEDIUM,P1,yes,Dr. Satyarth Prakash,REVIEW_CONFIRMED_EDITORIAL_MIGRATION_PENDING
/about,HGP For Hair,CLINIC_INFO,Clinic & Doctor,../output/markdown/clinic__hgp-for-hair.md,https://www.radianceclinics.com/treatment/bridal-dermatology/hgp-for-hair/,,LOW,P1,possible,Dr. Satyarth Prakash,REVIEW_CONFIRMED_EDITORIAL_MIGRATION_PENDING
/skin-clinic-bhubaneswar,Power Glow,TREATMENT,Skin Health,../output/markdown/skin__power-glow.md,https://www.radianceclinics.com/treatment/pigmentation/power-glow/,,MEDIUM,P1,yes,Dr. Satyarth Prakash,REVIEW_CONFIRMED_EDITORIAL_MIGRATION_PENDING
/skin-clinic-bhubaneswar,Collagen Induction Therapy,TREATMENT,Skin Health,../output/markdown/skin__collagen-induction-therapy.md,https://www.radianceclinics.com/treatment/anti-ageing-therapies/collagen-induction-therapy/,,LOW,P1,possible,Dr. Satyarth Prakash,REVIEW_CONFIRMED_EDITORIAL_MIGRATION_PENDING
/skin-clinic-bhubaneswar,Thread Lift,TREATMENT,Skin Health,../output/markdown/skin__thread-lift.md,https://www.radianceclinics.com/treatment/anti-ageing-therapies/thread-lift/,,LOW,P1,possible,Dr. Satyarth Prakash,REVIEW_CONFIRMED_EDITORIAL_MIGRATION_PENDING
/skin-clinic-bhubaneswar,Aqua Skin Whitening Shots,TREATMENT,Skin Health,../output/markdown/clinic__aqua-skin-whitening-shots.md,https://www.radianceclinics.com/treatment/premium-services/aqua-skin-whitening-shots/,,MEDIUM,P1,yes,Dr. Satyarth Prakash,REVIEW_CONFIRMED_EDITORIAL_MIGRATION_PENDING
/pigmentation-treatment-bhubaneswar,Lip Pigmentation,TREATMENT,Pigmentation,../output/markdown/skin__lip-pigmentation.md,https://www.radianceclinics.com/treatment/premium-services/lip-pigmentation/,,MEDIUM,P1,yes,Dr. Satyarth Prakash,REVIEW_CONFIRMED_EDITORIAL_MIGRATION_PENDING
/about,Insta-Glam,CLINIC_INFO,Clinic & Doctor,../output/markdown/clinic__insta-glam.md,https://www.radianceclinics.com/treatment/premium-services/insta-glam/,,MEDIUM,P1,yes,Dr. Satyarth Prakash,REVIEW_CONFIRMED_EDITORIAL_MIGRATION_PENDING
/skin-clinic-bhubaneswar,Photofacials,TREATMENT,Skin Health,../output/markdown/skin__photofacials.md,https://www.radianceclinics.com/treatment/premium-services/photofacials/,,LOW,P1,possible,Dr. Satyarth Prakash,REVIEW_CONFIRMED_EDITORIAL_MIGRATION_PENDING
/knowledge,Lip Enhancement,TREATMENT,Ageing & Aesthetics,../output/markdown/clinic__lip-enhancement.md,https://www.radianceclinics.com/treatment/non-surgical-facial-enhancements/lip-enhancement/,,MEDIUM,P1,yes,Dr. Satyarth Prakash,REVIEW_CONFIRMED_EDITORIAL_MIGRATION_PENDING
/concerns/hair-loss-scalp/hair-loss,Hairfall In Women,CONCERN,Hair Loss & Scalp,../output/markdown/hair__hairfall-in-women.md,https://www.radianceclinics.com/conditions/hairfall/hairfall-in-women/,,MEDIUM,P1,yes,Dr. Satyarth Prakash,REVIEW_CONFIRMED_EDITORIAL_MIGRATION_PENDING
/treatments/aesthetic-dermatology/injectable-aesthetics,Wrinkles,CONCERN,Ageing & Aesthetics,../output/markdown/clinic__wrinkle.md,https://www.radianceclinics.com/conditions/antiageing/wrinkle/,,MEDIUM,P1,yes,Dr. Satyarth Prakash,REVIEW_CONFIRMED_EDITORIAL_MIGRATION_PENDING
/skin-clinic-bhubaneswar,Crows Feet,CONCERN,Skin Health,../output/markdown/skin__crows-feet.md,https://www.radianceclinics.com/conditions/antiageing/crows-feet/,,LOW,P1,possible,Dr. Satyarth Prakash,REVIEW_CONFIRMED_EDITORIAL_MIGRATION_PENDING
/pigmentation-treatment-bhubaneswar,Age Spots,CONCERN,Pigmentation,../output/markdown/clinic__age-spot.md,https://www.radianceclinics.com/conditions/antiageing/age-spot/,,LOW,P1,possible,Dr. Satyarth Prakash,REVIEW_CONFIRMED_EDITORIAL_MIGRATION_PENDING
/about,Forehead Lines,CLINIC_INFO,Clinic & Doctor,../output/markdown/clinic__forehead-line.md,https://www.radianceclinics.com/conditions/antiageing/forehead-line/,,LOW,P1,possible,Dr. Satyarth Prakash,REVIEW_CONFIRMED_EDITORIAL_MIGRATION_PENDING
/acne-scar-treatment-bhubaneswar,Acne Scar Removal,CONCERN,Acne Scars,../output/markdown/skin__acne-scar-removal.md,https://www.radianceclinics.com/conditions/acne-scar-removal/,,MEDIUM,P1,yes,Dr. Satyarth Prakash,REVIEW_CONFIRMED_EDITORIAL_MIGRATION_PENDING
/concerns/pigmentation/melasma,Melasma,CONCERN,Pigmentation,../output/markdown/skin__melasma.md,https://www.radianceclinics.com/conditions/melasma/,,MEDIUM,P1,yes,Dr. Satyarth Prakash,REVIEW_CONFIRMED_EDITORIAL_MIGRATION_PENDING
/about,Fungal Infection,CLINIC_INFO,Clinic & Doctor,../output/markdown/clinic__fungal-infection.md,https://www.radianceclinics.com/conditions/fungal-infection/,,LOW,P1,possible,Dr. Satyarth Prakash,REVIEW_CONFIRMED_EDITORIAL_MIGRATION_PENDING
/about,Urticaria,CLINIC_INFO,Clinic & Doctor,../output/markdown/clinic__urticaria.md,https://www.radianceclinics.com/conditions/urticaria/,,MEDIUM,P1,yes,Dr. Satyarth Prakash,REVIEW_CONFIRMED_EDITORIAL_MIGRATION_PENDING
/contact,Contact Dermatitis,CONCERN,Skin Health,../output/markdown/clinic__contact-dermatitis.md,https://www.radianceclinics.com/conditions/contact-dermatitis/,,MEDIUM,P1,yes,Dr. Satyarth Prakash,REVIEW_CONFIRMED_EDITORIAL_MIGRATION_PENDING
/about,Eczema,CLINIC_INFO,Clinic & Doctor,../output/markdown/clinic__eczema.md,https://www.radianceclinics.com/conditions/eczema/,,LOW,P1,possible,Dr. Satyarth Prakash,REVIEW_CONFIRMED_EDITORIAL_MIGRATION_PENDING
/about,Open Pores,CLINIC_INFO,Clinic & Doctor,../output/markdown/clinic__open-pores.md,https://www.radianceclinics.com/conditions/open-pores/,,LOW,P1,possible,Dr. Satyarth Prakash,REVIEW_CONFIRMED_EDITORIAL_MIGRATION_PENDING
/about,Psoriasis,CLINIC_INFO,Clinic & Doctor,../output/markdown/clinic__psoriasis.md,https://www.radianceclinics.com/conditions/psoriasis/,,LOW,P1,possible,Dr. Satyarth Prakash,REVIEW_CONFIRMED_EDITORIAL_MIGRATION_PENDING
/knowledge,Vitiligo,CONCERN,General Skin Concerns,../output/markdown/clinic__vitiligo.md,https://www.radianceclinics.com/conditions/vitiligo/,,MEDIUM,P1,yes,Dr. Satyarth Prakash,REVIEW_CONFIRMED_EDITORIAL_MIGRATION_PENDING
/laser-hair-removal-bhubaneswar,Body Hair,CONCERN,Laser Hair Reduction,../output/markdown/laser__body-hair.md,https://www.radianceclinics.com/conditions/body-hair/,,MEDIUM,P1,yes,Dr. Satyarth Prakash,REVIEW_CONFIRMED_EDITORIAL_MIGRATION_PENDING
/concerns/pigmentation/under-eye-dark-circles,Dark Circles,CONCERN,Pigmentation,../output/markdown/clinic__dark-circles.md,https://www.radianceclinics.com/conditions/dark-circles/,,MEDIUM,P1,yes,Dr. Satyarth Prakash,REVIEW_CONFIRMED_EDITORIAL_MIGRATION_PENDING
/about,Ingrowing Toe Nails,CLINIC_INFO,Clinic & Doctor,../output/markdown/clinic__ingrowing-toe-nails.md,https://www.radianceclinics.com/conditions/ingrowing-toe-nails/,,MEDIUM,P1,yes,Dr. Satyarth Prakash,REVIEW_CONFIRMED_EDITORIAL_MIGRATION_PENDING
/hair-transplant-bhubaneswar,HAIR TRANSPLANTS: WHAT TO EXPECT?,TREATMENT,Hair Transplant,../output/markdown/hair__hair-transplants-what-to-expect.md,https://www.radianceclinics.com/post/hair-transplants-what-to-expect/,,MEDIUM,P1,yes,Dr. Satyarth Prakash,REVIEW_CONFIRMED_EDITORIAL_MIGRATION_PENDING
/knowledge,ଅନଲାଇନ୍ ଚର୍ମରୋଗ ବିଶେଷଜ୍ଞଙ୍କ ଉପକାରିତା,ARTICLE,Other,../output/good-content.json,https://www.radianceclinics.com/post/%e0%ac%85%e0%ac%a8%e0%ac%b2%e0%ac%be%e0%ac%87%e0%ac%a8%e0%ad%8d-%e0%ac%9a%e0%ac%b0%e0%ad%8d%e0%ac%ae%e0%ac%b0%e0%ad%8b%e0%ac%97-%e0%ac%ac%e0%ac%bf%e0%ac%b6%e0%ad%87%e0%ac%b7%e0%ac%9c%e0%ad%8d%e0%ac%9e/,,LOW,P1,possible,Dr. Satyarth Prakash,REVIEW_CONFIRMED_EDITORIAL_MIGRATION_PENDING
/hair-transplant-bhubaneswar,Bio Hair Transplant,TREATMENT,Hair Transplant,../output/markdown/hair__bio-hair-transplant.md,https://www.radianceclinics.com/bio-hair-transplant/,,LOW,P2,possible,Dr. Satyarth Prakash,REVIEW_CONFIRMED_EDITORIAL_MIGRATION_PENDING
/about,Beard Shaping,CLINIC_INFO,Clinic & Doctor,../output/markdown/clinic__beardshaping.md,https://www.radianceclinics.com/treatment/bridal-dermatology/beardshaping/,,LOW,P2,possible,Dr. Satyarth Prakash,REVIEW_CONFIRMED_EDITORIAL_MIGRATION_PENDING
/treatments/aesthetic-dermatology/injectable-aesthetics,Filler,TREATMENT,Ageing & Aesthetics,../output/markdown/aesthetic__filler.md,https://www.radianceclinics.com/treatment/anti-ageing-therapies/filler/,,MEDIUM,P2,yes,Dr. Satyarth Prakash,REVIEW_CONFIRMED_EDITORIAL_MIGRATION_PENDING
/about,IV Infusions,CLINIC_INFO,Clinic & Doctor,../output/markdown/clinic__iv-infusions.md,https://www.radianceclinics.com/treatment/premium-services/iv-infusions/,,LOW,P2,possible,Dr. Satyarth Prakash,REVIEW_CONFIRMED_EDITORIAL_MIGRATION_PENDING
/about,Nose Enhancement,CLINIC_INFO,Clinic & Doctor,../output/markdown/clinic__nose-enhancement.md,https://www.radianceclinics.com/treatment/non-surgical-facial-enhancements/nose-enhancement/,,LOW,P2,possible,Dr. Satyarth Prakash,REVIEW_CONFIRMED_EDITORIAL_MIGRATION_PENDING
/knowledge,Premature Greying,CONCERN,Hair Loss & Scalp,../output/markdown/clinic__premature-grey.md,https://www.radianceclinics.com/conditions/hairfall/premature-grey/,,LOW,P2,possible,Dr. Satyarth Prakash,REVIEW_CONFIRMED_EDITORIAL_MIGRATION_PENDING
/concerns/hair-loss-scalp/alopecia-areata,Alopecia Areata,CONCERN,Hair Loss & Scalp,../output/markdown/clinic__alopecia-areata.md,https://www.radianceclinics.com/conditions/hairfall/alopecia-areata/,,MEDIUM,P2,yes,Dr. Satyarth Prakash,REVIEW_CONFIRMED_EDITORIAL_MIGRATION_PENDING
/skin-clinic-bhubaneswar,Skin Growth,CONCERN,Skin Health,../output/markdown/clinic__skin-growth.md,https://www.radianceclinics.com/conditions/skin-growth/,,MEDIUM,P2,yes,Dr. Satyarth Prakash,REVIEW_CONFIRMED_EDITORIAL_MIGRATION_PENDING
/skin-clinic-bhubaneswar,Atopic Dermatitis,CONCERN,Skin Health,../output/markdown/clinic__atopic-dermatitis.md,https://www.radianceclinics.com/conditions/atopic-dermatitis/,,LOW,P2,possible,Dr. Satyarth Prakash,REVIEW_CONFIRMED_EDITORIAL_MIGRATION_PENDING
/concerns/hair-loss-scalp/dandruff,Sebottheic Dermatitis,CONCERN,Skin Health,../output/markdown/clinic__seborrheic-dermatitis.md,https://www.radianceclinics.com/conditions/seborrheic-dermatitis/,,MEDIUM,P2,yes,Dr. Satyarth Prakash,REVIEW_CONFIRMED_EDITORIAL_MIGRATION_PENDING
/concerns/scars-stretch-marks/stretch-marks,Stretch Marks Removal,CONCERN,Scars & Stretch Marks,../output/markdown/clinic__stretch-marks-removal.md,https://www.radianceclinics.com/conditions/stretch-marks-removal/,,MEDIUM,P2,yes,Dr. Satyarth Prakash,REVIEW_CONFIRMED_EDITORIAL_MIGRATION_PENDING
/about,Pseudo Acanthosis Nigricans,CLINIC_INFO,Clinic & Doctor,../output/markdown/clinic__pseudo-acanthosis-nigricans.md,https://www.radianceclinics.com/conditions/pseudo-acanthosis-nigricans/,,LOW,P2,possible,Dr. Satyarth Prakash,REVIEW_CONFIRMED_EDITORIAL_MIGRATION_PENDING
/about,Pioneering Proficiency: Satyartha Prakash Excels in Advanced Dermatology Fellowship at Dubai Derma,ARTICLE,Skin Health,../output/markdown/clinic__pioneering-proficiency-satyartha-prakash-excels-in-advanced-dermatology-fellowship-at-dubai-derma.md,https://www.radianceclinics.com/post/pioneering-proficiency-satyartha-prakash-excels-in-advanced-dermatology-fellowship-at-dubai-derma/,,LOW,P2,possible,Dr. Satyarth Prakash,REVIEW_CONFIRMED_EDITORIAL_MIGRATION_PENDING
/concerns/hair-loss-scalp/hair-loss,Causes Of Hair-Loss,CONCERN,Hair Loss & Scalp,../output/markdown/hair__hair-loss-causes.md,https://www.radianceclinics.com/hair-loss-causes/,,MEDIUM,P2,yes,Dr. Satyarth Prakash,REVIEW_CONFIRMED_EDITORIAL_MIGRATION_PENDING
/skin-clinic-bhubaneswar,4D Photofacial,TREATMENT,Skin Health,../output/markdown/clinic__4d-photofacial.md,https://www.radianceclinics.com/treatment/premium-services/4d-photofacial/,,LOW,P2,possible,Dr. Satyarth Prakash,REVIEW_CONFIRMED_EDITORIAL_MIGRATION_PENDING
/concerns/acne/acne,Acne Erase,TREATMENT,Acne,../output/markdown/skin__acne-erase.md,https://www.radianceclinics.com/treatment/acne-treatment/acne-erase/,,LOW,P2,possible,Dr. Satyarth Prakash,REVIEW_CONFIRMED_EDITORIAL_MIGRATION_PENDING
/skin-clinic-bhubaneswar,Diamond Polishing,TREATMENT,Skin Health,../output/markdown/skin__diamond-polishing.md,https://www.radianceclinics.com/treatment/acne-treatment/diamond-polishing/,,MEDIUM,P2,yes,Dr. Satyarth Prakash,REVIEW_CONFIRMED_EDITORIAL_MIGRATION_PENDING
/concerns/hair-loss-scalp/hair-loss,Hairfall In Men,CONCERN,Hair Loss & Scalp,../output/markdown/clinic__hairfall-in-men.md,https://www.radianceclinics.com/conditions/hairfall/hairfall-in-men/,,MEDIUM,P2,yes,Dr. Satyarth Prakash,REVIEW_CONFIRMED_EDITORIAL_MIGRATION_PENDING
/concerns/hair-loss-scalp/dandruff,Dandruff,CONCERN,Hair Loss & Scalp,../output/markdown/clinic__dandruffs.md,https://www.radianceclinics.com/conditions/hairfall/dandruffs/,,MEDIUM,P2,yes,Dr. Satyarth Prakash,REVIEW_CONFIRMED_EDITORIAL_MIGRATION_PENDING
/skin-clinic-bhubaneswar,Laser Tattoo Removal,TREATMENT,Skin Health,../output/markdown/laser__laser-tattoo-removal.md,https://www.radianceclinics.com/conditions/laser-tattoo-removal/,,LOW,P2,possible,Dr. Satyarth Prakash,REVIEW_CONFIRMED_EDITORIAL_MIGRATION_PENDING
/skin-clinic-bhubaneswar,Photo Facial,TREATMENT,Skin Health,../output/markdown/skin__photofacial.md,https://www.radianceclinics.com/treatment/bridal-dermatology/photofacial/,,MEDIUM,P2,yes,Dr. Satyarth Prakash,REVIEW_CONFIRMED_EDITORIAL_MIGRATION_PENDING
/skin-clinic-bhubaneswar,Peels,TREATMENT,Skin Health,../output/markdown/skin__peels.md,https://www.radianceclinics.com/treatment/premium-services/peels/,,LOW,P2,possible,Dr. Satyarth Prakash,REVIEW_CONFIRMED_EDITORIAL_MIGRATION_PENDING
/concerns/acne/acne,Acne Check Peel,TREATMENT,Acne,../output/markdown/skin__acne-check-peel.md,https://www.radianceclinics.com/treatment/acne-treatment/acne-check-peel/,,LOW,P2,possible,Dr. Satyarth Prakash,REVIEW_CONFIRMED_EDITORIAL_MIGRATION_PENDING
/about,Spider Veins,CLINIC_INFO,Clinic & Doctor,../output/markdown/clinic__spider-veins.md,https://www.radianceclinics.com/conditions/spider-veins/,,LOW,P2,possible,Dr. Satyarth Prakash,REVIEW_CONFIRMED_EDITORIAL_MIGRATION_PENDING
/treatments/aesthetic-dermatology/injectable-aesthetics,Botox,TREATMENT,Ageing & Aesthetics,../output/markdown/skin__botox-treatment.md,https://www.radianceclinics.com/botox-treatment/,,MEDIUM,P2,yes,Dr. Satyarth Prakash,REVIEW_CONFIRMED_EDITORIAL_MIGRATION_PENDING
/about,Hydra Revive,CLINIC_INFO,Clinic & Doctor,../output/markdown/clinic__hydra-revive.md,https://www.radianceclinics.com/treatment/premium-services/hydra-revive/,,LOW,P2,possible,Dr. Satyarth Prakash,REVIEW_CONFIRMED_EDITORIAL_MIGRATION_PENDING
/concerns/scars-stretch-marks/raised-scars-keloids,Keloid,CONCERN,Scars & Stretch Marks,../output/maybe-content.json,https://www.radianceclinics.com/conditions/keloid/,,MEDIUM,P2,yes,Dr. Satyarth Prakash,REVIEW_CONFIRMED_EDITORIAL_MIGRATION_PENDING
/skin-clinic-bhubaneswar,Tattoo Removal,PATIENT_GUIDE,Skin Health,../output/maybe-content.json,https://www.radianceclinics.com/tattoo-removal-radiance/,,LOW,P2,possible,Dr. Satyarth Prakash,REVIEW_CONFIRMED_EDITORIAL_MIGRATION_PENDING
/treatments/aesthetic-dermatology/injectable-aesthetics,What Are the Latest Trends in Filler Treatment?,DOCTOR_ANSWER_CANDIDATE,Ageing & Aesthetics,../output/maybe-content.json,https://www.radianceclinics.com/post/what-are-the-latest-trends-in-filler-treatment/,,MEDIUM,P2,yes,Dr. Satyarth Prakash,REVIEW_CONFIRMED_EDITORIAL_MIGRATION_PENDING
/about,Privacy Policy,CLINIC_INFO,Clinic & Doctor,../output/maybe-content.json,https://www.radianceclinics.com/privacy-policy/,,LOW,P2,possible,Dr. Satyarth Prakash,REVIEW_CONFIRMED_EDITORIAL_MIGRATION_PENDING
/concerns/hair-loss-scalp/hair-loss,Common Hair Loss Myths That Might Be Holding You Back,CONCERN,Hair Loss & Scalp,../output/rejected-content.json,https://www.radianceclinics.com/post/common-hair-loss-myths-that-might-be-holding-you-back/,,MEDIUM,P2,yes,Dr. Satyarth Prakash,ARCHIVED_SOURCE
/about,Deep Folds,CLINIC_INFO,Clinic & Doctor,../output/rejected-content.json,https://www.radianceclinics.com/conditions/antiageing/deep-fold/,,LOW,P2,possible,Dr. Satyarth Prakash,ARCHIVED_SOURCE
/contact,Contact Us,CLINIC_INFO,Clinic & Doctor,../output/rejected-content.json,https://www.radianceclinics.com/contact-us/,,LOW,P2,possible,Dr. Satyarth Prakash,ARCHIVED_SOURCE
/about,Hair,CLINIC_INFO,Clinic & Doctor,../output/rejected-content.json,https://www.radianceclinics.com/hair/,,LOW,P2,possible,Dr. Satyarth Prakash,ARCHIVED_SOURCE
/knowledge,Locations,PATIENT_GUIDE,Other,../output/rejected-content.json,https://www.radianceclinics.com/locations/,,LOW,P2,possible,Dr. Satyarth Prakash,ARCHIVED_SOURCE
/about,BOOK A CALL BACK NOW,CLINIC_INFO,Clinic & Doctor,../output/rejected-content.json,https://www.radianceclinics.com/book-online-radiance-clinics-bhuabaneswar/,,LOW,P2,possible,Dr. Satyarth Prakash,ARCHIVED_SOURCE
/knowledge,Virtual Tour,PATIENT_GUIDE,Other,../output/rejected-content.json,https://www.radianceclinics.com/virtual-tour/,,LOW,P2,possible,Dr. Satyarth Prakash,ARCHIVED_SOURCE
/about,Media,DOCTOR_INFO,Clinic & Doctor,../output/rejected-content.json,https://www.radianceclinics.com/media-press-release/,,LOW,P2,possible,Dr. Satyarth Prakash,ARCHIVED_SOURCE
/knowledge,Thank You,PATIENT_GUIDE,Other,../output/rejected-content.json,https://www.radianceclinics.com/thank-you/,,LOW,P2,possible,Dr. Satyarth Prakash,ARCHIVED_SOURCE
