old_url,old_title,old_topic,old_content_length,new_equivalent,current_http_status,redirect_exists,current_indexed_url,gsc_old_impressions_if_available,gsc_current_impressions,migration_action,priority
https://www.radianceclinics.com/post/what-is-gfc-treatment-and-how-does-it-help-in-hair-regrowth,What Is GFC Treatment And How Does It Help In Hair Regrowth,Hair Loss & Scalp,609,https://www.radianceclinics.com/knowledge/prp-gfc-hair-restoration-guide,not-live-checked,yes,https://www.radianceclinics.com/knowledge/prp-gfc-hair-restoration-guide,2313,40,REDIRECT,P0
https://www.radianceclinics.com/post/what-to-expect-during-your-first-visit-to-a-skin-care-doctor,What to Expect During Your First Visit to a Skin Care Doctor,Skin Health,391,https://www.radianceclinics.com/skin-clinic-bhubaneswar,GSC_404_EXPORT,yes,https://www.radianceclinics.com/skin-clinic-bhubaneswar,1958,1847,REDIRECT,P0
https://www.radianceclinics.com/post/the-key-to-lasting-smoothness-unlock-laser-hair-removal,The Key to Lasting Smoothness: Unlock Laser Hair Removal,Laser Hair Reduction,454,https://www.radianceclinics.com/laser-hair-removal-bhubaneswar,GSC_404_EXPORT,yes,https://www.radianceclinics.com/laser-hair-removal-bhubaneswar,1875,391,REDIRECT,P0
https://www.radianceclinics.com/skin-care-treatments,Skin Care Treatments,Skin Health,601,https://www.radianceclinics.com/skin-clinic-bhubaneswar,not-live-checked,yes,https://www.radianceclinics.com/skin-clinic-bhubaneswar,1578,1847,REDIRECT,P0
https://www.radianceclinics.com/dermatology-clinic-in-bhubaneswar,Dermatology Clinic in Bhubaneswar,Skin Health,513,https://www.radianceclinics.com/skin-clinic-bhubaneswar,not-live-checked,yes,https://www.radianceclinics.com/skin-clinic-bhubaneswar,1278,1847,REDIRECT,P0
https://www.radianceclinics.com/hair-transplant-in-kolkata,Hair Transplant in Kolkata,Hair Transplant,445,https://www.radianceclinics.com/hair-transplant-bhubaneswar,GSC_404_EXPORT,yes,https://www.radianceclinics.com/hair-transplant-bhubaneswar,927,495,REDIRECT,P0
https://www.radianceclinics.com/hair-loss-treatments,Hair Loss Treatments,Hair Loss & Scalp,533,https://www.radianceclinics.com/hair-loss-clinic-bhubaneswar,not-live-checked,yes,,756,0,REDIRECT,P0
https://www.radianceclinics.com/hair-transplant-in-berhampur,Hair Transplant in Berhampur,Hair Transplant,451,https://www.radianceclinics.com/hair-transplant-berhampur,not-live-checked,yes,,683,0,REDIRECT,P0
https://www.radianceclinics.com/hair-patch,Hair Patch and Hair Wig,Other,510,,GSC_404_EXPORT,no,,625,0,VERIFY_SERVICE,P0
https://www.radianceclinics.com/laser-hair-removal-radiance,Laser Hair Removal,Laser Hair Reduction,610,https://www.radianceclinics.com/laser-hair-removal-bhubaneswar,not-live-checked,yes,https://www.radianceclinics.com/laser-hair-removal-bhubaneswar,560,391,REDIRECT,P0
https://www.radianceclinics.com/post/how-many-prp-sessions-are-needed-for-visible-hair-growth,How Many PRP Sessions Are Needed for Visible Hair Growth,Hair Loss & Scalp,433,https://www.radianceclinics.com/treatments/hair-restoration/prp-gfc-scalp-therapy,GSC_404_EXPORT,yes,https://www.radianceclinics.com/treatments/hair-restoration/prp-gfc-scalp-therapy,537,216,REDIRECT,P0
https://www.radianceclinics.com/post/why-radiance-skin-and-hair-clinic-is-the-ideal-choice-for-hair-loss-treatment,Why Radiance Skin and Hair Clinic is the Ideal Choice for Hair Loss Treatment,Hair Loss & Scalp,452,https://www.radianceclinics.com/hair-loss-clinic-bhubaneswar,GSC_404_EXPORT,yes,,440,0,REDIRECT,P0
https://www.radianceclinics.com/post/why-do-some-people-regret-getting-a-hair-transplant-too-early,Why Do Some People Regret Getting a Hair Transplant Too Early,Hair Transplant,542,https://www.radianceclinics.com/hair-transplant-bhubaneswar,GSC_404_EXPORT,yes,https://www.radianceclinics.com/hair-transplant-bhubaneswar,419,495,REDIRECT,P0
https://www.radianceclinics.com/body-piercing,Body Piercing,Clinic & Doctor,413,https://www.radianceclinics.com/about,GSC_404_EXPORT,no,https://www.radianceclinics.com/about,367,104,VERIFY_SERVICE,P0
https://www.radianceclinics.com/contact-us,Contact Us,Clinic & Doctor,75,https://www.radianceclinics.com/contact,not-live-checked,yes,https://www.radianceclinics.com/contact,348,655,REDIRECT,P0
https://www.radianceclinics.com/hair-transplant-in-sambalpur,Hair transplant in Sambalpur,Hair Transplant,412,https://www.radianceclinics.com/hair-transplant-sambalpur,not-live-checked,yes,,329,0,REDIRECT,P0
https://www.radianceclinics.com/hair-transplant-in-cuttack,Hair Transplant in Cuttack,Hair Transplant,501,https://www.radianceclinics.com/hair-transplant-cuttack,not-live-checked,yes,,324,0,REDIRECT,P0
https://www.radianceclinics.com/hair-transplantation,Hair Transplant,Hair Transplant,619,https://www.radianceclinics.com/hair-transplant-bhubaneswar,not-live-checked,yes,https://www.radianceclinics.com/hair-transplant-bhubaneswar,317,495,REDIRECT,P0
https://www.radianceclinics.com/treatment/hairfall/prp,PRP,Hair Loss & Scalp,493,https://www.radianceclinics.com/treatments/hair-restoration/prp-gfc-scalp-therapy,not-live-checked,yes,https://www.radianceclinics.com/treatments/hair-restoration/prp-gfc-scalp-therapy,305,216,REDIRECT,P0
https://www.radianceclinics.com/hair-wig,Hair Wig,Other,559,,GSC_404_EXPORT,no,,303,0,VERIFY_SERVICE,P0
https://www.radianceclinics.com/book-online-radiance-clinics-bhuabaneswar,BOOK A CALL BACK NOW,Clinic & Doctor,47,https://www.radianceclinics.com/contact,GSC_404_EXPORT,yes,https://www.radianceclinics.com/contact,295,655,REDIRECT,P0
https://www.radianceclinics.com/tattoo-removal-radiance,Tattoo Removal,Skin Health,143,https://www.radianceclinics.com/skin-clinic-bhubaneswar,GSC_404_EXPORT,no,https://www.radianceclinics.com/skin-clinic-bhubaneswar,260,1847,VERIFY_SERVICE,P0
https://www.radianceclinics.com/mole-wart-removal,Mole & Wart Removal,General Skin Concerns,565,https://www.radianceclinics.com/wart-removal-bhubaneswar,not-live-checked,yes,,251,0,REDIRECT,P0
https://www.radianceclinics.com/treatment/premium-services/lip-pigmentation,Lip Pigmentation,Pigmentation,176,https://www.radianceclinics.com/pigmentation-treatment-bhubaneswar,GSC_404_EXPORT,no,https://www.radianceclinics.com/pigmentation-treatment-bhubaneswar,250,39,VERIFY_SERVICE,P0
https://www.radianceclinics.com/hair-transplant-in-balasore,Hair Transplant in Balasore,Hair Transplant,540,https://www.radianceclinics.com/hair-transplant-bhubaneswar,GSC_404_EXPORT,yes,https://www.radianceclinics.com/hair-transplant-bhubaneswar,244,495,REDIRECT,P0
https://www.radianceclinics.com/post/acne-check-peel-your-comprehensive-guide-to-clearer-skin,Acne Check Peel: Your Comprehensive Guide to Clearer Skin,Acne,460,https://www.radianceclinics.com/acne-treatment-bhubaneswar,GSC_404_EXPORT,yes,,242,0,REDIRECT,P0
https://www.radianceclinics.com/treatment/non-surgical-facial-enhancements/micro-blading,Micro Blading,Skin Health,302,https://www.radianceclinics.com/skin-clinic-bhubaneswar,GSC_404_EXPORT,no,https://www.radianceclinics.com/skin-clinic-bhubaneswar,233,1847,VERIFY_SERVICE,P0
https://www.radianceclinics.com/weight-loss-radiance,Weight Loss Management,Clinic & Doctor,525,https://www.radianceclinics.com/about,GSC_404_EXPORT,no,https://www.radianceclinics.com/about,227,104,REVIEW_EQUIVALENCE,P0
https://www.radianceclinics.com/hair-transplant-in-angul,Hair Transplant in Angul,Hair Transplant,515,https://www.radianceclinics.com/hair-transplant-bhubaneswar,GSC_404_EXPORT,yes,https://www.radianceclinics.com/hair-transplant-bhubaneswar,227,495,REDIRECT,P0
https://www.radianceclinics.com/laser-re-surfacing,Laser Re-Surfacing,Skin Health,384,https://www.radianceclinics.com/skin-clinic-bhubaneswar,GSC_404_EXPORT,no,https://www.radianceclinics.com/skin-clinic-bhubaneswar,222,1847,REVIEW_EQUIVALENCE,P0
https://www.radianceclinics.com/post/laser-vs-waxing-which-hair-removal-method-is-right-for-you,Laser vs. Waxing: Which Hair Removal Method is Right for You?,Laser Hair Reduction,604,https://www.radianceclinics.com/laser-hair-removal-bhubaneswar,GSC_404_EXPORT,yes,https://www.radianceclinics.com/laser-hair-removal-bhubaneswar,210,391,REDIRECT,P0
https://www.radianceclinics.com/about-us,About Us,Clinic & Doctor,623,https://www.radianceclinics.com/about,not-live-checked,yes,https://www.radianceclinics.com/about,208,104,REDIRECT,P0
https://www.radianceclinics.com/post/where-can-i-get-painless-wart-removal-treatment,Where can I Get Painless Wart Removal Treatment,General Skin Concerns,595,https://www.radianceclinics.com/wart-removal-bhubaneswar,GSC_404_EXPORT,yes,,201,0,REDIRECT,P0
https://www.radianceclinics.com/post/how-long-do-ombre-powder-eyebrows-last,How Long Do Ombre Powder Eyebrows Last?,Clinic & Doctor,554,https://www.radianceclinics.com/about,GSC_404_EXPORT,no,https://www.radianceclinics.com/about,200,104,REVIEW_EQUIVALENCE,P0
https://www.radianceclinics.com/post/hair-treatment-doctor-near-me,Hair Treatment Doctor Near Me,Other,308,,GSC_404_EXPORT,no,,199,0,REBUILD_OR_ARCHIVE,P0
https://www.radianceclinics.com/treatment/unwanted-hair/aft-laser,AFT Laser,Skin Health,164,https://www.radianceclinics.com/skin-clinic-bhubaneswar,not-live-checked,no,https://www.radianceclinics.com/skin-clinic-bhubaneswar,193,1847,REVIEW_EQUIVALENCE,P0
https://www.radianceclinics.com/post/what-makes-bio-hair-transplant-different-from-traditional-methods,What Makes Bio Hair Transplant Different from Traditional Methods,Hair Transplant,481,https://www.radianceclinics.com/hair-transplant-bhubaneswar,GSC_404_EXPORT,no,https://www.radianceclinics.com/hair-transplant-bhubaneswar,171,495,REVIEW_EQUIVALENCE,P0
https://www.radianceclinics.com/post/decoding-the-cost-of-chemical-peels-in-odisha-understanding-the-factors-behind-pricing,Decoding the Cost of Chemical Peels in Odisha: Understanding the Factors Behind Pricing,Pigmentation,504,https://www.radianceclinics.com/pigmentation-treatment-bhubaneswar,GSC_404_EXPORT,no,https://www.radianceclinics.com/pigmentation-treatment-bhubaneswar,170,39,REVIEW_EQUIVALENCE,P0
https://www.radianceclinics.com/skin-brightening-solutions-radiance,Skin Brightening Solutions,Pigmentation,415,https://www.radianceclinics.com/pigmentation-treatment-bhubaneswar,GSC_404_EXPORT,no,https://www.radianceclinics.com/pigmentation-treatment-bhubaneswar,166,39,REVIEW_EQUIVALENCE,P0
https://www.radianceclinics.com/post/things-to-avoid-if-you-have-acne-prone-skin,Things to Avoid if you have Acne-prone Skin,Acne,458,https://www.radianceclinics.com/acne-treatment-bhubaneswar,GSC_404_EXPORT,yes,,162,0,REDIRECT,P0
https://www.radianceclinics.com/treatment/premium-services/hydra-facial,Hydra Facial,Skin Health,154,https://www.radianceclinics.com/skin-clinic-bhubaneswar,GSC_404_EXPORT,no,https://www.radianceclinics.com/skin-clinic-bhubaneswar,161,1847,REVIEW_EQUIVALENCE,P0
https://www.radianceclinics.com/treatment/hairfall/gfc,GFC,Hair Loss & Scalp,446,https://www.radianceclinics.com/treatments/hair-restoration/prp-gfc-scalp-therapy,not-live-checked,yes,https://www.radianceclinics.com/treatments/hair-restoration/prp-gfc-scalp-therapy,155,216,REDIRECT,P0
https://www.radianceclinics.com/post/how-hair-shapes-self-image-and-personal-confidence,How Hair Shapes Self Image and Personal Confidence,Clinic & Doctor,655,https://www.radianceclinics.com/about,GSC_404_EXPORT,no,https://www.radianceclinics.com/about,150,104,REVIEW_EQUIVALENCE,P0
https://www.radianceclinics.com/treatment/non-surgical-facial-enhancements/lip-blushing,Lip Blushing,Clinic & Doctor,309,https://www.radianceclinics.com/about,GSC_404_EXPORT,no,https://www.radianceclinics.com/about,146,104,REVIEW_EQUIVALENCE,P0
https://www.radianceclinics.com/post/how-long-does-it-take-to-see-results-after-a-hair-transplant,How Long Does It Take to See Results After a Hair Transplant,Hair Transplant,530,https://www.radianceclinics.com/hair-transplant-bhubaneswar,GSC_404_EXPORT,yes,https://www.radianceclinics.com/hair-transplant-bhubaneswar,134,495,REDIRECT,P0
https://www.radianceclinics.com/hair-transplant-in-baripada,Hair Transplant in Baripada,Hair Transplant,372,https://www.radianceclinics.com/hair-transplant-baripada,not-live-checked,yes,,131,0,REDIRECT,P0
https://www.radianceclinics.com/conditions/antiageing/neck-line,Neck Lines,Clinic & Doctor,225,https://www.radianceclinics.com/about,GSC_404_EXPORT,no,https://www.radianceclinics.com/about,126,104,REVIEW_EQUIVALENCE,P0
https://www.radianceclinics.com/hair-transplant-in-rourkela,Hair transplant in Rourkela,Hair Transplant,430,https://www.radianceclinics.com/hair-transplant-rourkela,not-live-checked,yes,,125,0,REDIRECT,P0
https://www.radianceclinics.com/hair-transplant-in-puri,Hair Transplant in Puri,Hair Transplant,418,https://www.radianceclinics.com/hair-transplant-puri,not-live-checked,yes,,124,0,REDIRECT,P0
https://www.radianceclinics.com/conditions/hairfall/scarring-alopecia,Scarring Alopecia,Hair Loss & Scalp,186,,GSC_404_EXPORT,no,,118,0,REBUILD_OR_ARCHIVE,P0
https://www.radianceclinics.com/ear-piercing,Ear Piercing,Clinic & Doctor,402,https://www.radianceclinics.com/about,GSC_404_EXPORT,no,https://www.radianceclinics.com/about,115,104,VERIFY_SERVICE,P0
https://www.radianceclinics.com/treatment/bridal-dermatology/under-eye-rejuvenation,Under Eye Rejuvenation,Clinic & Doctor,172,https://www.radianceclinics.com/concerns/pigmentation/under-eye-dark-circles,GSC_404_EXPORT,no,,109,0,REVIEW_EQUIVALENCE,P0
https://www.radianceclinics.com/alopecia-treatment,Alopecia Treatment,Hair Loss & Scalp,416,,GSC_404_EXPORT,no,,107,0,REBUILD_OR_ARCHIVE,P0
https://www.radianceclinics.com/conditions/open-pores,Open Pores,Clinic & Doctor,209,https://www.radianceclinics.com/about,GSC_404_EXPORT,no,https://www.radianceclinics.com/about,105,104,REVIEW_EQUIVALENCE,P0
https://www.radianceclinics.com/split-ear-repair,Split Ear Repair,Scars & Stretch Marks,414,,GSC_404_EXPORT,no,,101,0,VERIFY_SERVICE,P0
https://www.radianceclinics.com/post/can-laser-hair-removal-permanently-remove-hair,Can Laser Hair Removal Permanently Remove Hair?,Laser Hair Reduction,506,https://www.radianceclinics.com/laser-hair-removal-bhubaneswar,GSC_404_EXPORT,yes,https://www.radianceclinics.com/laser-hair-removal-bhubaneswar,101,391,REDIRECT,P0
https://www.radianceclinics.com/conditions/pseudo-acanthosis-nigricans,Pseudo Acanthosis Nigricans,Clinic & Doctor,177,https://www.radianceclinics.com/about,GSC_404_EXPORT,no,https://www.radianceclinics.com/about,100,104,REVIEW_EQUIVALENCE,P0
https://www.radianceclinics.com/fillers,Fillers,Ageing & Aesthetics,378,https://www.radianceclinics.com/treatments/aesthetic-dermatology/injectable-aesthetics,not-live-checked,yes,https://www.radianceclinics.com/treatments/aesthetic-dermatology/injectable-aesthetics,98,98,REDIRECT,P0
https://www.radianceclinics.com/post/which-is-better-synthetic-or-natural-hair-wigs,Which Is Better: Synthetic Or Natural Hair Wigs,Clinic & Doctor,626,https://www.radianceclinics.com/about,GSC_404_EXPORT,no,https://www.radianceclinics.com/about,97,104,REVIEW_EQUIVALENCE,P0
https://www.radianceclinics.com/conditions/antiageing/forehead-line,Forehead Lines,Clinic & Doctor,208,https://www.radianceclinics.com/about,GSC_404_EXPORT,no,https://www.radianceclinics.com/about,95,104,REVIEW_EQUIVALENCE,P0
https://www.radianceclinics.com/post/a-complete-guide-to-know-about-botox-treatment,A Complete Guide to Know About Botox Treatment in Bhubaneswar,Ageing & Aesthetics,536,https://www.radianceclinics.com/treatments/aesthetic-dermatology/injectable-aesthetics,not-live-checked,yes,https://www.radianceclinics.com/treatments/aesthetic-dermatology/injectable-aesthetics,94,98,REDIRECT,P0
https://www.radianceclinics.com/post/can-you-reverse-signs-of-ageing-with-anti-ageing-treatment,Can You Reverse Signs of Ageing with Anti Ageing Treatment,Clinic & Doctor,694,https://www.radianceclinics.com/about,GSC_404_EXPORT,no,https://www.radianceclinics.com/about,90,104,REVIEW_EQUIVALENCE,P0
https://www.radianceclinics.com/post/the-best-acne-scar-treatments-to-boost-your-confidence,The Best Acne Scar Treatments to Boost Your Confidence,Acne Scars,487,https://www.radianceclinics.com/acne-scar-treatment-bhubaneswar,not-live-checked,no,https://www.radianceclinics.com/acne-scar-treatment-bhubaneswar,89,35,REVIEW_EQUIVALENCE,P0
https://www.radianceclinics.com/post/fillers-treatment-at-radiance-skin-and-hair-clinics-in-bhubaneswar,Fillers Treatment at Radiance Skin and Hair Clinics in Bhubaneswar,Ageing & Aesthetics,438,https://www.radianceclinics.com/treatments/aesthetic-dermatology/injectable-aesthetics,not-live-checked,no,https://www.radianceclinics.com/treatments/aesthetic-dermatology/injectable-aesthetics,89,98,REVIEW_EQUIVALENCE,P0
https://www.radianceclinics.com/post/how-does-hair-loss-affect-an-individuals-confidence-level,How Does Hair Loss Affect an Individual’s Confidence Level,Hair Loss & Scalp,560,https://www.radianceclinics.com/concerns/hair-loss-scalp/hair-loss,GSC_404_EXPORT,no,,86,0,REVIEW_EQUIVALENCE,P0
https://www.radianceclinics.com/bio-therapy-treatment,Bio Therapy,Other,328,,GSC_404_EXPORT,no,,85,0,REBUILD_OR_ARCHIVE,P0
https://www.radianceclinics.com/treatment/acne-treatment/acne-zap-laser,Acne Zap Laser,Acne,162,https://www.radianceclinics.com/concerns/acne/acne,GSC_404_EXPORT,no,,84,0,REVIEW_EQUIVALENCE,P0
https://www.radianceclinics.com/scalp-micropigmentation,Scalp Micropigmentation Bhubaneswar,Hair Loss & Scalp,453,https://www.radianceclinics.com/pigmentation-treatment-bhubaneswar,GSC_404_EXPORT,no,https://www.radianceclinics.com/pigmentation-treatment-bhubaneswar,83,39,REVIEW_EQUIVALENCE,P0
https://www.radianceclinics.com/vitiligo-3,Vitiligo Treatment,General Skin Concerns,794,,GSC_404_EXPORT,no,,81,0,VERIFY_SERVICE,P0
https://www.radianceclinics.com/treatment/hairfall/hair-transplant,Hair Transplant,Hair Transplant,166,https://www.radianceclinics.com/hair-transplant-bhubaneswar,GSC_404_EXPORT,yes,https://www.radianceclinics.com/hair-transplant-bhubaneswar,79,495,REDIRECT,P0
https://www.radianceclinics.com/treatment/non-surgical-facial-enhancements/lip-vitiligo-correction,Lip Vitiligo Correction,General Skin Concerns,309,,GSC_404_EXPORT,no,,74,0,REBUILD_OR_ARCHIVE,P0
https://www.radianceclinics.com/body-shaping-bhuabaneswar,Body Shaping,Clinic & Doctor,658,https://www.radianceclinics.com/about,GSC_404_EXPORT,no,https://www.radianceclinics.com/about,72,104,REVIEW_EQUIVALENCE,P0
https://www.radianceclinics.com/post/specialized-wart-removal-services-for-flawless-skin,Specialized Wart Removal Services for Flawless Skin,General Skin Concerns,479,https://www.radianceclinics.com/wart-removal-bhubaneswar,GSC_404_EXPORT,yes,,71,0,REDIRECT,P0
https://www.radianceclinics.com/post/who-is-the-ideal-candidate-for-a-hair-transplant,Who is the Ideal Candidate for a Hair Transplant?,Hair Transplant,403,https://www.radianceclinics.com/hair-transplant-bhubaneswar,GSC_404_EXPORT,yes,https://www.radianceclinics.com/hair-transplant-bhubaneswar,71,495,REDIRECT,P0
https://www.radianceclinics.com/post/the-quality-of-hair-transplant-service-offered-by-radiance-skin-and-hair-clinics,The quality of hair transplant service offered by Radiance Skin and Hair Clinics,Hair Transplant,480,https://www.radianceclinics.com/hair-transplant-bhubaneswar,GSC_404_EXPORT,yes,https://www.radianceclinics.com/hair-transplant-bhubaneswar,71,495,REDIRECT,P0
https://www.radianceclinics.com/treatment/premium-services/gluta-c-shots,Gluta C Shots,Skin Health,153,https://www.radianceclinics.com/skin-clinic-bhubaneswar,GSC_404_EXPORT,no,https://www.radianceclinics.com/skin-clinic-bhubaneswar,69,1847,REVIEW_EQUIVALENCE,P0
https://www.radianceclinics.com/treatment/premium-services/aqua-skin-whitening-shots,Aqua Skin Whitening Shots,Skin Health,155,https://www.radianceclinics.com/skin-clinic-bhubaneswar,GSC_404_EXPORT,no,https://www.radianceclinics.com/skin-clinic-bhubaneswar,69,1847,REVIEW_EQUIVALENCE,P0
https://www.radianceclinics.com/treatment/bridal-dermatology/vampirefacial,Vampire Facial,Skin Health,156,https://www.radianceclinics.com/skin-clinic-bhubaneswar,GSC_404_EXPORT,no,https://www.radianceclinics.com/skin-clinic-bhubaneswar,64,1847,REVIEW_EQUIVALENCE,P0
https://www.radianceclinics.com/treatment/hairfall/root-restore-therapy,Root Restore Therapy,Clinic & Doctor,177,https://www.radianceclinics.com/about,GSC_404_EXPORT,no,https://www.radianceclinics.com/about,64,104,REVIEW_EQUIVALENCE,P0
https://www.radianceclinics.com/hair-transplant-in-jajpur,Hair Transplant in Jajpur,Hair Transplant,535,https://www.radianceclinics.com/hair-transplant-bhubaneswar,GSC_404_EXPORT,yes,https://www.radianceclinics.com/hair-transplant-bhubaneswar,60,495,REDIRECT,P0
https://www.radianceclinics.com/treatment/acne-treatment/carbon-laser-peel,Carbon Laser Peel,Skin Health,160,https://www.radianceclinics.com/skin-clinic-bhubaneswar,GSC_404_EXPORT,no,https://www.radianceclinics.com/skin-clinic-bhubaneswar,60,1847,REVIEW_EQUIVALENCE,P0
https://www.radianceclinics.com/treatment/anti-ageing-therapies/prp-facelift,PRP Facelift,Hair Loss & Scalp,164,https://www.radianceclinics.com/treatments/aesthetic-dermatology/injectable-aesthetics,GSC_404_EXPORT,no,https://www.radianceclinics.com/treatments/aesthetic-dermatology/injectable-aesthetics,58,98,REVIEW_EQUIVALENCE,P0
https://www.radianceclinics.com/post/how-to-care-for-your-scalp-after-a-hair-transplant,How to Care for Your Scalp After a Hair Transplant,Hair Transplant,462,https://www.radianceclinics.com/knowledge/hair-transplant-aftercare,GSC_404_EXPORT,yes,https://www.radianceclinics.com/knowledge/hair-transplant-aftercare,57,3,REDIRECT,P0
https://www.radianceclinics.com/conditions/pcod,PCOD,Clinic & Doctor,185,https://www.radianceclinics.com/about,GSC_404_EXPORT,no,https://www.radianceclinics.com/about,55,104,REVIEW_EQUIVALENCE,P0
https://www.radianceclinics.com/female-hair-transplant,Female Hair Transplant,Hair Transplant,277,https://www.radianceclinics.com/concerns/hair-transplant/female-hair-transplant,GSC_404_EXPORT,no,https://www.radianceclinics.com/concerns/hair-transplant/female-hair-transplant,54,7,REVIEW_EQUIVALENCE,P0
https://www.radianceclinics.com/bio-hair-transplant,Bio Hair Transplant,Hair Transplant,376,https://www.radianceclinics.com/hair-transplant-bhubaneswar,GSC_404_EXPORT,no,https://www.radianceclinics.com/hair-transplant-bhubaneswar,54,495,REVIEW_EQUIVALENCE,P0
https://www.radianceclinics.com/treatment/anti-ageing-therapies/filler,Filler,Ageing & Aesthetics,165,https://www.radianceclinics.com/treatments/aesthetic-dermatology/injectable-aesthetics,not-live-checked,no,https://www.radianceclinics.com/treatments/aesthetic-dermatology/injectable-aesthetics,54,98,REVIEW_EQUIVALENCE,P0
https://www.radianceclinics.com/conditions/fungal-infection,Fungal Infection,Clinic & Doctor,222,https://www.radianceclinics.com/about,GSC_404_EXPORT,no,https://www.radianceclinics.com/about,53,104,REVIEW_EQUIVALENCE,P0
https://www.radianceclinics.com/hair-transplant-in-raipur,Hair Transplant in Raipur,Hair Transplant,441,https://www.radianceclinics.com/hair-transplant-bhubaneswar,GSC_404_EXPORT,yes,https://www.radianceclinics.com/hair-transplant-bhubaneswar,52,495,REDIRECT,P0
https://www.radianceclinics.com/post/four-misconceptions-people-have-about-laser-tattoo-removal-in-bhubaneswar,Four misconceptions people have about laser tattoo removal in Bhubaneswar,Skin Health,578,,GSC_404_EXPORT,no,,51,0,REBUILD_OR_ARCHIVE,P0
https://www.radianceclinics.com/locations,Locations,Other,13,,not-live-checked,no,,51,0,REBUILD_OR_ARCHIVE,P0
https://www.radianceclinics.com/hair-transplant-in-vizag,Hair Transplant in Vizag,Hair Transplant,440,https://www.radianceclinics.com/hair-transplant-bhubaneswar,GSC_404_EXPORT,yes,https://www.radianceclinics.com/hair-transplant-bhubaneswar,50,495,REDIRECT,P0
https://www.radianceclinics.com/treatment/bridal-dermatology/dermal-fillers,Dermal Fillers,Ageing & Aesthetics,164,https://www.radianceclinics.com/treatments/aesthetic-dermatology/injectable-aesthetics,GSC_404_EXPORT,no,https://www.radianceclinics.com/treatments/aesthetic-dermatology/injectable-aesthetics,50,98,REVIEW_EQUIVALENCE,P0
https://www.radianceclinics.com/acne-scars,Acne Scars,Acne Scars,584,https://www.radianceclinics.com/acne-scar-treatment-bhubaneswar,not-live-checked,yes,https://www.radianceclinics.com/acne-scar-treatment-bhubaneswar,25,35,REDIRECT,P0
https://www.radianceclinics.com/post/transformative-insights-from-radiance-clinics-for-skin-and-hair-health,Transformative Insights from Radiance Clinics for Skin and Hair Health,Skin Health,564,,GSC_404_EXPORT,no,,24,0,REBUILD_OR_ARCHIVE,P0
https://www.radianceclinics.com/post/what-causes-hair-loss-and-how-it-can-be-treated,What Causes Hair Loss and How It Can Be Treated,Hair Loss & Scalp,778,https://www.radianceclinics.com/knowledge/hair-loss-causes-and-assessment,GSC_404_EXPORT,yes,,12,0,REDIRECT,P0
https://www.radianceclinics.com/post/unlocking-the-secrets-of-skincare-and-hair-restoration-a-journey-with-radiance-clinics,Unlocking the Secrets of Skincare and Hair Restoration: A Journey with Radiance Clinics,Skin Health,559,,not-live-checked,no,,5,0,REBUILD_OR_ARCHIVE,P0
https://www.radianceclinics.com/post/radiance-clinics-awarded-times-health-icon-for-exceptional-contributions-in-cosmetology-and-hair-transplant,Radiance Clinics: Awarded Times Health Icon for Exceptional Contributions in Cosmetology and Hair Transplant,Hair Transplant,537,https://www.radianceclinics.com/hair-transplant-bhubaneswar,GSC_404_EXPORT,no,https://www.radianceclinics.com/hair-transplant-bhubaneswar,4,495,REVIEW_EQUIVALENCE,P0
https://www.radianceclinics.com/post/hair-loss-and-hair-thinning,Hair Loss and Hair Thinning,Hair Loss & Scalp,903,https://www.radianceclinics.com/concerns/hair-loss-scalp/hair-loss,GSC_404_EXPORT,no,,2,0,REVIEW_EQUIVALENCE,P0
https://www.radianceclinics.com/post/the-ideal-clinic-to-have-acne-treatment-in-bhubaneswar-is-radiance-skin-and-hair-clinics,The ideal clinic to have acne treatment in Bhubaneswar is Radiance Skin and Hair Clinics,Acne,469,https://www.radianceclinics.com/acne-treatment-bhubaneswar,GSC_404_EXPORT,yes,,49,0,REDIRECT,P1
https://www.radianceclinics.com/hair-transplant-in-koraput,Hair Transplant in Koraput,Hair Transplant,537,https://www.radianceclinics.com/hair-transplant-bhubaneswar,GSC_404_EXPORT,yes,https://www.radianceclinics.com/hair-transplant-bhubaneswar,49,495,REDIRECT,P1
https://www.radianceclinics.com/body-hair-transplant,Body Hair Transplant,Hair Transplant,599,https://www.radianceclinics.com/hair-transplant-bhubaneswar,GSC_404_EXPORT,no,https://www.radianceclinics.com/hair-transplant-bhubaneswar,48,495,REVIEW_EQUIVALENCE,P1
https://www.radianceclinics.com/beard-mustache-transplant,Beard & Mustache Transplant,Clinic & Doctor,557,https://www.radianceclinics.com/concerns/hair-transplant/beard-transplant,GSC_404_EXPORT,no,,47,0,REVIEW_EQUIVALENCE,P1
https://www.radianceclinics.com/treatment/stretch-marks/prp,PRP,Hair Loss & Scalp,158,,GSC_404_EXPORT,no,,47,0,REBUILD_OR_ARCHIVE,P1
https://www.radianceclinics.com/frequently-asked-questions,Frequently Asked Questions,Skin Health,390,https://www.radianceclinics.com/skin-clinic-bhubaneswar,GSC_404_EXPORT,no,https://www.radianceclinics.com/skin-clinic-bhubaneswar,46,1847,REVIEW_EQUIVALENCE,P1
https://www.radianceclinics.com/tan-removal,Sunspots Treatment Bhubaneswar,Pigmentation,419,https://www.radianceclinics.com/pigmentation-treatment-bhubaneswar,not-live-checked,yes,https://www.radianceclinics.com/pigmentation-treatment-bhubaneswar,45,39,REDIRECT,P1
https://www.radianceclinics.com/skin-pigmentation,Pigmentation Treatment Bhubaneswar,Pigmentation,417,https://www.radianceclinics.com/pigmentation-treatment-bhubaneswar,GSC_404_EXPORT,yes,https://www.radianceclinics.com/pigmentation-treatment-bhubaneswar,45,39,REDIRECT,P1
https://www.radianceclinics.com/treatment/non-surgical-facial-enhancements/ombrepowder-eyebrows,Ombrepowder Eyebrows,Clinic & Doctor,312,https://www.radianceclinics.com/about,GSC_404_EXPORT,no,https://www.radianceclinics.com/about,45,104,REVIEW_EQUIVALENCE,P1
https://www.radianceclinics.com/chemical-peel,Chemical Peel,Skin Health,403,https://www.radianceclinics.com/skin-clinic-bhubaneswar,GSC_404_EXPORT,no,https://www.radianceclinics.com/skin-clinic-bhubaneswar,44,1847,REVIEW_EQUIVALENCE,P1
https://www.radianceclinics.com/post/how-effective-is-having-laser-hair-removal-in-bhubaneswar,How Effective is Having Laser Hair Removal in Bhubaneswar,Laser Hair Reduction,457,https://www.radianceclinics.com/laser-hair-removal-bhubaneswar,GSC_404_EXPORT,no,https://www.radianceclinics.com/laser-hair-removal-bhubaneswar,43,391,REVIEW_EQUIVALENCE,P1
https://www.radianceclinics.com/post/laser-vs-fillers-vs-creams-what-truly-works-for-under-eye-bags,Laser vs. Fillers vs. Creams – What Truly Works for Under Eye Bags,Ageing & Aesthetics,559,https://www.radianceclinics.com/concerns/pigmentation/under-eye-dark-circles,GSC_404_EXPORT,no,,42,0,REVIEW_EQUIVALENCE,P1
https://www.radianceclinics.com/post/what-is-the-best-hair-transplant-for-density,What is the best hair transplant for density?,Hair Transplant,581,https://www.radianceclinics.com/hair-transplant-bhubaneswar,GSC_404_EXPORT,yes,https://www.radianceclinics.com/hair-transplant-bhubaneswar,39,495,REDIRECT,P1
https://www.radianceclinics.com/laser-photo-rejuvenation-radiance,Laser Photo Rejuvenation,Skin Health,230,https://www.radianceclinics.com/skin-clinic-bhubaneswar,GSC_404_EXPORT,no,https://www.radianceclinics.com/skin-clinic-bhubaneswar,39,1847,REVIEW_EQUIVALENCE,P1
https://www.radianceclinics.com/treatment/anti-ageing-therapies/ultherapy,Ultherapy,Ageing & Aesthetics,164,https://www.radianceclinics.com/conditions/skin-ageing-laxity,not-live-checked,yes,https://www.radianceclinics.com/conditions/skin-ageing-laxity,38,14,REDIRECT,P1
https://www.radianceclinics.com/conditions/seborrheic-dermatitis,Sebottheic Dermatitis,Skin Health,199,https://www.radianceclinics.com/concerns/hair-loss-scalp/dandruff,GSC_404_EXPORT,no,https://www.radianceclinics.com/concerns/hair-loss-scalp/dandruff,38,17,REVIEW_EQUIVALENCE,P1
https://www.radianceclinics.com/treatment/bridal-dermatology/mnrf-acne-scars,MNRF For Acne Scars,Acne Scars,168,https://www.radianceclinics.com/acne-scar-treatment-bhubaneswar,GSC_404_EXPORT,no,https://www.radianceclinics.com/acne-scar-treatment-bhubaneswar,35,35,REVIEW_EQUIVALENCE,P1
https://www.radianceclinics.com/treatment/anti-ageing-therapies/age-reverse,Age Reverse,Clinic & Doctor,151,https://www.radianceclinics.com/about,not-live-checked,no,https://www.radianceclinics.com/about,34,104,REVIEW_EQUIVALENCE,P1
https://www.radianceclinics.com/treatment/pigmentation/power-glow,Power Glow,Skin Health,156,https://www.radianceclinics.com/skin-clinic-bhubaneswar,GSC_404_EXPORT,no,https://www.radianceclinics.com/skin-clinic-bhubaneswar,34,1847,REVIEW_EQUIVALENCE,P1
https://www.radianceclinics.com/treatment/anti-ageing-therapies/anti-ageing-laser,Anti-Ageing Laser,Skin Health,167,https://www.radianceclinics.com/skin-clinic-bhubaneswar,GSC_404_EXPORT,no,https://www.radianceclinics.com/skin-clinic-bhubaneswar,33,1847,REVIEW_EQUIVALENCE,P1
https://www.radianceclinics.com/treatment/premium-services/permanent-makeup,Permanent Makeup,Clinic & Doctor,172,https://www.radianceclinics.com/about,GSC_404_EXPORT,no,https://www.radianceclinics.com/about,31,104,REVIEW_EQUIVALENCE,P1
https://www.radianceclinics.com/microdermabrasion-radiance,Microdermabrasion,Skin Health,170,https://www.radianceclinics.com/skin-clinic-bhubaneswar,GSC_404_EXPORT,no,https://www.radianceclinics.com/skin-clinic-bhubaneswar,31,1847,REVIEW_EQUIVALENCE,P1
https://www.radianceclinics.com/conditions/pigmentation-removal,Pigmentation Removal,Pigmentation,200,https://www.radianceclinics.com/pigmentation-treatment-bhubaneswar,GSC_404_EXPORT,no,https://www.radianceclinics.com/pigmentation-treatment-bhubaneswar,31,39,REVIEW_EQUIVALENCE,P1
https://www.radianceclinics.com/laser-lipolysis-treatment,Laser Lipolysis Treatment,Skin Health,430,https://www.radianceclinics.com/skin-clinic-bhubaneswar,GSC_404_EXPORT,no,https://www.radianceclinics.com/skin-clinic-bhubaneswar,30,1847,REVIEW_EQUIVALENCE,P1
https://www.radianceclinics.com/high-density-hair-transplant,High Density Hair Transplant,Hair Transplant,576,https://www.radianceclinics.com/hair-transplant-bhubaneswar,GSC_404_EXPORT,no,https://www.radianceclinics.com/hair-transplant-bhubaneswar,30,495,REVIEW_EQUIVALENCE,P1
https://www.radianceclinics.com/treatment/acne-scars/fractional-co2-laser,Fractional Co2 Laser,Skin Health,178,https://www.radianceclinics.com/skin-clinic-bhubaneswar,GSC_404_EXPORT,no,https://www.radianceclinics.com/skin-clinic-bhubaneswar,30,1847,REVIEW_EQUIVALENCE,P1
https://www.radianceclinics.com/treatment/stretch-marks/dermaroller,Dermaroller,Acne Scars,152,https://www.radianceclinics.com/acne-scar-treatment-bhubaneswar,GSC_404_EXPORT,no,https://www.radianceclinics.com/acne-scar-treatment-bhubaneswar,30,35,REVIEW_EQUIVALENCE,P1
https://www.radianceclinics.com/post/pioneering-proficiency-satyartha-prakash-excels-in-advanced-dermatology-fellowship-at-dubai-derma,Pioneering Proficiency: Satyartha Prakash Excels in Advanced Dermatology Fellowship at Dubai Derma,Skin Health,329,https://www.radianceclinics.com/about,GSC_404_EXPORT,no,https://www.radianceclinics.com/about,30,104,REVIEW_EQUIVALENCE,P1
https://www.radianceclinics.com/post/why-radiance-skin-and-hair-clinic-is-the-best-hair-loss-clinic-in-bhubaneswar,Why Radiance Skin and Hair Clinic is the best hair loss clinic in Bhubaneswar,Hair Loss & Scalp,448,https://www.radianceclinics.com/concerns/hair-loss-scalp/hair-loss,GSC_404_EXPORT,no,,29,0,REVIEW_EQUIVALENCE,P1
https://www.radianceclinics.com/post/the-skin-brightening-treatment-possible-to-have-at-radiance-skin-and-hair-clinics,The skin brightening treatment possible to have at Radiance Skin and Hair Clinics,Pigmentation,424,https://www.radianceclinics.com/pigmentation-treatment-bhubaneswar,not-live-checked,no,https://www.radianceclinics.com/pigmentation-treatment-bhubaneswar,29,39,REVIEW_EQUIVALENCE,P1
https://www.radianceclinics.com/dandruff-treatment,Dandruff Treatment,Hair Loss & Scalp,422,https://www.radianceclinics.com/concerns/hair-loss-scalp/dandruff,GSC_404_EXPORT,no,https://www.radianceclinics.com/concerns/hair-loss-scalp/dandruff,29,17,REVIEW_EQUIVALENCE,P1
https://www.radianceclinics.com/post/how-prp-treatment-helps-in-hair-fall-control-and-regrowth-naturally,How PRP Treatment Helps In Hair Fall Control And Regrowth Naturally,Hair Loss & Scalp,539,https://www.radianceclinics.com/treatments/hair-restoration/prp-gfc-scalp-therapy,not-live-checked,no,https://www.radianceclinics.com/treatments/hair-restoration/prp-gfc-scalp-therapy,28,216,REVIEW_EQUIVALENCE,P1
https://www.radianceclinics.com/treatment/anti-ageing-therapies/ipl-therapy-photofacial,IPL Therapy / Photofacial,Skin Health,197,https://www.radianceclinics.com/skin-clinic-bhubaneswar,not-live-checked,no,https://www.radianceclinics.com/skin-clinic-bhubaneswar,28,1847,REVIEW_EQUIVALENCE,P1
https://www.radianceclinics.com/post/is-it-safe-to-have-a-hair-transplant-in-bhubaneswar-at-radiance-skin-and-hair-clinic,Is it safe to have a hair transplant in Bhubaneswar at Radiance Skin and Hair Clinic,Hair Transplant,455,https://www.radianceclinics.com/hair-transplant-bhubaneswar,GSC_404_EXPORT,no,https://www.radianceclinics.com/hair-transplant-bhubaneswar,27,495,REVIEW_EQUIVALENCE,P1
https://www.radianceclinics.com/treatment/premium-services/laser-facial,Laser Facial,Skin Health,151,https://www.radianceclinics.com/skin-clinic-bhubaneswar,not-live-checked,no,https://www.radianceclinics.com/skin-clinic-bhubaneswar,27,1847,REVIEW_EQUIVALENCE,P1
https://www.radianceclinics.com/post/when-you-need-to-be-at-the-best-skin-clinic,When You Need To Be At The Skin Clinic,Skin Health,452,,GSC_404_EXPORT,no,,25,0,REBUILD_OR_ARCHIVE,P1
https://www.radianceclinics.com/conditions/freckles,Freckles,Skin Health,238,https://www.radianceclinics.com/skin-clinic-bhubaneswar,not-live-checked,no,https://www.radianceclinics.com/skin-clinic-bhubaneswar,25,1847,REVIEW_EQUIVALENCE,P1
https://www.radianceclinics.com/post/what-is-the-best-permanent-treatment-for-hair-loss,What is the best permanent treatment for hair loss?,Hair Loss & Scalp,467,https://www.radianceclinics.com/concerns/hair-loss-scalp/hair-loss,GSC_404_EXPORT,no,,23,0,REVIEW_EQUIVALENCE,P1
https://www.radianceclinics.com/treatment/bridal-dermatology/mesotherapy,Mesotherapy,Clinic & Doctor,166,https://www.radianceclinics.com/about,not-live-checked,no,https://www.radianceclinics.com/about,23,104,REVIEW_EQUIVALENCE,P1
https://www.radianceclinics.com/conditions/dark-circles,Dark Circles,Pigmentation,218,https://www.radianceclinics.com/concerns/pigmentation/under-eye-dark-circles,GSC_404_EXPORT,no,,23,0,REVIEW_EQUIVALENCE,P1
https://www.radianceclinics.com/treatment/unwanted-hair/diode-laser,Diode Laser,Skin Health,168,https://www.radianceclinics.com/skin-clinic-bhubaneswar,GSC_404_EXPORT,no,https://www.radianceclinics.com/skin-clinic-bhubaneswar,22,1847,REVIEW_EQUIVALENCE,P1
https://www.radianceclinics.com/post/what-common-mistakes-can-make-your-hair-transplant-more-expensive,What Common Mistakes Can Make Your Hair Transplant More Expensive?,Hair Transplant,588,https://www.radianceclinics.com/knowledge/hair-transplant-cost-factors,GSC_404_EXPORT,yes,https://www.radianceclinics.com/knowledge/hair-transplant-cost-factors,21,1,REDIRECT,P1
https://www.radianceclinics.com/conditions/stretch-marks-removal,Stretch Marks Removal,Scars & Stretch Marks,214,https://www.radianceclinics.com/concerns/scars-stretch-marks/stretch-marks,GSC_404_EXPORT,no,https://www.radianceclinics.com/concerns/scars-stretch-marks/stretch-marks,21,1,REVIEW_EQUIVALENCE,P1
https://www.radianceclinics.com/conditions/skin-growth,Skin Growth,Skin Health,189,https://www.radianceclinics.com/skin-clinic-bhubaneswar,not-live-checked,no,https://www.radianceclinics.com/skin-clinic-bhubaneswar,20,1847,REVIEW_EQUIVALENCE,P1
https://www.radianceclinics.com/sunspot-removal,Sunspots Treatment Bhubaneswa,Clinic & Doctor,409,https://www.radianceclinics.com/about,GSC_404_EXPORT,no,https://www.radianceclinics.com/about,19,104,REVIEW_EQUIVALENCE,P1
https://www.radianceclinics.com/treatment/bridal-dermatology/laser-hair-reduction,Laser Hair Reduction,Laser Hair Reduction,158,https://www.radianceclinics.com/laser-hair-removal-bhubaneswar,GSC_404_EXPORT,no,https://www.radianceclinics.com/laser-hair-removal-bhubaneswar,19,391,REVIEW_EQUIVALENCE,P1
https://www.radianceclinics.com/conditions/contact-dermatitis,Contact Dermatitis,Skin Health,204,https://www.radianceclinics.com/contact,GSC_404_EXPORT,no,https://www.radianceclinics.com/contact,19,655,REVIEW_EQUIVALENCE,P1
https://www.radianceclinics.com/post/combat-hair-fall-natural-remedies-dermatologist-tips,Combat Hair Fall: Natural Remedies & Dermatologist Tips,Hair Loss & Scalp,611,https://www.radianceclinics.com/concerns/hair-loss-scalp/hair-loss,GSC_404_EXPORT,no,,18,0,REVIEW_EQUIVALENCE,P1
https://www.radianceclinics.com/post/using-botox-and-fillers-for-anti-aging-treatments,Using Botox and Fillers for Anti-Aging Treatments,Ageing & Aesthetics,406,https://www.radianceclinics.com/treatments/aesthetic-dermatology/injectable-aesthetics,GSC_404_EXPORT,no,https://www.radianceclinics.com/treatments/aesthetic-dermatology/injectable-aesthetics,18,98,REVIEW_EQUIVALENCE,P1
https://www.radianceclinics.com/treatment/pigmentation/laser-toning,Laser Toning,Skin Health,173,https://www.radianceclinics.com/skin-clinic-bhubaneswar,GSC_404_EXPORT,no,https://www.radianceclinics.com/skin-clinic-bhubaneswar,18,1847,REVIEW_EQUIVALENCE,P1
https://www.radianceclinics.com/treatment/pigmentation/chemical-peel,Chemical  Peel,Skin Health,163,https://www.radianceclinics.com/skin-clinic-bhubaneswar,GSC_404_EXPORT,no,https://www.radianceclinics.com/skin-clinic-bhubaneswar,18,1847,REVIEW_EQUIVALENCE,P1
https://www.radianceclinics.com/treatment/bridal-dermatology/hgp-for-hair,HGP For Hair,Clinic & Doctor,178,https://www.radianceclinics.com/about,GSC_404_EXPORT,no,https://www.radianceclinics.com/about,18,104,REVIEW_EQUIVALENCE,P1
https://www.radianceclinics.com/treatment/stretch-marks/pixigenus-stretch-marks,Pixigenus Stretch Marks,Scars & Stretch Marks,152,https://www.radianceclinics.com/concerns/scars-stretch-marks/stretch-marks,GSC_404_EXPORT,no,https://www.radianceclinics.com/concerns/scars-stretch-marks/stretch-marks,17,1,REVIEW_EQUIVALENCE,P1
https://www.radianceclinics.com/treatment/acne-scars/dermaroller,Dermaroller,Acne Scars,187,https://www.radianceclinics.com/acne-scar-treatment-bhubaneswar,not-live-checked,no,https://www.radianceclinics.com/acne-scar-treatment-bhubaneswar,17,35,REVIEW_EQUIVALENCE,P1
https://www.radianceclinics.com/treatment/pigmentation/mesotherapy,Mesotherapy,Clinic & Doctor,160,https://www.radianceclinics.com/about,GSC_404_EXPORT,no,https://www.radianceclinics.com/about,17,104,REVIEW_EQUIVALENCE,P1
https://www.radianceclinics.com/post/common-hair-loss-myths-that-might-be-holding-you-back,Common Hair Loss Myths That Might Be Holding You Back,Hair Loss & Scalp,554,https://www.radianceclinics.com/concerns/hair-loss-scalp/hair-loss,GSC_404_EXPORT,no,,17,0,REVIEW_EQUIVALENCE,P1
https://www.radianceclinics.com/post/best-dermatologist-for-acne-an-treatment,What to Expect when Visiting a Dermatologist for an Acne Treatment,Acne,464,https://www.radianceclinics.com/concerns/acne/acne,GSC_404_EXPORT,no,,16,0,REVIEW_EQUIVALENCE,P1
https://www.radianceclinics.com/post/spending-on-weight-loss-is-an-ideal-investment,Spending on Weight Loss is an Ideal Investment,Clinic & Doctor,565,https://www.radianceclinics.com/about,GSC_404_EXPORT,no,https://www.radianceclinics.com/about,16,104,REVIEW_EQUIVALENCE,P1
https://www.radianceclinics.com/post/skin-and-hair-specialist-near-me,Skin And Hair Specialist Near Me,Skin Health,318,,not-live-checked,no,,16,0,REBUILD_OR_ARCHIVE,P1
https://www.radianceclinics.com/treatment/anti-ageing-therapies/pixel,Pixel,Clinic & Doctor,154,https://www.radianceclinics.com/about,GSC_404_EXPORT,no,https://www.radianceclinics.com/about,16,104,REVIEW_EQUIVALENCE,P1
https://www.radianceclinics.com/treatment/anti-ageing-therapies/age-erase,Age Erase,Clinic & Doctor,154,https://www.radianceclinics.com/about,GSC_404_EXPORT,no,https://www.radianceclinics.com/about,16,104,REVIEW_EQUIVALENCE,P1
https://www.radianceclinics.com/treatment/stretch-marks/tixel,Tixel,Clinic & Doctor,152,https://www.radianceclinics.com/about,not-live-checked,no,https://www.radianceclinics.com/about,16,104,REVIEW_EQUIVALENCE,P1
https://www.radianceclinics.com/treatment/hairfall/mesotherapy,Mesotherapy,Clinic & Doctor,171,https://www.radianceclinics.com/about,GSC_404_EXPORT,no,https://www.radianceclinics.com/about,16,104,REVIEW_EQUIVALENCE,P1
https://www.radianceclinics.com/treatment/premium-services/photofacials,Photofacials,Skin Health,151,https://www.radianceclinics.com/skin-clinic-bhubaneswar,GSC_404_EXPORT,no,https://www.radianceclinics.com/skin-clinic-bhubaneswar,16,1847,REVIEW_EQUIVALENCE,P1
https://www.radianceclinics.com/conditions/body-hair,Body Hair,Laser Hair Reduction,184,https://www.radianceclinics.com/laser-hair-removal-bhubaneswar,not-live-checked,no,https://www.radianceclinics.com/laser-hair-removal-bhubaneswar,16,391,REVIEW_EQUIVALENCE,P1
https://www.radianceclinics.com/post/advanced-acne-scar-removal-treatments-you-should-know,Advanced Acne Scar Removal Treatments You Should Know,Acne Scars,430,https://www.radianceclinics.com/acne-scar-treatment-bhubaneswar,GSC_404_EXPORT,no,https://www.radianceclinics.com/acne-scar-treatment-bhubaneswar,15,35,REVIEW_EQUIVALENCE,P1
https://www.radianceclinics.com/post/what-should-i-know-before-buying-a-hair-wig,What Should I Know Before Buying a Hair Wig,Clinic & Doctor,548,https://www.radianceclinics.com/about,GSC_404_EXPORT,no,https://www.radianceclinics.com/about,15,104,REVIEW_EQUIVALENCE,P1
https://www.radianceclinics.com/invisible-facelift-at-bhubaneswar,Invisible Facelift,Ageing & Aesthetics,263,https://www.radianceclinics.com/treatments/aesthetic-dermatology/injectable-aesthetics,GSC_404_EXPORT,no,https://www.radianceclinics.com/treatments/aesthetic-dermatology/injectable-aesthetics,15,98,REVIEW_EQUIVALENCE,P1
https://www.radianceclinics.com/treatment/premium-services/iv-infusions,IV Infusions,Clinic & Doctor,151,https://www.radianceclinics.com/about,GSC_404_EXPORT,no,https://www.radianceclinics.com/about,15,104,REVIEW_EQUIVALENCE,P1
https://www.radianceclinics.com/treatment/premium-services/hydra-revive,Hydra Revive,Clinic & Doctor,150,https://www.radianceclinics.com/about,GSC_404_EXPORT,no,https://www.radianceclinics.com/about,15,104,REVIEW_EQUIVALENCE,P1
https://www.radianceclinics.com/treatment/anti-ageing-therapies/high-intensity-focused-ultrasound,High-Intensity Focused Ultrasound,Clinic & Doctor,165,https://www.radianceclinics.com/about,GSC_404_EXPORT,no,https://www.radianceclinics.com/about,14,104,REVIEW_EQUIVALENCE,P1
https://www.radianceclinics.com/post/laser-hair-removal,Laser Hair Removal,Laser Hair Reduction,415,https://www.radianceclinics.com/laser-hair-removal-bhubaneswar,GSC_404_EXPORT,no,https://www.radianceclinics.com/laser-hair-removal-bhubaneswar,13,391,REVIEW_EQUIVALENCE,P1
https://www.radianceclinics.com/treatment/acne-scars/prp-subsicion,PRP Subsicion,Hair Loss & Scalp,158,,GSC_404_EXPORT,no,,13,0,REBUILD_OR_ARCHIVE,P1
https://www.radianceclinics.com/treatment/premium-services/radiance-3d,Radiance 3D,Skin Health,159,https://www.radianceclinics.com/skin-clinic-bhubaneswar,GSC_404_EXPORT,no,https://www.radianceclinics.com/skin-clinic-bhubaneswar,13,1847,REVIEW_EQUIVALENCE,P1
https://www.radianceclinics.com/treatment/hairfall/advanced-hgp,Advanced HGP,Clinic & Doctor,169,https://www.radianceclinics.com/about,GSC_404_EXPORT,no,https://www.radianceclinics.com/about,13,104,REVIEW_EQUIVALENCE,P1
https://www.radianceclinics.com/conditions/urticaria,Urticaria,Clinic & Doctor,178,https://www.radianceclinics.com/about,GSC_404_EXPORT,no,https://www.radianceclinics.com/about,13,104,REVIEW_EQUIVALENCE,P1
https://www.radianceclinics.com/conditions/eczema,Eczema,Clinic & Doctor,187,https://www.radianceclinics.com/about,not-live-checked,no,https://www.radianceclinics.com/about,13,104,REVIEW_EQUIVALENCE,P1
https://www.radianceclinics.com/conditions/psoriasis,Psoriasis,Clinic & Doctor,187,https://www.radianceclinics.com/about,GSC_404_EXPORT,no,https://www.radianceclinics.com/about,13,104,REVIEW_EQUIVALENCE,P1
https://www.radianceclinics.com/post/what-diet-and-lifestyle-changes-can-support-successful-hair-restoration,What Diet and Lifestyle Changes Can Support Successful Hair Restoration,Clinic & Doctor,560,https://www.radianceclinics.com/about,GSC_404_EXPORT,no,https://www.radianceclinics.com/about,12,104,REVIEW_EQUIVALENCE,P1
https://www.radianceclinics.com/post/say-goodbye-to-warts-transform-your-skin-at-radiance-clinic,Say Goodbye to Warts: Transform Your Skin at Radiance Clinic,General Skin Concerns,450,https://www.radianceclinics.com/concerns/other-skin-concerns/moles-and-warts,GSC_404_EXPORT,no,https://www.radianceclinics.com/concerns/other-skin-concerns/moles-and-warts,12,1,REVIEW_EQUIVALENCE,P1
https://www.radianceclinics.com/treatment/bridal-dermatology/lip-pigmentation-2,Lip Pigmentation,Pigmentation,151,https://www.radianceclinics.com/pigmentation-treatment-bhubaneswar,not-live-checked,no,https://www.radianceclinics.com/pigmentation-treatment-bhubaneswar,12,39,REVIEW_EQUIVALENCE,P1
https://www.radianceclinics.com/treatment/bridal-dermatology/mnrf-stretch-marks,MNRF For Stretch Marks,Acne Scars,162,https://www.radianceclinics.com/acne-scar-treatment-bhubaneswar,GSC_404_EXPORT,no,https://www.radianceclinics.com/acne-scar-treatment-bhubaneswar,12,35,REVIEW_EQUIVALENCE,P1
https://www.radianceclinics.com/conditions/rosacea,Rosacea,General Skin Concerns,186,https://www.radianceclinics.com/concerns/other-skin-concerns/rosacea-redness,not-live-checked,no,https://www.radianceclinics.com/concerns/other-skin-concerns/rosacea-redness,12,12,REVIEW_EQUIVALENCE,P1
https://www.radianceclinics.com/conditions/vitiligo,Vitiligo,General Skin Concerns,197,,GSC_404_EXPORT,no,,12,0,REBUILD_OR_ARCHIVE,P1
https://www.radianceclinics.com/treatment/bridal-dermatology/beardshaping,Beard Shaping,Clinic & Doctor,149,https://www.radianceclinics.com/about,GSC_404_EXPORT,no,https://www.radianceclinics.com/about,12,104,REVIEW_EQUIVALENCE,P1
https://www.radianceclinics.com/treatment/bridal-dermatology/photofacial,Photo Facial,Skin Health,147,https://www.radianceclinics.com/skin-clinic-bhubaneswar,not-live-checked,no,https://www.radianceclinics.com/skin-clinic-bhubaneswar,12,1847,REVIEW_EQUIVALENCE,P1
https://www.radianceclinics.com/conditions/keloid,Keloid,Scars & Stretch Marks,111,https://www.radianceclinics.com/concerns/scars-stretch-marks/raised-scars-keloids,GSC_404_EXPORT,no,https://www.radianceclinics.com/concerns/scars-stretch-marks/raised-scars-keloids,12,1,REVIEW_EQUIVALENCE,P1
https://www.radianceclinics.com/post/which-filler-is-right-for-you-expert-advice,Which Filler Is Right for You? Expert Advice,Ageing & Aesthetics,550,https://www.radianceclinics.com/treatments/aesthetic-dermatology/injectable-aesthetics,GSC_404_EXPORT,no,https://www.radianceclinics.com/treatments/aesthetic-dermatology/injectable-aesthetics,11,98,REVIEW_EQUIVALENCE,P1
https://www.radianceclinics.com/anti-wrinkle-radiance,Anti Wrinkle,Ageing & Aesthetics,656,https://www.radianceclinics.com/treatments/aesthetic-dermatology/injectable-aesthetics,GSC_404_EXPORT,no,https://www.radianceclinics.com/treatments/aesthetic-dermatology/injectable-aesthetics,11,98,REVIEW_EQUIVALENCE,P1
https://www.radianceclinics.com/treatment/anti-ageing-therapies/collagen-induction-therapy,Collagen Induction Therapy,Skin Health,166,https://www.radianceclinics.com/skin-clinic-bhubaneswar,not-live-checked,no,https://www.radianceclinics.com/skin-clinic-bhubaneswar,11,1847,REVIEW_EQUIVALENCE,P1
https://www.radianceclinics.com/conditions/melasma,Melasma,Pigmentation,180,https://www.radianceclinics.com/concerns/pigmentation/melasma,GSC_404_EXPORT,no,https://www.radianceclinics.com/concerns/pigmentation/melasma,11,8,REVIEW_EQUIVALENCE,P1
https://www.radianceclinics.com/post/reasons-to-have-professional-treatment-for-acne,Reasons to have Professional Treatment for Acne,Acne,519,https://www.radianceclinics.com/concerns/acne/acne,GSC_404_EXPORT,no,,10,0,REVIEW_EQUIVALENCE,P1
https://www.radianceclinics.com/post/say-goodbye-to-monsoon-hair-loss-easy-ways-to-control-hairfall,Say Goodbye to Monsoon Hair Loss: Easy Ways to Control Hairfall,Hair Loss & Scalp,558,https://www.radianceclinics.com/concerns/hair-loss-scalp/hair-loss,GSC_404_EXPORT,no,,10,0,REVIEW_EQUIVALENCE,P1
https://www.radianceclinics.com/treatment/bridal-dermatology/lasertoning,Laser Toning,Skin Health,167,https://www.radianceclinics.com/skin-clinic-bhubaneswar,not-live-checked,no,https://www.radianceclinics.com/skin-clinic-bhubaneswar,10,1847,REVIEW_EQUIVALENCE,P1
https://www.radianceclinics.com/treatment/acne-scars/pixel,Pixel,Skin Health,157,https://www.radianceclinics.com/skin-clinic-bhubaneswar,GSC_404_EXPORT,no,https://www.radianceclinics.com/skin-clinic-bhubaneswar,10,1847,REVIEW_EQUIVALENCE,P1
https://www.radianceclinics.com/conditions/acne-scar-removal,Acne Scar Removal,Acne Scars,212,https://www.radianceclinics.com/acne-scar-treatment-bhubaneswar,GSC_404_EXPORT,no,https://www.radianceclinics.com/acne-scar-treatment-bhubaneswar,10,35,REVIEW_EQUIVALENCE,P1
https://www.radianceclinics.com/conditions/atopic-dermatitis,Atopic Dermatitis,Skin Health,185,https://www.radianceclinics.com/skin-clinic-bhubaneswar,not-live-checked,no,https://www.radianceclinics.com/skin-clinic-bhubaneswar,10,1847,REVIEW_EQUIVALENCE,P1
https://www.radianceclinics.com/virtual-tour,Virtual Tour,Other,1,,GSC_404_EXPORT,no,,10,0,REBUILD_OR_ARCHIVE,P1
https://www.radianceclinics.com/post/can-skin-clinics-help-with-dark-circles-and-under-eye-concerns,Can Skin Clinics Help With Dark Circles and Under-Eye Concerns?,Pigmentation,578,https://www.radianceclinics.com/concerns/pigmentation/under-eye-dark-circles,GSC_404_EXPORT,no,,9,0,REVIEW_EQUIVALENCE,P1
https://www.radianceclinics.com/post/when-is-the-perfect-time-to-restore-your-hair,When Is the Perfect Time to Restore Your Hair?,Other,518,,GSC_404_EXPORT,no,,8,0,REBUILD_OR_ARCHIVE,P1
https://www.radianceclinics.com/post/how-to-know-if-youre-a-good-candidate-for-fue-or-fut,How to Know If You’re a Good Candidate for FUE or FUT?,Hair Transplant,546,https://www.radianceclinics.com/hair-transplant-bhubaneswar,GSC_404_EXPORT,no,https://www.radianceclinics.com/hair-transplant-bhubaneswar,8,495,REVIEW_EQUIVALENCE,P1
https://www.radianceclinics.com/post/why-radiance-skin-and-hair-clinics-leads-in-stem-cell-transplants-in-odisha,Why Radiance Skin and Hair Clinics Leads in Stem Cell Transplants in Odisha,Skin Health,528,,GSC_404_EXPORT,no,,8,0,REBUILD_OR_ARCHIVE,P1
https://www.radianceclinics.com/post/best-treatment-for-a-healthy-hair-and-skin,Best Treatment For a Healthy Hair and Skin,Skin Health,614,,not-live-checked,no,,7,0,REBUILD_OR_ARCHIVE,P1
https://www.radianceclinics.com/post/radiance-skin-clinics-your-solution-for-skin-issues,Radiance Skin Clinics: Your Solution for Skin Issues,Skin Health,463,,GSC_404_EXPORT,no,,7,0,REBUILD_OR_ARCHIVE,P1
https://www.radianceclinics.com/post/modern-treatments-for-effective-fat-reduction,Modern Treatments for Effective Fat Reduction,Clinic & Doctor,559,https://www.radianceclinics.com/about,not-live-checked,no,https://www.radianceclinics.com/about,7,104,REVIEW_EQUIVALENCE,P1
https://www.radianceclinics.com/post/advantages-of-online-dermatologist-consultations,Advantages of Online Dermatologist Consultations,Skin Health,436,,not-live-checked,no,,6,0,REBUILD_OR_ARCHIVE,P1
https://www.radianceclinics.com/post/how-effective-are-weight-loss-clinics-for-belly-fat-reduction,How Effective Are Weight Loss Clinics for Belly Fat Reduction?,Clinic & Doctor,498,https://www.radianceclinics.com/about,GSC_404_EXPORT,no,https://www.radianceclinics.com/about,6,104,REVIEW_EQUIVALENCE,P1
https://www.radianceclinics.com/post/luminous-love-laser-facials-for-bridal-skincare-bliss,Luminous Love: Laser Facials for Bridal Skincare Bliss,Skin Health,446,,GSC_404_EXPORT,no,,5,0,REBUILD_OR_ARCHIVE,P1
https://www.radianceclinics.com/post/common-myths-about-laser-hair-removal-treatments,Common Myths about Laser Hair Removal Treatments,Laser Hair Reduction,556,https://www.radianceclinics.com/laser-hair-removal-bhubaneswar,GSC_404_EXPORT,no,https://www.radianceclinics.com/laser-hair-removal-bhubaneswar,5,391,REVIEW_EQUIVALENCE,P1
https://www.radianceclinics.com/post/skincare-mythbusters-debunking-common-misconceptions-about-skin-health,Skincare Mythbusters: Debunking Common Misconceptions about Skin Health,Skin Health,430,,not-live-checked,no,,5,0,REBUILD_OR_ARCHIVE,P1
https://www.radianceclinics.com/post/radiance-skin-and-hair-clinics-your-ideal-destination-for-hair-transplants,Radiance Skin and Hair Clinics: Your Ideal Destination for Hair Transplants,Hair Transplant,463,https://www.radianceclinics.com/hair-transplant-bhubaneswar,GSC_404_EXPORT,no,https://www.radianceclinics.com/hair-transplant-bhubaneswar,5,495,REVIEW_EQUIVALENCE,P1
https://www.radianceclinics.com/post/when-should-you-visit-a-skin-clinic-signs-and-symptoms-to-watch,When Should You Visit a Skin Clinic? Signs and Symptoms to Watch,Skin Health,475,,GSC_404_EXPORT,no,,5,0,REBUILD_OR_ARCHIVE,P1
https://www.radianceclinics.com/post/is-hair-restoration-worth-the-investment,Is Hair Restoration Worth the Investment?,Clinic & Doctor,520,https://www.radianceclinics.com/about,GSC_404_EXPORT,no,https://www.radianceclinics.com/about,4,104,REVIEW_EQUIVALENCE,P1
https://www.radianceclinics.com/hair-regrowth-treatment,Hair Regrowth Treatment,Hair Loss & Scalp,429,https://www.radianceclinics.com/concerns/hair-loss-scalp/hair-loss,GSC_404_EXPORT,no,,2,0,REVIEW_EQUIVALENCE,P1
https://www.radianceclinics.com/post/the-ultimate-guide-to-body-hair-removal-in-odishas-aesthetic-hub,The Ultimate Guide to Body Hair Removal in Odisha's Aesthetic Hub,Laser Hair Reduction,441,https://www.radianceclinics.com/laser-hair-removal-bhubaneswar,not-live-checked,no,https://www.radianceclinics.com/laser-hair-removal-bhubaneswar,2,391,REVIEW_EQUIVALENCE,P1
https://www.radianceclinics.com/post/certain-myths-about-hair-transplants-for-young-men,Certain Myths about Hair Transplants for Young Men,Hair Transplant,471,https://www.radianceclinics.com/hair-transplant-bhubaneswar,GSC_404_EXPORT,no,https://www.radianceclinics.com/hair-transplant-bhubaneswar,2,495,REVIEW_EQUIVALENCE,P1
https://www.radianceclinics.com/post/aging-gracefully-with-botox-how-it-can-enhance-your-natural-beauty,Aging Gracefully with Botox: How It Can Enhance Your Natural Beauty,Ageing & Aesthetics,476,https://www.radianceclinics.com/treatments/aesthetic-dermatology/injectable-aesthetics,not-live-checked,no,https://www.radianceclinics.com/treatments/aesthetic-dermatology/injectable-aesthetics,2,98,REVIEW_EQUIVALENCE,P1
https://www.radianceclinics.com/post/is-hair-transplant-the-right-solution-for-you-a-complete-guide-on-hair-transplant,Is Hair Transplant the Right Solution for You? A Complete Guide on Hair Transplant,Hair Transplant,582,https://www.radianceclinics.com/hair-transplant-bhubaneswar,GSC_404_EXPORT,no,https://www.radianceclinics.com/hair-transplant-bhubaneswar,2,495,REVIEW_EQUIVALENCE,P1
https://www.radianceclinics.com/post/experience-natural-looking-hair-with-hair-patch,Experience Natural-Looking Hair with Hair Patch,Clinic & Doctor,547,https://www.radianceclinics.com/about,not-live-checked,no,https://www.radianceclinics.com/about,2,104,REVIEW_EQUIVALENCE,P1
https://www.radianceclinics.com/post/how-facial-fillers-can-enhance-your-natural-beauty,How Facial Fillers Can Enhance Your Natural Beauty,Ageing & Aesthetics,772,https://www.radianceclinics.com/treatments/aesthetic-dermatology/injectable-aesthetics,GSC_404_EXPORT,no,https://www.radianceclinics.com/treatments/aesthetic-dermatology/injectable-aesthetics,2,98,REVIEW_EQUIVALENCE,P1
https://www.radianceclinics.com/post/tackling-hair-loss-a-guide-to-top-notch-hair-transplant-clinics,Tackling Hair Loss: A Guide to Top-notch Hair Transplant Clinics,Hair Transplant,546,https://www.radianceclinics.com/hair-transplant-bhubaneswar,GSC_404_EXPORT,no,https://www.radianceclinics.com/hair-transplant-bhubaneswar,1,495,REVIEW_EQUIVALENCE,P1
https://www.radianceclinics.com/post/why-a-hair-wig-is-an-ideal-solution-for-hair-loss,Why a hair wig is an ideal solution for hair loss,Hair Loss & Scalp,523,https://www.radianceclinics.com/concerns/hair-loss-scalp/hair-loss,GSC_404_EXPORT,no,,1,0,REVIEW_EQUIVALENCE,P1
https://www.radianceclinics.com/post/understanding-male-specific-skin-concerns-expert-insights-and-solutions,Understanding Male-Specific Skin Concerns: Expert Insights and Solutions,Pigmentation,476,https://www.radianceclinics.com/pigmentation-treatment-bhubaneswar,not-live-checked,no,https://www.radianceclinics.com/pigmentation-treatment-bhubaneswar,1,39,REVIEW_EQUIVALENCE,P1
https://www.radianceclinics.com/post/why-radiance-skin-and-hair-clinics-is-the-best-hair-loss-clinic-in-bhubaneswar,Why Radiance Skin and Hair Clinics is the best hair loss clinic in Bhubaneswar,Hair Loss & Scalp,441,https://www.radianceclinics.com/concerns/hair-loss-scalp/hair-loss,GSC_404_EXPORT,no,,1,0,REVIEW_EQUIVALENCE,P1
https://www.radianceclinics.com/post/is-it-possible-to-stop-saving-unwanted-hair,Is It Possible To Stop Saving Unwanted Hair,Laser Hair Reduction,466,,not-live-checked,no,,1,0,REBUILD_OR_ARCHIVE,P1
https://www.radianceclinics.com/post/essential-skincare-tips-and-advice-from-dermatologists,Essential Skincare Tips and Advice from Dermatologists,Skin Health,479,,GSC_404_EXPORT,no,,1,0,REBUILD_OR_ARCHIVE,P1
https://www.radianceclinics.com/post/locks-of-elegance-where-to-find-quality-hair-wigs,Locks of Elegance: Where to Find Quality Hair Wigs,Clinic & Doctor,558,https://www.radianceclinics.com/about,GSC_404_EXPORT,no,https://www.radianceclinics.com/about,1,104,REVIEW_EQUIVALENCE,P1
https://www.radianceclinics.com/post/top-5-ways-the-millennial-use-for-better-hair-and-skin,Top 5 Ways the Millennial use for Better Hair and Skin,Skin Health,509,,not-live-checked,no,,1,0,REBUILD_OR_ARCHIVE,P1
https://www.radianceclinics.com/post/how-to-ensure-the-success-of-hair-transplant-having-it-at-a-hair-transplant,How to ensure the success of hair transplant having it at a hair transplant,Hair Transplant,452,https://www.radianceclinics.com/hair-transplant-bhubaneswar,GSC_404_EXPORT,no,https://www.radianceclinics.com/hair-transplant-bhubaneswar,0,495,REVIEW_EQUIVALENCE,P1
https://www.radianceclinics.com/post/body-hair-removal,Body Hair Removal,Laser Hair Reduction,537,https://www.radianceclinics.com/laser-hair-removal-bhubaneswar,not-live-checked,no,https://www.radianceclinics.com/laser-hair-removal-bhubaneswar,0,391,REVIEW_EQUIVALENCE,P1
https://www.radianceclinics.com/post/do-not-get-frustrated-having-skin-issues,Do not get frustrated having skin issues – Radiance Skin and Hair Clinics has the solution,Skin Health,464,,not-live-checked,no,,0,0,REBUILD_OR_ARCHIVE,P1
https://www.radianceclinics.com/post/discovering-the-best-solutions-for-acne-scar-treatment,Discovering the Best Solutions for Acne Scar Treatment,Acne Scars,419,https://www.radianceclinics.com/acne-scar-treatment-bhubaneswar,GSC_404_EXPORT,no,https://www.radianceclinics.com/acne-scar-treatment-bhubaneswar,0,35,REVIEW_EQUIVALENCE,P1
https://www.radianceclinics.com/post/what-are-the-most-common-myths-about-surgical-hair-restoration,What are the Most Common Myths About Surgical Hair Restoration?,Clinic & Doctor,555,https://www.radianceclinics.com/about,not-live-checked,no,https://www.radianceclinics.com/about,0,104,REVIEW_EQUIVALENCE,P1
https://www.radianceclinics.com/body-reshaping-treatment,Body Reshaping Treatment,Clinic & Doctor,431,https://www.radianceclinics.com/about,not-live-checked,no,https://www.radianceclinics.com/about,0,104,REVIEW_EQUIVALENCE,P1
https://www.radianceclinics.com/split-ear-repair-2,Split Ear Repair,Scars & Stretch Marks,420,,not-live-checked,no,,0,0,REBUILD_OR_ARCHIVE,P1
https://www.radianceclinics.com/post/are-fillers-treatments-safe,Are Fillers Treatments Safe?,Ageing & Aesthetics,471,https://www.radianceclinics.com/treatments/aesthetic-dermatology/injectable-aesthetics,not-live-checked,no,https://www.radianceclinics.com/treatments/aesthetic-dermatology/injectable-aesthetics,0,98,REVIEW_EQUIVALENCE,P1
https://www.radianceclinics.com/post/botox-vs-fillers-which-is-right-for-you,Botox vs. Fillers: Which is Right for You?,Ageing & Aesthetics,480,https://www.radianceclinics.com/treatments/aesthetic-dermatology/injectable-aesthetics,not-live-checked,no,https://www.radianceclinics.com/treatments/aesthetic-dermatology/injectable-aesthetics,0,98,REVIEW_EQUIVALENCE,P1
https://www.radianceclinics.com/post/transform-your-look-the-benefits-of-custom-hair-wigs,Transform Your Look: The Benefits of Custom Hair Wigs,Clinic & Doctor,457,https://www.radianceclinics.com/about,not-live-checked,no,https://www.radianceclinics.com/about,0,104,REVIEW_EQUIVALENCE,P1
https://www.radianceclinics.com/post/whats-the-cause-of-under-eye-dark-circles-and-what-treatments-can-help,What's The Cause Of Under-Eye Dark Circles And What Treatments Can Help?,Pigmentation,722,https://www.radianceclinics.com/concerns/pigmentation/under-eye-dark-circles,GSC_404_EXPORT,no,,0,0,REVIEW_EQUIVALENCE,P1
https://www.radianceclinics.com/post/winter-skincare-and-hair-care-top-tips-for-radiance-and-health,Winter Skincare and Hair Care: Top Tips for Radiance and Health,Skin Health,570,,not-live-checked,no,,0,0,REBUILD_OR_ARCHIVE,P1
https://www.radianceclinics.com/post/what-is-lip-blushing-and-how-does-it-work,What Is Lip Blushing and How Does It Work,Clinic & Doctor,645,https://www.radianceclinics.com/about,GSC_404_EXPORT,no,https://www.radianceclinics.com/about,0,104,REVIEW_EQUIVALENCE,P1
https://www.radianceclinics.com/treatment/bridal-dermatology/laser-facials,Laser Facials,Skin Health,152,https://www.radianceclinics.com/skin-clinic-bhubaneswar,GSC_404_EXPORT,no,https://www.radianceclinics.com/skin-clinic-bhubaneswar,9,1847,REVIEW_EQUIVALENCE,P2
https://www.radianceclinics.com/treatment/pigmentation/cosmelan-peel,Cosmelan Peel,Skin Health,167,https://www.radianceclinics.com/skin-clinic-bhubaneswar,GSC_404_EXPORT,no,https://www.radianceclinics.com/skin-clinic-bhubaneswar,9,1847,REVIEW_EQUIVALENCE,P2
https://www.radianceclinics.com/treatment/stretch-marks/erbium-fibre-laser,Erbium Fibre Laser,Skin Health,161,https://www.radianceclinics.com/skin-clinic-bhubaneswar,not-live-checked,no,https://www.radianceclinics.com/skin-clinic-bhubaneswar,9,1847,REVIEW_EQUIVALENCE,P2
https://www.radianceclinics.com/conditions/antiageing/age-spot,Age Spots,Pigmentation,208,https://www.radianceclinics.com/pigmentation-treatment-bhubaneswar,not-live-checked,no,https://www.radianceclinics.com/pigmentation-treatment-bhubaneswar,9,39,REVIEW_EQUIVALENCE,P2
https://www.radianceclinics.com/hair-loss-causes,Causes Of Hair-Loss,Hair Loss & Scalp,307,https://www.radianceclinics.com/knowledge/hair-loss-causes-and-assessment,not-live-checked,yes,,9,0,REDIRECT,P2
https://www.radianceclinics.com/post-hair-transplant-recovery-guide,Post-Hair Transplant Recovery Guide,Hair Transplant,439,https://www.radianceclinics.com/hair-transplant-bhubaneswar,GSC_404_EXPORT,no,https://www.radianceclinics.com/hair-transplant-bhubaneswar,8,495,REVIEW_EQUIVALENCE,P2
https://www.radianceclinics.com/treatment/unwanted-hair/beard-shaping,Beard Shaping,Clinic & Doctor,166,https://www.radianceclinics.com/about,not-live-checked,no,https://www.radianceclinics.com/about,8,104,REVIEW_EQUIVALENCE,P2
https://www.radianceclinics.com/treatment/premium-services/insta-glam,Insta-Glam,Clinic & Doctor,163,https://www.radianceclinics.com/about,not-live-checked,no,https://www.radianceclinics.com/about,8,104,REVIEW_EQUIVALENCE,P2
https://www.radianceclinics.com/treatment/non-surgical-facial-enhancements/lip-enhancement,Lip Enhancement,Ageing & Aesthetics,163,,GSC_404_EXPORT,no,,8,0,REBUILD_OR_ARCHIVE,P2
https://www.radianceclinics.com/treatment/premium-services/4d-photofacial,4D Photofacial,Skin Health,150,https://www.radianceclinics.com/skin-clinic-bhubaneswar,GSC_404_EXPORT,no,https://www.radianceclinics.com/skin-clinic-bhubaneswar,8,1847,REVIEW_EQUIVALENCE,P2
https://www.radianceclinics.com/treatment/acne-treatment/diamond-polishing,Diamond Polishing,Skin Health,150,https://www.radianceclinics.com/skin-clinic-bhubaneswar,GSC_404_EXPORT,no,https://www.radianceclinics.com/skin-clinic-bhubaneswar,8,1847,REVIEW_EQUIVALENCE,P2
https://www.radianceclinics.com/conditions/spider-veins,Spider Veins,Clinic & Doctor,216,https://www.radianceclinics.com/about,GSC_404_EXPORT,no,https://www.radianceclinics.com/about,8,104,REVIEW_EQUIVALENCE,P2
https://www.radianceclinics.com/conditions/laser-tattoo-removal,Laser Tattoo Removal,Skin Health,174,https://www.radianceclinics.com/skin-clinic-bhubaneswar,GSC_404_EXPORT,no,https://www.radianceclinics.com/skin-clinic-bhubaneswar,7,1847,REVIEW_EQUIVALENCE,P2
https://www.radianceclinics.com/media-press-release,Media,Clinic & Doctor,51,https://www.radianceclinics.com/about,GSC_404_EXPORT,no,https://www.radianceclinics.com/about,7,104,REVIEW_EQUIVALENCE,P2
https://www.radianceclinics.com/treatment/bridal-dermatology/carbonpeel,Carbon Peel,Skin Health,159,https://www.radianceclinics.com/skin-clinic-bhubaneswar,GSC_404_EXPORT,no,https://www.radianceclinics.com/skin-clinic-bhubaneswar,6,1847,REVIEW_EQUIVALENCE,P2
https://www.radianceclinics.com/treatment/bridal-dermatology/derma-roller,Dermaroller,Acne Scars,157,https://www.radianceclinics.com/acne-scar-treatment-bhubaneswar,GSC_404_EXPORT,no,https://www.radianceclinics.com/acne-scar-treatment-bhubaneswar,6,35,REVIEW_EQUIVALENCE,P2
https://www.radianceclinics.com/treatment/unwanted-hair/soprano-ice,Soprano ICE,Clinic & Doctor,179,https://www.radianceclinics.com/about,not-live-checked,no,https://www.radianceclinics.com/about,6,104,REVIEW_EQUIVALENCE,P2
https://www.radianceclinics.com/treatment/bridal-dermatology/mesofacials,Mesofacials,Skin Health,171,https://www.radianceclinics.com/skin-clinic-bhubaneswar,not-live-checked,no,https://www.radianceclinics.com/skin-clinic-bhubaneswar,6,1847,REVIEW_EQUIVALENCE,P2
https://www.radianceclinics.com/conditions/acne,Acne,Acne,224,https://www.radianceclinics.com/concerns/acne/acne,not-live-checked,no,,6,0,REVIEW_EQUIVALENCE,P2
https://www.radianceclinics.com/treatment/premium-services/peels,Peels,Skin Health,150,https://www.radianceclinics.com/skin-clinic-bhubaneswar,not-live-checked,no,https://www.radianceclinics.com/skin-clinic-bhubaneswar,6,1847,REVIEW_EQUIVALENCE,P2
https://www.radianceclinics.com/treatment/hairfall/advanced-stemcellow,Advanced Stemcellow,Clinic & Doctor,161,https://www.radianceclinics.com/about,not-live-checked,no,https://www.radianceclinics.com/about,5,104,REVIEW_EQUIVALENCE,P2
https://www.radianceclinics.com/treatment/bridal-dermatology/acnecheck-treatment,Acne Check Treatment,Acne,155,https://www.radianceclinics.com/concerns/acne/acne,GSC_404_EXPORT,no,,5,0,REVIEW_EQUIVALENCE,P2
https://www.radianceclinics.com/post/non-surgical-hair-replacement,Non-Surgical Hair Replacement,Clinic & Doctor,299,https://www.radianceclinics.com/about,GSC_404_EXPORT,no,https://www.radianceclinics.com/about,5,104,REVIEW_EQUIVALENCE,P2
https://www.radianceclinics.com/treatment/acne-scars/erbium-fiber-laser,Erbium Fiber Laser,Skin Health,156,https://www.radianceclinics.com/skin-clinic-bhubaneswar,GSC_404_EXPORT,no,https://www.radianceclinics.com/skin-clinic-bhubaneswar,4,1847,REVIEW_EQUIVALENCE,P2
https://www.radianceclinics.com/conditions/ingrowing-toe-nails,Ingrowing Toe Nails,Clinic & Doctor,190,https://www.radianceclinics.com/about,GSC_404_EXPORT,no,https://www.radianceclinics.com/about,4,104,REVIEW_EQUIVALENCE,P2
https://www.radianceclinics.com/treatment/acne-treatment/acne-erase,Acne Erase,Acne,148,https://www.radianceclinics.com/concerns/acne/acne,GSC_404_EXPORT,no,,4,0,REVIEW_EQUIVALENCE,P2
https://www.radianceclinics.com/treatment/anti-ageing-therapies/hyaluronic-acid-therapy,Hyaluronic Acid Therapy,Clinic & Doctor,158,https://www.radianceclinics.com/about,not-live-checked,no,https://www.radianceclinics.com/about,3,104,REVIEW_EQUIVALENCE,P2
https://www.radianceclinics.com/treatment/non-surgical-facial-enhancements/nose-enhancement,Nose Enhancement,Clinic & Doctor,165,https://www.radianceclinics.com/about,not-live-checked,no,https://www.radianceclinics.com/about,3,104,REVIEW_EQUIVALENCE,P2
https://www.radianceclinics.com/post/top-hair-transplant-methods-achieve-natural-long-lasting-results,"Top Hair Transplant Methods: Achieve Natural, Long-Lasting Results",Hair Transplant,397,https://www.radianceclinics.com/hair-transplant-bhubaneswar,not-live-checked,no,https://www.radianceclinics.com/hair-transplant-bhubaneswar,2,495,REVIEW_EQUIVALENCE,P2
https://www.radianceclinics.com/treatment/anti-ageing-therapies/thread-lift,Thread Lift,Skin Health,158,https://www.radianceclinics.com/skin-clinic-bhubaneswar,GSC_404_EXPORT,no,https://www.radianceclinics.com/skin-clinic-bhubaneswar,2,1847,REVIEW_EQUIVALENCE,P2
https://www.radianceclinics.com/post/hair-transplants-what-to-expect,HAIR TRANSPLANTS: WHAT TO EXPECT?,Hair Transplant,192,https://www.radianceclinics.com/knowledge/hair-transplant-aftercare,not-live-checked,yes,https://www.radianceclinics.com/knowledge/hair-transplant-aftercare,2,3,REDIRECT,P2
https://www.radianceclinics.com/post/stubborn-acne-care-with-proven-medical-options,Stubborn Acne Care with Proven Medical Options,Acne,391,https://www.radianceclinics.com/concerns/acne/acne,GSC_404_EXPORT,no,,1,0,REVIEW_EQUIVALENCE,P2
https://www.radianceclinics.com/post/%E0%AC%B2%E0%AD%87%E0%AC%9C%E0%AC%B0-%E0%AC%B9%E0%AD%87%E0%AD%9F%E0%AC%BE%E0%AC%B0-%E0%AC%B0%E0%AC%BF%E0%AC%AE%E0%AD%81%E0%AC%AD%E0%AC%BE%E0%AC%B2%E0%AD%8D-%E0%AC%B0-%E0%AC%89%E0%AC%AA%E0%AC%95,ଲେଜର ହେୟାର ରିମୁଭାଲ୍ ର ଉପକାରିତା,Skin Health,574,,GSC_404_EXPORT,no,,1,0,REBUILD_OR_ARCHIVE,P2
https://www.radianceclinics.com/treatment/acne-treatment/acne-check-peel,Acne Check Peel,Acne,146,https://www.radianceclinics.com/concerns/acne/acne,not-live-checked,no,,1,0,REVIEW_EQUIVALENCE,P2
https://www.radianceclinics.com/privacy-policy,Privacy Policy,Clinic & Doctor,1203,https://www.radianceclinics.com/about,not-live-checked,no,https://www.radianceclinics.com/about,1,104,REVIEW_EQUIVALENCE,P2
https://www.radianceclinics.com/post/where-to-have-a-high-density-hair-transplant-in-bhubaneswar,Where to have a high density hair transplant in Bhubaneswar,Hair Transplant,406,https://www.radianceclinics.com/hair-transplant-bhubaneswar,not-live-checked,no,https://www.radianceclinics.com/hair-transplant-bhubaneswar,0,495,REVIEW_EQUIVALENCE,P2
https://www.radianceclinics.com/premature-hair-grey-treatment,Premature Hair Grey Treatment,Clinic & Doctor,426,https://www.radianceclinics.com/about,not-live-checked,no,https://www.radianceclinics.com/about,0,104,REVIEW_EQUIVALENCE,P2
https://www.radianceclinics.com/inch-loss-treatment,Inch Loss Treatment,Clinic & Doctor,430,https://www.radianceclinics.com/about,not-live-checked,no,https://www.radianceclinics.com/about,0,104,REVIEW_EQUIVALENCE,P2
https://www.radianceclinics.com/post/the-myths-and-reasons-for-hair-loss-radiance-skin-and-hair-clinics,The Myths and Reasons for Hair Loss,Hair Loss & Scalp,462,https://www.radianceclinics.com/concerns/hair-loss-scalp/hair-loss,not-live-checked,no,,0,0,REVIEW_EQUIVALENCE,P2
https://www.radianceclinics.com/treatment/pigmentation/insta-glow,Insta Glow,Clinic & Doctor,183,https://www.radianceclinics.com/about,GSC_404_EXPORT,no,https://www.radianceclinics.com/about,0,104,REVIEW_EQUIVALENCE,P2
https://www.radianceclinics.com/post/botox-treatment,Botox Treatment,Ageing & Aesthetics,372,https://www.radianceclinics.com/treatments/aesthetic-dermatology/injectable-aesthetics,not-live-checked,no,https://www.radianceclinics.com/treatments/aesthetic-dermatology/injectable-aesthetics,0,98,REVIEW_EQUIVALENCE,P2
https://www.radianceclinics.com/post/radiance-skin-hair-clinic,Radiance Skin & Hair Clinic,Skin Health,310,,not-live-checked,no,,0,0,REBUILD_OR_ARCHIVE,P2
https://www.radianceclinics.com/treatment/non-surgical-facial-enhancements/cheek-enhancement,Cheek Enhancement,Clinic & Doctor,160,https://www.radianceclinics.com/about,GSC_404_EXPORT,no,https://www.radianceclinics.com/about,0,104,REVIEW_EQUIVALENCE,P2
https://www.radianceclinics.com/conditions/antiageing/sagging-skin,Sagging Skin,Skin Health,203,https://www.radianceclinics.com/skin-clinic-bhubaneswar,GSC_404_EXPORT,no,https://www.radianceclinics.com/skin-clinic-bhubaneswar,0,1847,REVIEW_EQUIVALENCE,P2
https://www.radianceclinics.com/post/hair-loss-treatment,Hair Loss Treatment,Hair Loss & Scalp,334,https://www.radianceclinics.com/concerns/hair-loss-scalp/hair-loss,not-live-checked,no,,0,0,REVIEW_EQUIVALENCE,P2
https://www.radianceclinics.com/treatment/bridal-dermatology/permanentmakeup,Permanent Makeup,Skin Health,161,https://www.radianceclinics.com/skin-clinic-bhubaneswar,not-live-checked,no,https://www.radianceclinics.com/skin-clinic-bhubaneswar,0,1847,REVIEW_EQUIVALENCE,P2
https://www.radianceclinics.com/conditions/hairfall/hairfall-in-women,Hairfall In Women,Hair Loss & Scalp,253,https://www.radianceclinics.com/concerns/hair-loss-scalp/hair-loss,not-live-checked,no,,0,0,REVIEW_EQUIVALENCE,P2
https://www.radianceclinics.com/conditions/antiageing/wrinkle,Wrinkles,Ageing & Aesthetics,199,https://www.radianceclinics.com/treatments/aesthetic-dermatology/injectable-aesthetics,not-live-checked,no,https://www.radianceclinics.com/treatments/aesthetic-dermatology/injectable-aesthetics,0,98,REVIEW_EQUIVALENCE,P2
https://www.radianceclinics.com/conditions/antiageing/crows-feet,Crows Feet,Skin Health,212,https://www.radianceclinics.com/skin-clinic-bhubaneswar,not-live-checked,no,https://www.radianceclinics.com/skin-clinic-bhubaneswar,0,1847,REVIEW_EQUIVALENCE,P2
https://www.radianceclinics.com/post/%E0%AC%85%E0%AC%A8%E0%AC%B2%E0%AC%BE%E0%AC%87%E0%AC%A8%E0%AD%8D-%E0%AC%9A%E0%AC%B0%E0%AD%8D%E0%AC%AE%E0%AC%B0%E0%AD%8B%E0%AC%97-%E0%AC%AC%E0%AC%BF%E0%AC%B6%E0%AD%87%E0%AC%B7%E0%AC%9C%E0%AD%8D%E0%AC%9E,ଅନଲାଇନ୍ ଚର୍ମରୋଗ ବିଶେଷଜ୍ଞଙ୍କ ଉପକାରିତା,Other,449,,GSC_404_EXPORT,no,,0,0,REBUILD_OR_ARCHIVE,P2
https://www.radianceclinics.com/conditions/hairfall/premature-grey,Premature Greying,Hair Loss & Scalp,189,,not-live-checked,no,,0,0,REBUILD_OR_ARCHIVE,P2
https://www.radianceclinics.com/conditions/hairfall/alopecia-areata,Alopecia Areata,Hair Loss & Scalp,186,https://www.radianceclinics.com/concerns/hair-loss-scalp/alopecia-areata,GSC_404_EXPORT,no,https://www.radianceclinics.com/concerns/hair-loss-scalp/alopecia-areata,0,4,REVIEW_EQUIVALENCE,P2
https://www.radianceclinics.com/conditions/hairfall/hairfall-in-men,Hairfall In Men,Hair Loss & Scalp,215,https://www.radianceclinics.com/concerns/hair-loss-scalp/hair-loss,not-live-checked,no,,0,0,REVIEW_EQUIVALENCE,P2
https://www.radianceclinics.com/conditions/hairfall/dandruffs,Dandruff,Hair Loss & Scalp,217,https://www.radianceclinics.com/concerns/hair-loss-scalp/dandruff,GSC_404_EXPORT,no,https://www.radianceclinics.com/concerns/hair-loss-scalp/dandruff,0,17,REVIEW_EQUIVALENCE,P2
https://www.radianceclinics.com/botox-treatment,Botox,Ageing & Aesthetics,109,https://www.radianceclinics.com/treatments/aesthetic-dermatology/injectable-aesthetics,not-live-checked,yes,https://www.radianceclinics.com/treatments/aesthetic-dermatology/injectable-aesthetics,0,98,REDIRECT,P2
https://www.radianceclinics.com/post/what-are-the-latest-trends-in-filler-treatment,What Are the Latest Trends in Filler Treatment?,Ageing & Aesthetics,464,https://www.radianceclinics.com/treatments/aesthetic-dermatology/injectable-aesthetics,GSC_404_EXPORT,no,https://www.radianceclinics.com/treatments/aesthetic-dermatology/injectable-aesthetics,0,98,REVIEW_EQUIVALENCE,P2
https://www.radianceclinics.com/conditions/antiageing/deep-fold,Deep Folds,Clinic & Doctor,228,https://www.radianceclinics.com/about,not-live-checked,no,https://www.radianceclinics.com/about,0,104,REVIEW_EQUIVALENCE,P2
https://www.radianceclinics.com/hair,Hair,Clinic & Doctor,28,https://www.radianceclinics.com/about,GSC_404_EXPORT,no,https://www.radianceclinics.com/about,0,104,REVIEW_EQUIVALENCE,P2
https://www.radianceclinics.com/thank-you,Thank You,Other,7,,GSC_404_EXPORT,no,,0,0,REBUILD_OR_ARCHIVE,P2
