query,intent,old_url,current_url,old_clicks,current_clicks,old_impressions,current_impressions,old_position,current_position,position_delta,old_ctr,current_ctr,click_loss,migration_issue,cannibalisation,preferred_target_url,recommended_action,priority
radiance skin & hair clinics,branded,,,95,55,1416,924,4.06,5.92,1.86,6.71,5.95,40,CTR or demand decline requiring validation,not established,,Validate query-to-page ownership before changing content,P0
dermatologist in bhubaneswar,local commercial,https://www.radianceclinics.com/,https://www.radianceclinics.com/skin-clinic-bhubaneswar,3,0,257,288,8.85,8.72,-0.13,1.17,0.00,3,old or non-preferred URL still ranking,homepage owns broad intent,https://www.radianceclinics.com/skin-clinic-bhubaneswar,INTERNAL_LINK,P0
tattoo removal bhubaneswar,local commercial,https://www.radianceclinics.com/tattoo-removal-radiance/,https://www.radianceclinics.com/tattoo-removal-bhubaneswar,3,1,114,57,5.75,6.63,0.88,2.63,1.75,2,old or non-preferred URL still ranking,legacy tattoo removal URL owns historical visibility,https://www.radianceclinics.com/tattoo-removal-bhubaneswar,REDIRECT_AND_INTERNAL_LINK,P0
hair transplant in berhampur,local outstation,https://www.radianceclinics.com/hair-transplant-in-berhampur/,https://www.radianceclinics.com/hair-transplant-berhampur,2,0,66,22,4.45,5.73,1.28,3.03,0.00,2,old or non-preferred URL still ranking,legacy page has current visibility,https://www.radianceclinics.com/hair-transplant-berhampur,REDIRECT,P0
tattoo removal in bhubaneswar,local commercial,https://www.radianceclinics.com/tattoo-removal-radiance/,https://www.radianceclinics.com/tattoo-removal-bhubaneswar,2,0,39,20,8.21,9.05,0.84,5.13,0.00,2,old or non-preferred URL still ranking,legacy tattoo removal URL owns historical visibility,https://www.radianceclinics.com/tattoo-removal-bhubaneswar,REDIRECT_AND_INTERNAL_LINK,P0
botox treatment in bhubaneswar,local commercial,https://www.radianceclinics.com/post/a-complete-guide-to-know-about-botox-treatment/,https://www.radianceclinics.com/botox-treatment-bhubaneswar,2,0,72,66,12.17,16.55,4.38,2.78,0.00,2,old or non-preferred URL still ranking,homepage and legacy article share intent,https://www.radianceclinics.com/botox-treatment-bhubaneswar,REDIRECT_AND_INTERNAL_LINK,P0
hair patch price in bhubaneswar,commercial investigation,https://www.radianceclinics.com/hair-patch/,https://www.radianceclinics.com/non-surgical-hair-replacement-bhubaneswar,2,0,18,17,7.00,6.88,-0.12,11.11,0.00,2,old or non-preferred URL still ranking,legacy hair-patch URL is returning 404,https://www.radianceclinics.com/non-surgical-hair-replacement-bhubaneswar,REDIRECT_AND_INTERNAL_LINK,P0
best dermatologist in bhubaneswar,local commercial,https://www.radianceclinics.com/,https://www.radianceclinics.com/skin-clinic-bhubaneswar,2,0,516,531,6.39,6.31,-0.08,0.39,0.00,2,old or non-preferred URL still ranking,homepage owns broad intent,https://www.radianceclinics.com/skin-clinic-bhubaneswar,INTERNAL_LINK,P0
hair transplant clinic in bhubaneswar,local commercial,https://www.radianceclinics.com/,https://www.radianceclinics.com/hair-transplant-bhubaneswar,3,1,279,340,10.29,11.17,0.88,1.08,0.29,2,old or non-preferred URL still ranking,homepage and legacy URLs share intent,https://www.radianceclinics.com/hair-transplant-bhubaneswar,INTERNAL_LINK,P0
hair patch bhubaneswar,local commercial,https://www.radianceclinics.com/hair-patch/,https://www.radianceclinics.com/non-surgical-hair-replacement-bhubaneswar,1,0,40,19,5.70,9.05,3.35,2.50,0.00,1,old or non-preferred URL still ranking,legacy hair-patch URL is returning 404,https://www.radianceclinics.com/non-surgical-hair-replacement-bhubaneswar,REDIRECT_AND_INTERNAL_LINK,P0
laser hair removal in bhubaneswar,local commercial,https://www.radianceclinics.com/,https://www.radianceclinics.com/laser-hair-removal-bhubaneswar,3,2,145,149,15.59,15.30,-0.29,2.07,1.34,1,old or non-preferred URL still ranking,homepage and legacy page share intent,https://www.radianceclinics.com/laser-hair-removal-bhubaneswar,INTERNAL_LINK,P0
skin care doctor,informational commercial,https://www.radianceclinics.com/post/what-to-expect-during-your-first-visit-to-a-skin-care-doctor/,https://www.radianceclinics.com/skin-clinic-bhubaneswar,0,0,497,312,31.35,27.52,-3.83,0.00,0.00,0,old or non-preferred URL still ranking,legacy article and homepage share intent,https://www.radianceclinics.com/skin-clinic-bhubaneswar,REDIRECT,P0
hair patch in bhubaneswar,local commercial,https://www.radianceclinics.com/hair-patch/,https://www.radianceclinics.com/non-surgical-hair-replacement-bhubaneswar,3,3,205,113,5.88,5.46,-0.42,1.46,2.65,0,old or non-preferred URL still ranking,legacy hair-patch URL is returning 404,https://www.radianceclinics.com/non-surgical-hair-replacement-bhubaneswar,REDIRECT_AND_INTERNAL_LINK,P0
wart removal bhubaneswar,local commercial,https://www.radianceclinics.com/mole-wart-removal/,https://www.radianceclinics.com/wart-removal-bhubaneswar,1,1,34,15,6.06,3.53,-2.53,2.94,6.67,0,old or non-preferred URL still ranking,legacy service URL owns intent,https://www.radianceclinics.com/wart-removal-bhubaneswar,REDIRECT,P0
hair transplant in sambalpur,local outstation,https://www.radianceclinics.com/hair-transplant-in-sambalpur/,https://www.radianceclinics.com/hair-transplant-sambalpur,0,0,38,21,3.97,4.38,0.41,0.00,0.00,0,old or non-preferred URL still ranking,legacy page has current visibility,https://www.radianceclinics.com/hair-transplant-sambalpur,REDIRECT,P0
hair transplant in bhubaneswar,local commercial,https://www.radianceclinics.com/,https://www.radianceclinics.com/hair-transplant-bhubaneswar,8,17,643,631,7.60,8.41,0.81,1.24,2.69,0,old or non-preferred URL still ranking,homepage and legacy URLs share intent,https://www.radianceclinics.com/hair-transplant-bhubaneswar,INTERNAL_LINK,P0
dermal fillers treatment in bhubaneswar,local commercial,https://www.radianceclinics.com/fillers/,https://www.radianceclinics.com/dermal-fillers-bhubaneswar,0,0,80,68,20.01,21.97,1.96,0.00,0.00,0,old or non-preferred URL still ranking,legacy filler URL and generic injectable page split intent,https://www.radianceclinics.com/dermal-fillers-bhubaneswar,REDIRECT_AND_INTERNAL_LINK,P0
prp treatment in bhubaneswar,local commercial,https://www.radianceclinics.com/,https://www.radianceclinics.com/treatments/hair-restoration/prp-gfc-scalp-therapy,2,3,61,63,1.02,3.90,2.88,3.28,4.76,0,old or non-preferred URL still ranking,homepage and legacy PRP URL share intent,https://www.radianceclinics.com/treatments/hair-restoration/prp-gfc-scalp-therapy,PRESERVE,P0
best hair doctor in bhubaneswar,local commercial,,,5,1,318,317,5.75,5.97,0.22,1.57,0.32,4,CTR or demand decline requiring validation,not established,,Validate query-to-page ownership before changing content,P1
radiance hair clinic bhubaneswar,branded,,,3,0,41,14,1.00,1.00,0,7.32,0.00,3,CTR or demand decline requiring validation,not established,,Validate query-to-page ownership before changing content,P1
dermatologist bhubaneswar,local commercial,,,3,0,129,109,9.53,9.98,0.45,2.33,0.00,3,CTR or demand decline requiring validation,not established,,Validate query-to-page ownership before changing content,P1
tattoo removal shop near me,local commercial,,,3,0,6,0,3.33,,0,50.00,0.00,3,CTR or demand decline requiring validation,not established,,Validate query-to-page ownership before changing content,P1
hair treatment in bhubaneswar,local commercial,,,4,1,333,331,13.06,12.39,-0.67,1.20,0.30,3,CTR or demand decline requiring validation,not established,,Validate query-to-page ownership before changing content,P1
radiance skin and hair clinic,branded,,,3,1,207,130,11.82,16.25,4.43,1.45,0.77,2,position decline requiring page-level review,not established,,"Review intent match, indexation and internal links",P1
bhubaneswar hair transplant clinic,local commercial,,,3,1,95,75,2.19,2.40,0.21,3.16,1.33,2,CTR or demand decline requiring validation,not established,,Validate query-to-page ownership before changing content,P1
wart removal clinic near me,local commercial,,,2,0,33,19,7.88,9.16,1.28,6.06,0.00,2,CTR or demand decline requiring validation,not established,,Validate query-to-page ownership before changing content,P1
hair treatment near me,local commercial,,,2,0,28,15,7.36,10.33,2.97,7.14,0.00,2,CTR or demand decline requiring validation,not established,,Validate query-to-page ownership before changing content,P1
hair fall treatment near me,local commercial,,,2,0,13,6,6.85,8.67,1.82,15.38,0.00,2,CTR or demand decline requiring validation,not established,,Validate query-to-page ownership before changing content,P1
earlobe repair near me,local informational,,,2,0,9,6,5.00,5.50,0.5,22.22,0.00,2,CTR or demand decline requiring validation,not established,,Validate query-to-page ownership before changing content,P1
laser treatment in bhubaneswar,local commercial,,,2,0,72,116,11.67,12.24,0.57,2.78,0.00,2,CTR or demand decline requiring validation,not established,,Validate query-to-page ownership before changing content,P1
laser hair removal cost in bhubaneswar,local commercial,,,2,0,35,37,14.14,21.11,6.97,5.71,0.00,2,position decline requiring page-level review,not established,,"Review intent match, indexation and internal links",P1
gfc hair treatment,commercial,,,1,0,146,28,32.19,23.25,-8.94,0.68,0.00,1,CTR or demand decline requiring validation,not established,,Validate query-to-page ownership before changing content,P1
permanent hair removal,commercial,,,1,0,51,0,36.88,,0,1.96,0.00,1,CTR or demand decline requiring validation,not established,,Validate query-to-page ownership before changing content,P1
radiance skin & hair clinic,branded,,,2,1,82,53,28.99,35.74,6.75,2.44,1.89,1,position decline requiring page-level review,not established,,"Review intent match, indexation and internal links",P1
radiant skin and hair clinic,commercial,,,1,0,7,5,3.29,17.60,14.31,14.29,0.00,1,position decline requiring page-level review,not established,,"Review intent match, indexation and internal links",P1
skin laser treatment,commercial,,,1,0,5,8,3.20,8.25,5.05,20.00,0.00,1,position decline requiring page-level review,not established,,"Review intent match, indexation and internal links",P1
acne checker,informational,,,0,0,1123,20,11.49,30.60,19.11,0.00,0.00,0,unresolved; insufficient page-level evidence,not established,,"Review intent match, indexation and internal links",P1
skin doctor,commercial,,,0,0,1630,814,38.01,33.68,-4.33,0.00,0.00,0,unresolved; insufficient page-level evidence,not established,,Validate query-to-page ownership before changing content,P1
dandruff treatment,commercial,,,0,0,503,114,5.67,5.05,-0.62,0.00,0.00,0,unresolved; insufficient page-level evidence,not established,,Validate query-to-page ownership before changing content,P1
acne prone skin,informational,,,0,0,382,151,28.37,27.43,-0.94,0.00,0.00,0,unresolved; insufficient page-level evidence,not established,,Validate query-to-page ownership before changing content,P1
ฉีด gfc ผม,commercial,,,0,0,285,108,44.44,47.27,2.83,0.00,0.00,0,unresolved; insufficient page-level evidence,not established,,Validate query-to-page ownership before changing content,P1
gfc procedure,commercial,,,0,0,274,111,5.50,6.49,0.99,0.00,0.00,0,unresolved; insufficient page-level evidence,not established,,Validate query-to-page ownership before changing content,P1
hair specialist,commercial,,,0,0,225,116,68.57,61.91,-6.66,0.00,0.00,0,unresolved; insufficient page-level evidence,not established,,Validate query-to-page ownership before changing content,P1
hair transplant in kolkata,commercial,,,0,0,200,95,39.13,41.07,1.94,0.00,0.00,0,unresolved; insufficient page-level evidence,not established,,Validate query-to-page ownership before changing content,P1
lip pigmentation treatment,commercial,,,0,0,123,27,30.59,7.93,-22.66,0.00,0.00,0,unresolved; insufficient page-level evidence,not established,,Validate query-to-page ownership before changing content,P1
skin care doctors,informational,,,0,0,172,88,42.65,48.10,5.45,0.00,0.00,0,unresolved; insufficient page-level evidence,not established,,"Review intent match, indexation and internal links",P1
hair transplant candidates,commercial,,,0,0,137,61,77.51,74.77,-2.74,0.00,0.00,0,unresolved; insufficient page-level evidence,not established,,Validate query-to-page ownership before changing content,P1
hair transplant clinic in kolkata,commercial,,,0,0,167,92,43.05,38.42,-4.63,0.00,0.00,0,unresolved; insufficient page-level evidence,not established,,Validate query-to-page ownership before changing content,P1
radiance skin,branded,,,0,0,174,103,8.40,10.91,2.51,0.00,0.00,0,unresolved; insufficient page-level evidence,not established,,Validate query-to-page ownership before changing content,P1
skin treatment doctor,commercial,,,0,0,103,34,48.71,39.62,-9.09,0.00,0.00,0,unresolved; insufficient page-level evidence,not established,,Validate query-to-page ownership before changing content,P1
hair removal treatment,commercial,,,0,0,242,174,49.95,53.76,3.81,0.00,0.00,0,unresolved; insufficient page-level evidence,not established,,"Review intent match, indexation and internal links",P1
gfc treatment for hair,commercial,,,0,0,76,8,23.88,17.50,-6.38,0.00,0.00,0,unresolved; insufficient page-level evidence,not established,,Validate query-to-page ownership before changing content,P1
check acne,informational,,,0,0,102,37,1.74,2.08,0.34,0.00,0.00,0,unresolved; insufficient page-level evidence,not established,,Validate query-to-page ownership before changing content,P1
skin care dr,informational,,,0,0,109,48,8.53,8.62,0.09,0.00,0.00,0,unresolved; insufficient page-level evidence,not established,,Validate query-to-page ownership before changing content,P1
best hair transplant clinic in bhubaneswar,local commercial,,,2,5,340,281,8.96,9.40,0.44,0.59,1.78,0,unresolved; insufficient page-level evidence,not established,,Validate query-to-page ownership before changing content,P1
hair doctor cuttack,commercial,,,0,0,109,50,9.83,10.80,0.97,0.00,0.00,0,unresolved; insufficient page-level evidence,not established,,Validate query-to-page ownership before changing content,P1
is laser hair removal permanent,informational,,,0,0,57,25,25.19,31.44,6.25,0.00,0.00,0,unresolved; insufficient page-level evidence,not established,,"Review intent match, indexation and internal links",P1
best hair treatment in kolkata,commercial,,,0,0,34,6,12.44,22.50,10.06,0.00,0.00,0,unresolved; insufficient page-level evidence,not established,,"Review intent match, indexation and internal links",P1
hair rejuvenation treatment,commercial,,,0,0,50,30,57.30,66.73,9.43,0.00,0.00,0,unresolved; insufficient page-level evidence,not established,,"Review intent match, indexation and internal links",P1
best hair transplant kolkata,commercial,,,0,0,36,17,25.67,34.12,8.45,0.00,0.00,0,unresolved; insufficient page-level evidence,not established,,"Review intent match, indexation and internal links",P1
piercing,informational,,,0,0,25,8,9.92,45.88,35.96,0.00,0.00,0,unresolved; insufficient page-level evidence,not established,,"Review intent match, indexation and internal links",P1
diode laser hair removal in newtown,commercial,,,0,0,25,14,39.80,50.21,10.41,0.00,0.00,0,unresolved; insufficient page-level evidence,not established,,"Review intent match, indexation and internal links",P1
weight loss clinic,commercial,,,0,0,17,6,41.06,60.67,19.61,0.00,0.00,0,unresolved; insufficient page-level evidence,not established,,"Review intent match, indexation and internal links",P1
kolkata best hair transplant,commercial,,,0,0,13,4,61.31,69.25,7.94,0.00,0.00,0,unresolved; insufficient page-level evidence,not established,,"Review intent match, indexation and internal links",P1
how long do ombre brows last,informational,,,0,0,14,6,28.86,40.17,11.31,0.00,0.00,0,unresolved; insufficient page-level evidence,not established,,"Review intent match, indexation and internal links",P1
beauty clinic treatments,commercial,,,0,0,14,7,21.29,31.43,10.14,0.00,0.00,0,unresolved; insufficient page-level evidence,not established,,"Review intent match, indexation and internal links",P1
lip pigmentation laser treatment,commercial,,,0,0,11,4,29.18,36.75,7.57,0.00,0.00,0,unresolved; insufficient page-level evidence,not established,,"Review intent match, indexation and internal links",P1
body reshaping doctor in bhubaneswar,local commercial,,,0,0,11,5,22.82,30.20,7.38,0.00,0.00,0,unresolved; insufficient page-level evidence,not established,,"Review intent match, indexation and internal links",P1
laser tattoo removal treatment in bhubaneswar,local commercial,https://www.radianceclinics.com/tattoo-removal-radiance/,https://www.radianceclinics.com/tattoo-removal-bhubaneswar,0,0,31,26,25.13,28.42,3.29,0.00,0.00,0,old or non-preferred URL still ranking,legacy tattoo removal URL owns historical visibility,https://www.radianceclinics.com/tattoo-removal-bhubaneswar,REDIRECT_AND_INTERNAL_LINK,P1
hair transplant specialist,commercial,,,0,0,16,11,73.44,80.91,7.47,0.00,0.00,0,unresolved; insufficient page-level evidence,not established,,"Review intent match, indexation and internal links",P1
keratin treatment price in bbsr,local commercial,,,0,0,10,6,41.10,49.83,8.73,0.00,0.00,0,unresolved; insufficient page-level evidence,not established,,"Review intent match, indexation and internal links",P1
radiance hair studio,branded,,,0,0,8,5,26.25,41.60,15.35,0.00,0.00,0,unresolved; insufficient page-level evidence,not established,,"Review intent match, indexation and internal links",P1
radiant hair clinic,commercial,,,0,0,8,6,6.00,16.33,10.33,0.00,0.00,0,unresolved; insufficient page-level evidence,not established,,"Review intent match, indexation and internal links",P1
hydrafacial,informational,,,0,0,8,6,24.12,32.17,8.05,0.00,0.00,0,unresolved; insufficient page-level evidence,not established,,"Review intent match, indexation and internal links",P1
hair restoration near me,local informational,,,0,0,6,4,5.33,32.25,26.92,0.00,0.00,0,unresolved; insufficient page-level evidence,not established,,"Review intent match, indexation and internal links",P1
roots clinic,commercial,,,0,0,7,6,34.71,43.00,8.29,0.00,0.00,0,unresolved; insufficient page-level evidence,not established,,"Review intent match, indexation and internal links",P1
hair clinic,commercial,,,0,0,30,65,25.17,33.32,8.15,0.00,0.00,0,unresolved; insufficient page-level evidence,not established,,"Review intent match, indexation and internal links",P1
site:www.radianceclinics.com,informational,,,0,0,23,61,1.00,61.66,60.66,0.00,0.00,0,unresolved; insufficient page-level evidence,not established,,"Review intent match, indexation and internal links",P1
best cosmetologist in bhubaneswar,local informational,,,0,0,10,44,11.90,22.82,10.92,0.00,0.00,0,unresolved; insufficient page-level evidence,not established,,"Review intent match, indexation and internal links",P1
vitiligo treatment in bhubaneswar,local commercial,,,0,0,11,39,6.55,20.38,13.83,0.00,0.00,0,unresolved; insufficient page-level evidence,not established,,"Review intent match, indexation and internal links",P1
wart doctor,commercial,,,0,0,23,39,51.91,59.77,7.86,0.00,0.00,0,unresolved; insufficient page-level evidence,not established,,"Review intent match, indexation and internal links",P1
dermatologist wart removal,commercial,,,0,0,28,35,65.21,73.60,8.39,0.00,0.00,0,unresolved; insufficient page-level evidence,not established,,"Review intent match, indexation and internal links",P1
radiance skin and hair care,branded,,,0,0,28,34,41.54,53.79,12.25,0.00,0.00,0,unresolved; insufficient page-level evidence,not established,,"Review intent match, indexation and internal links",P1
best doctor for hair treatment in bhubaneswar,local commercial,,,0,1,9,30,6.67,12.40,5.73,0.00,3.33,0,unresolved; insufficient page-level evidence,not established,,"Review intent match, indexation and internal links",P1
forehead lines,informational,,,0,0,10,25,70.00,79.28,9.28,0.00,0.00,0,unresolved; insufficient page-level evidence,not established,,"Review intent match, indexation and internal links",P1
growth factor therapy,informational,,,0,0,5,16,42.40,52.06,9.66,0.00,0.00,0,unresolved; insufficient page-level evidence,not established,,"Review intent match, indexation and internal links",P1
new radiance,branded,,,0,0,12,13,46.50,53.31,6.81,0.00,0.00,0,unresolved; insufficient page-level evidence,not established,,"Review intent match, indexation and internal links",P1
skin doctor treatment,commercial,,,0,0,9,12,74.33,81.67,7.34,0.00,0.00,0,unresolved; insufficient page-level evidence,not established,,"Review intent match, indexation and internal links",P1
hair transplant cost bhubaneswar,local commercial,,,0,0,7,10,3.43,26.80,23.37,0.00,0.00,0,unresolved; insufficient page-level evidence,not established,,"Review intent match, indexation and internal links",P1
gfc hair treatment near me,local commercial,,,0,0,6,10,7.00,14.40,7.4,0.00,0.00,0,unresolved; insufficient page-level evidence,not established,,"Review intent match, indexation and internal links",P1
ultherapy,informational,,,0,0,5,8,36.20,47.00,10.8,0.00,0.00,0,unresolved; insufficient page-level evidence,not established,,"Review intent match, indexation and internal links",P1
best hair and dental center in bhubaneswar,local informational,,,0,0,8,8,32.50,44.00,11.5,0.00,0.00,0,unresolved; insufficient page-level evidence,not established,,"Review intent match, indexation and internal links",P1
vitiligo surgery treatment in bhubaneswar,local commercial,,,0,0,6,7,11.50,21.86,10.36,0.00,0.00,0,unresolved; insufficient page-level evidence,not established,,"Review intent match, indexation and internal links",P1
anti acne treatment,commercial,,,0,0,5,5,47.00,72.40,25.4,0.00,0.00,0,unresolved; insufficient page-level evidence,not established,,"Review intent match, indexation and internal links",P1
hair patch service near me,local informational,,,1,0,99,50,8.51,7.96,-0.55,1.01,0.00,1,CTR or demand decline requiring validation,not established,,Validate query-to-page ownership before changing content,P2
sambalpur hair transplant clinic,commercial,,,1,0,29,3,6.00,5.33,-0.67,3.45,0.00,1,CTR or demand decline requiring validation,not established,,Validate query-to-page ownership before changing content,P2
best hair patch in bhubaneswar,local informational,,,2,1,62,40,4.02,6.88,2.86,3.23,2.50,1,CTR or demand decline requiring validation,not established,,Validate query-to-page ownership before changing content,P2
best hair doctor in balasore,commercial,,,1,0,49,27,6.61,7.04,0.43,2.04,0.00,1,CTR or demand decline requiring validation,not established,,Validate query-to-page ownership before changing content,P2
radiance hair clinic,branded,,,4,3,159,145,36.21,33.55,-2.66,2.52,2.07,1,CTR or demand decline requiring validation,not established,,Validate query-to-page ownership before changing content,P2
hair specialist bhubaneswar,local commercial,,,1,0,62,48,4.66,6.85,2.19,1.61,0.00,1,CTR or demand decline requiring validation,not established,,Validate query-to-page ownership before changing content,P2
hydrafacial bhubaneswar,local informational,,,1,0,23,14,6.83,6.29,-0.54,4.35,0.00,1,CTR or demand decline requiring validation,not established,,Validate query-to-page ownership before changing content,P2
prp hair treatment in bhubaneswar,local commercial,,,1,0,18,9,3.83,3.56,-0.27,5.56,0.00,1,CTR or demand decline requiring validation,not established,,Validate query-to-page ownership before changing content,P2
best gfc treatment near me,local commercial,,,1,0,10,4,5.70,5.50,-0.2,10.00,0.00,1,CTR or demand decline requiring validation,not established,,Validate query-to-page ownership before changing content,P2
best hair transplant clinic in india,commercial,,,1,0,6,0,12.67,,0,16.67,0.00,1,CTR or demand decline requiring validation,not established,,Validate query-to-page ownership before changing content,P2
fat loss treatment near me,local commercial,,,1,0,5,0,33.80,,0,20.00,0.00,1,CTR or demand decline requiring validation,not established,,Validate query-to-page ownership before changing content,P2
laser skin treatment near me,local commercial,,,1,0,5,0,7.00,,0,20.00,0.00,1,CTR or demand decline requiring validation,not established,,Validate query-to-page ownership before changing content,P2
hair doctor in bhubaneswar,local commercial,,,1,0,139,135,11.16,8.44,-2.72,0.72,0.00,1,CTR or demand decline requiring validation,not established,,Validate query-to-page ownership before changing content,P2
microblading near me,local informational,,,1,0,9,8,4.00,5.12,1.12,11.11,0.00,1,CTR or demand decline requiring validation,not established,,Validate query-to-page ownership before changing content,P2
best dermatologist bhubaneswar,local commercial,,,2,1,141,156,6.97,6.87,-0.1,1.42,0.64,1,CTR or demand decline requiring validation,not established,,Validate query-to-page ownership before changing content,P2
radiance,branded,,,4,3,93,123,4.75,6.50,1.75,4.30,2.44,1,CTR or demand decline requiring validation,not established,,Validate query-to-page ownership before changing content,P2
hair transplant clinic near me,local commercial,,,1,0,62,79,3.56,3.96,0.4,1.61,0.00,1,CTR or demand decline requiring validation,not established,,Validate query-to-page ownership before changing content,P2
hair transplant cost in bhubaneswar,local commercial,,,1,0,54,76,32.94,26.70,-6.24,1.85,0.00,1,CTR or demand decline requiring validation,not established,,Validate query-to-page ownership before changing content,P2
best skin clinic in bhubaneswar,local commercial,,,1,0,45,70,14.67,12.04,-2.63,2.22,0.00,1,CTR or demand decline requiring validation,not established,,Validate query-to-page ownership before changing content,P2
best skin specialist in bhubaneswar,local commercial,,,1,0,64,64,12.48,8.33,-4.15,1.56,0.00,1,CTR or demand decline requiring validation,not established,,Validate query-to-page ownership before changing content,P2
skin care clinic bhubaneswar,local commercial,,,1,0,59,59,10.68,10.86,0.18,1.69,0.00,1,CTR or demand decline requiring validation,not established,,Validate query-to-page ownership before changing content,P2
best hair transplant in odisha,local commercial,,,1,0,52,55,2.38,2.84,0.46,1.92,0.00,1,CTR or demand decline requiring validation,not established,,Validate query-to-page ownership before changing content,P2
hair treatment bhubaneswar,local commercial,,,1,0,48,49,7.19,10.22,3.03,2.08,0.00,1,position decline requiring page-level review,not established,,"Review intent match, indexation and internal links",P2
lice treatment in bhubaneswar,local commercial,,,1,0,31,34,2.13,2.62,0.49,3.23,0.00,1,CTR or demand decline requiring validation,not established,,Validate query-to-page ownership before changing content,P2
clinics in bhubaneswar,local informational,,,2,1,20,23,8.00,9.70,1.7,10.00,4.35,1,CTR or demand decline requiring validation,not established,,Validate query-to-page ownership before changing content,P2
best hair doctor in odisha,local commercial,,,1,0,20,23,5.00,6.57,1.57,5.00,0.00,1,CTR or demand decline requiring validation,not established,,Validate query-to-page ownership before changing content,P2
yes,informational,,,1,0,17,19,4.06,3.21,-0.85,5.88,0.00,1,CTR or demand decline requiring validation,not established,,Validate query-to-page ownership before changing content,P2
best hydra facial in bhubaneswar,local informational,,,1,0,16,19,4.19,4.42,0.23,6.25,0.00,1,CTR or demand decline requiring validation,not established,,Validate query-to-page ownership before changing content,P2
berhampur hair treatment,commercial,,,1,0,10,16,6.70,6.69,-0.01,10.00,0.00,1,CTR or demand decline requiring validation,not established,,Validate query-to-page ownership before changing content,P2
pseudo acanthosis nigricans,informational,,,1,0,8,8,20.62,12.88,-7.74,12.50,0.00,1,CTR or demand decline requiring validation,not established,,Validate query-to-page ownership before changing content,P2
ear piercing bhubaneswar,local informational,,,0,0,94,50,11.30,11.44,0.14,0.00,0.00,0,unresolved; insufficient page-level evidence,not established,,Validate query-to-page ownership before changing content,P2
what is bio hair,informational,,,0,0,63,19,10.14,9.05,-1.09,0.00,0.00,0,unresolved; insufficient page-level evidence,not established,,Validate query-to-page ownership before changing content,P2
best hair transplant clinic in kolkata,commercial,,,0,0,74,35,32.89,33.54,0.65,0.00,0.00,0,unresolved; insufficient page-level evidence,not established,,Validate query-to-page ownership before changing content,P2
hair treatment kolkata,commercial,,,0,0,52,13,8.08,10.08,2,0.00,0.00,0,unresolved; insufficient page-level evidence,not established,,Validate query-to-page ownership before changing content,P2
acne check,informational,,,0,0,156,118,11.18,9.28,-1.9,0.00,0.00,0,unresolved; insufficient page-level evidence,not established,,Validate query-to-page ownership before changing content,P2
hair transplant,commercial,,,0,1,91,53,4.80,5.08,0.28,0.00,1.89,0,unresolved; insufficient page-level evidence,not established,,Validate query-to-page ownership before changing content,P2
doctor skin,commercial,,,0,0,90,54,20.80,14.83,-5.97,0.00,0.00,0,unresolved; insufficient page-level evidence,not established,,Validate query-to-page ownership before changing content,P2
radiance skin care,branded,,,0,0,63,27,20.81,25.11,4.3,0.00,0.00,0,unresolved; insufficient page-level evidence,not established,,"Review intent match, indexation and internal links",P2
best hair doctor in kolkata,commercial,,,0,0,34,0,11.91,,0,0.00,0.00,0,unresolved; insufficient page-level evidence,not established,,Validate query-to-page ownership before changing content,P2
hair treatment in kolkata,commercial,,,0,0,57,25,23.58,12.88,-10.7,0.00,0.00,0,unresolved; insufficient page-level evidence,not established,,Validate query-to-page ownership before changing content,P2
botox treatment,commercial,,,0,0,63,32,26.00,24.41,-1.59,0.00,0.00,0,unresolved; insufficient page-level evidence,not established,,Validate query-to-page ownership before changing content,P2
best hair clinic in kolkata,commercial,,,0,0,53,22,27.62,25.27,-2.35,0.00,0.00,0,unresolved; insufficient page-level evidence,not established,,Validate query-to-page ownership before changing content,P2
ear piercing near me,local informational,,,0,0,31,0,11.84,,0,0.00,0.00,0,unresolved; insufficient page-level evidence,not established,,Validate query-to-page ownership before changing content,P2
bio treatment for hair,commercial,,,0,0,43,13,9.21,9.00,-0.21,0.00,0.00,0,unresolved; insufficient page-level evidence,not established,,Validate query-to-page ownership before changing content,P2
doctor facial,commercial,,,0,0,66,37,3.53,3.65,0.12,0.00,0.00,0,unresolved; insufficient page-level evidence,not established,,Validate query-to-page ownership before changing content,P2
what is gfc,informational,,,0,0,39,10,13.69,16.00,2.31,0.00,0.00,0,unresolved; insufficient page-level evidence,not established,,Validate query-to-page ownership before changing content,P2
hair transplant density,commercial,,,0,0,27,0,31.89,,0,0.00,0.00,0,unresolved; insufficient page-level evidence,not established,,Validate query-to-page ownership before changing content,P2
hair care after hair transplant,commercial,,,0,0,69,43,79.43,79.00,-0.43,0.00,0.00,0,unresolved; insufficient page-level evidence,not established,,Validate query-to-page ownership before changing content,P2
hair patch near me,local informational,,,0,0,35,9,6.20,5.44,-0.76,0.00,0.00,0,unresolved; insufficient page-level evidence,not established,,Validate query-to-page ownership before changing content,P2
radiance hair and sk,branded,,,0,0,54,29,48.87,52.93,4.06,0.00,0.00,0,unresolved; insufficient page-level evidence,not established,,"Review intent match, indexation and internal links",P2
hair specialist in sambalpur,commercial,,,0,0,51,26,10.08,10.08,0,0.00,0.00,0,unresolved; insufficient page-level evidence,not established,,Validate query-to-page ownership before changing content,P2
doctors skin care,informational,,,0,0,48,23,29.71,29.35,-0.36,0.00,0.00,0,unresolved; insufficient page-level evidence,not established,,Validate query-to-page ownership before changing content,P2
scalp micropigmentation near me,local informational,,,0,0,31,7,15.87,13.57,-2.3,0.00,0.00,0,unresolved; insufficient page-level evidence,not established,,Validate query-to-page ownership before changing content,P2
ear piercing price in bhubaneswar,local informational,,,0,0,23,0,11.48,,0,0.00,0.00,0,unresolved; insufficient page-level evidence,not established,,Validate query-to-page ownership before changing content,P2
can laser remove facial hair permanently,informational,,,0,0,23,0,44.26,,0,0.00,0.00,0,unresolved; insufficient page-level evidence,not established,,Validate query-to-page ownership before changing content,P2
best hair doctor in cuttack,commercial,,,0,0,60,38,10.88,10.71,-0.17,0.00,0.00,0,unresolved; insufficient page-level evidence,not established,,Validate query-to-page ownership before changing content,P2
gfc therapy,commercial,,,0,0,43,21,13.26,11.00,-2.26,0.00,0.00,0,unresolved; insufficient page-level evidence,not established,,Validate query-to-page ownership before changing content,P2
growth factor injections hair,informational,,,0,0,22,0,55.32,,0,0.00,0.00,0,unresolved; insufficient page-level evidence,not established,,Validate query-to-page ownership before changing content,P2
best hair restoration in odisha,local informational,,,0,0,69,48,2.07,1.42,-0.65,0.00,0.00,0,unresolved; insufficient page-level evidence,not established,,Validate query-to-page ownership before changing content,P2
derma radiance skin & hair clinic,branded,,,0,0,62,41,7.73,9.59,1.86,0.00,0.00,0,unresolved; insufficient page-level evidence,not established,,Validate query-to-page ownership before changing content,P2
piercing bhubaneswar,local informational,,,0,0,44,23,8.82,8.91,0.09,0.00,0.00,0,unresolved; insufficient page-level evidence,not established,,Validate query-to-page ownership before changing content,P2
growth factor concentrate for hair,informational,,,0,0,35,14,24.80,23.50,-1.3,0.00,0.00,0,unresolved; insufficient page-level evidence,not established,,Validate query-to-page ownership before changing content,P2
plasma hair treatment near me,local commercial,,,0,0,26,5,23.15,21.80,-1.35,0.00,0.00,0,unresolved; insufficient page-level evidence,not established,,Validate query-to-page ownership before changing content,P2
ear lobe repair in bhubaneswar,local informational,,,0,0,21,0,9.33,,0,0.00,0.00,0,unresolved; insufficient page-level evidence,not established,,Validate query-to-page ownership before changing content,P2
permanent hair reduction,informational,,,0,0,21,0,34.14,,0,0.00,0.00,0,unresolved; insufficient page-level evidence,not established,,Validate query-to-page ownership before changing content,P2
hair removal permanent,commercial,,,0,0,21,0,73.33,,0,0.00,0.00,0,unresolved; insufficient page-level evidence,not established,,Validate query-to-page ownership before changing content,P2
hair clinic near me,local commercial,,,0,0,88,68,6.18,7.19,1.01,0.00,0.00,0,unresolved; insufficient page-level evidence,not established,,Validate query-to-page ownership before changing content,P2
skin treatment,commercial,,,0,0,26,6,25.96,7.00,-18.96,0.00,0.00,0,unresolved; insufficient page-level evidence,not established,,Validate query-to-page ownership before changing content,P2
weight loss centres,informational,,,0,0,20,0,38.35,,0,0.00,0.00,0,unresolved; insufficient page-level evidence,not established,,Validate query-to-page ownership before changing content,P2
what is gfc hair treatment,informational,,,0,0,25,6,22.32,19.50,-2.82,0.00,0.00,0,unresolved; insufficient page-level evidence,not established,,Validate query-to-page ownership before changing content,P2
permanent laser hair removal,commercial,,,0,0,19,0,45.16,,0,0.00,0.00,0,unresolved; insufficient page-level evidence,not established,,Validate query-to-page ownership before changing content,P2
hair clinic bhubaneswar,local commercial,,,1,3,159,141,3.29,2.96,-0.33,0.63,2.13,0,unresolved; insufficient page-level evidence,not established,,Validate query-to-page ownership before changing content,P2
hair specialist near me,local commercial,,,0,0,38,20,6.29,6.95,0.66,0.00,0.00,0,unresolved; insufficient page-level evidence,not established,,Validate query-to-page ownership before changing content,P2
roots restore,informational,,,0,0,34,16,8.41,11.25,2.84,0.00,0.00,0,unresolved; insufficient page-level evidence,not established,,Validate query-to-page ownership before changing content,P2
hair transplant cost in odisha,local commercial,,,0,0,27,9,1.93,2.00,0.07,0.00,0.00,0,unresolved; insufficient page-level evidence,not established,,Validate query-to-page ownership before changing content,P2
ear piercing in bhubaneswar,local informational,,,0,0,24,6,10.92,10.50,-0.42,0.00,0.00,0,unresolved; insufficient page-level evidence,not established,,Validate query-to-page ownership before changing content,P2
hair treatment clinic in kolkata,commercial,,,0,0,30,13,36.57,35.08,-1.49,0.00,0.00,0,unresolved; insufficient page-level evidence,not established,,Validate query-to-page ownership before changing content,P2
beard transplant clinic in kolkata,commercial,,,0,0,30,13,46.20,42.69,-3.51,0.00,0.00,0,unresolved; insufficient page-level evidence,not established,,Validate query-to-page ownership before changing content,P2
hydrafacial price in bhubaneswar,local informational,,,0,0,28,11,11.14,10.82,-0.32,0.00,0.00,0,unresolved; insufficient page-level evidence,not established,,Validate query-to-page ownership before changing content,P2
skin doctor bhubaneswar,local commercial,,,0,1,97,81,15.15,14.40,-0.75,0.00,1.23,0,unresolved; insufficient page-level evidence,not established,,Validate query-to-page ownership before changing content,P2
best hair specialist in cuttack,commercial,,,0,0,35,19,9.57,9.32,-0.25,0.00,0.00,0,unresolved; insufficient page-level evidence,not established,,Validate query-to-page ownership before changing content,P2
best hair doctor in sambalpur,commercial,,,0,0,33,17,9.97,9.24,-0.73,0.00,0.00,0,unresolved; insufficient page-level evidence,not established,,Validate query-to-page ownership before changing content,P2
radiance skin clinic bhubaneswar,branded,,,0,0,16,0,1.00,,0,0.00,0.00,0,unresolved; insufficient page-level evidence,not established,,Validate query-to-page ownership before changing content,P2
piercing near me,local informational,,,0,0,54,39,10.19,10.18,-0.01,0.00,0.00,0,unresolved; insufficient page-level evidence,not established,,Validate query-to-page ownership before changing content,P2
radiance skin & hair clinics bhubaneswar,branded,,,2,2,36,21,1.06,1.19,0.13,5.56,9.52,0,unresolved; insufficient page-level evidence,not established,,Validate query-to-page ownership before changing content,P2
bio hair,informational,,,0,0,31,16,10.55,10.19,-0.36,0.00,0.00,0,unresolved; insufficient page-level evidence,not established,,Validate query-to-page ownership before changing content,P2
lip lightening treatment near me,local commercial,,,0,0,15,0,47.27,,0,0.00,0.00,0,unresolved; insufficient page-level evidence,not established,,Validate query-to-page ownership before changing content,P2
what makes you feel most confident about your hair?,informational,,,0,0,15,0,10.00,,0,0.00,0.00,0,unresolved; insufficient page-level evidence,not established,,Validate query-to-page ownership before changing content,P2
hair transplant sambalpur,commercial,,,0,0,15,0,3.80,,0,0.00,0.00,0,unresolved; insufficient page-level evidence,not established,,Validate query-to-page ownership before changing content,P2
high density hair transplant,commercial,,,0,0,15,0,40.20,,0,0.00,0.00,0,unresolved; insufficient page-level evidence,not established,,Validate query-to-page ownership before changing content,P2
gfc full form,commercial,,,0,0,15,0,25.93,,0,0.00,0.00,0,unresolved; insufficient page-level evidence,not established,,Validate query-to-page ownership before changing content,P2
dr srichandan skin specialist bhubaneswar,local commercial,,,0,0,15,0,2.87,,0,0.00,0.00,0,unresolved; insufficient page-level evidence,not established,,Validate query-to-page ownership before changing content,P2
hydra facial price in bhubaneswar,local informational,,,0,0,53,39,10.04,8.82,-1.22,0.00,0.00,0,unresolved; insufficient page-level evidence,not established,,Validate query-to-page ownership before changing content,P2
rupam clinic,commercial,,,0,0,43,29,27.63,26.45,-1.18,0.00,0.00,0,unresolved; insufficient page-level evidence,not established,,Validate query-to-page ownership before changing content,P2
body hair transplant,commercial,,,0,0,32,18,77.03,74.94,-2.09,0.00,0.00,0,unresolved; insufficient page-level evidence,not established,,Validate query-to-page ownership before changing content,P2
best dermatologist in bhubaneswar for skin,local commercial,,,0,0,30,16,7.00,6.44,-0.56,0.00,0.00,0,unresolved; insufficient page-level evidence,not established,,Validate query-to-page ownership before changing content,P2
hair specialist in balasore,commercial,,,0,0,30,16,7.13,8.50,1.37,0.00,0.00,0,unresolved; insufficient page-level evidence,not established,,Validate query-to-page ownership before changing content,P2
anti aging fillers,informational,,,0,0,23,9,41.43,40.78,-0.65,0.00,0.00,0,unresolved; insufficient page-level evidence,not established,,Validate query-to-page ownership before changing content,P2
hair fall doctor in bhubaneswar,local commercial,,,0,0,22,8,5.82,5.88,0.06,0.00,0.00,0,unresolved; insufficient page-level evidence,not established,,Validate query-to-page ownership before changing content,P2
growth factor concentrate treatment,commercial,,,0,0,20,6,22.80,21.00,-1.8,0.00,0.00,0,unresolved; insufficient page-level evidence,not established,,Validate query-to-page ownership before changing content,P2
growth factor injections for hair loss,informational,,,0,0,18,4,87.56,72.00,-15.56,0.00,0.00,0,unresolved; insufficient page-level evidence,not established,,Validate query-to-page ownership before changing content,P2
hair,informational,,,0,0,14,0,5.14,,0,0.00,0.00,0,unresolved; insufficient page-level evidence,not established,,Validate query-to-page ownership before changing content,P2
tattoo removal,commercial,,,0,0,14,0,7.07,,0,0.00,0.00,0,unresolved; insufficient page-level evidence,not established,,Validate query-to-page ownership before changing content,P2
hair transplant cuttack,commercial,,,0,0,14,0,4.36,,0,0.00,0.00,0,unresolved; insufficient page-level evidence,not established,,Validate query-to-page ownership before changing content,P2
acne zap,informational,,,0,0,14,0,11.21,,0,0.00,0.00,0,unresolved; insufficient page-level evidence,not established,,Validate query-to-page ownership before changing content,P2
best hair specialist in bhubaneswar,local commercial,,,0,1,194,181,12.35,11.06,-1.29,0.00,0.55,0,unresolved; insufficient page-level evidence,not established,,Validate query-to-page ownership before changing content,P2
facial doctor,commercial,,,0,0,70,57,7.79,7.07,-0.72,0.00,0.00,0,unresolved; insufficient page-level evidence,not established,,Validate query-to-page ownership before changing content,P2
gfc,commercial,,,0,0,48,35,27.27,26.83,-0.44,0.00,0.00,0,unresolved; insufficient page-level evidence,not established,,Validate query-to-page ownership before changing content,P2
berhampur hair doctor,commercial,,,0,0,35,22,6.97,7.09,0.12,0.00,0.00,0,unresolved; insufficient page-level evidence,not established,,Validate query-to-page ownership before changing content,P2
hair transplant kolkata,commercial,,,0,0,35,22,37.43,40.55,3.12,0.00,0.00,0,unresolved; insufficient page-level evidence,not established,,"Review intent match, indexation and internal links",P2
scalp micropigmentation clinic,commercial,,,0,0,27,14,18.11,18.79,0.68,0.00,0.00,0,unresolved; insufficient page-level evidence,not established,,Validate query-to-page ownership before changing content,P2
hair loss affecting confidence,informational,,,0,0,23,10,16.52,16.90,0.38,0.00,0.00,0,unresolved; insufficient page-level evidence,not established,,Validate query-to-page ownership before changing content,P2
how many sessions of prp are usually needed,informational,,,0,0,23,10,49.17,50.50,1.33,0.00,0.00,0,unresolved; insufficient page-level evidence,not established,,Validate query-to-page ownership before changing content,P2
best skin and hair doctor in bhubaneswar,local commercial,,,0,0,19,6,5.26,2.83,-2.43,0.00,0.00,0,unresolved; insufficient page-level evidence,not established,,Validate query-to-page ownership before changing content,P2
can laser hair removal be permanent,informational,,,0,0,18,5,33.11,30.60,-2.51,0.00,0.00,0,unresolved; insufficient page-level evidence,not established,,Validate query-to-page ownership before changing content,P2
check pimple,informational,,,0,0,16,3,2.12,2.00,-0.12,0.00,0.00,0,unresolved; insufficient page-level evidence,not established,,Validate query-to-page ownership before changing content,P2
prp session gap,commercial,,,0,0,13,0,7.62,,0,0.00,0.00,0,unresolved; insufficient page-level evidence,not established,,Validate query-to-page ownership before changing content,P2
hair toppers shop near me,local informational,,,0,0,13,0,46.85,,0,0.00,0.00,0,unresolved; insufficient page-level evidence,not established,,Validate query-to-page ownership before changing content,P2
does gfc treatment work,informational,,,0,0,13,0,1.00,,0,0.00,0.00,0,unresolved; insufficient page-level evidence,not established,,Validate query-to-page ownership before changing content,P2
fue vs fut hair transplant,commercial,,,0,0,13,0,21.46,,0,0.00,0.00,0,unresolved; insufficient page-level evidence,not established,,Validate query-to-page ownership before changing content,P2
radiance hair transplant,branded,,,0,4,128,116,38.27,36.48,-1.79,0.00,3.45,0,unresolved; insufficient page-level evidence,not established,,Validate query-to-page ownership before changing content,P2
top 10 hair transplant in bhubaneswar,local commercial,,,0,0,95,83,8.31,7.71,-0.6,0.00,0.00,0,unresolved; insufficient page-level evidence,not established,,Validate query-to-page ownership before changing content,P2
scarring alopecia,informational,,,0,0,44,32,88.09,91.44,3.35,0.00,0.00,0,unresolved; insufficient page-level evidence,not established,,"Review intent match, indexation and internal links",P2
hydrafacial in bhubaneswar,local informational,,,0,0,40,28,10.68,12.68,2,0.00,0.00,0,unresolved; insufficient page-level evidence,not established,,Validate query-to-page ownership before changing content,P2
hydrafacial treatment in bhubaneswar,local commercial,,,0,0,34,22,25.94,26.77,0.83,0.00,0.00,0,unresolved; insufficient page-level evidence,not established,,Validate query-to-page ownership before changing content,P2
non surgical hair transplant in kolkata,commercial,,,0,0,29,17,46.00,44.06,-1.94,0.00,0.00,0,unresolved; insufficient page-level evidence,not established,,Validate query-to-page ownership before changing content,P2
hair clinic berhampur,commercial,,,0,0,26,14,7.81,8.00,0.19,0.00,0.00,0,unresolved; insufficient page-level evidence,not established,,Validate query-to-page ownership before changing content,P2
scarring hair loss,informational,,,0,0,25,13,76.56,80.31,3.75,0.00,0.00,0,unresolved; insufficient page-level evidence,not established,,"Review intent match, indexation and internal links",P2
smp micropigmentation near me,local informational,,,0,0,21,9,11.57,12.11,0.54,0.00,0.00,0,unresolved; insufficient page-level evidence,not established,,Validate query-to-page ownership before changing content,P2
how long does ombre brows last,informational,,,0,0,20,8,43.70,36.75,-6.95,0.00,0.00,0,unresolved; insufficient page-level evidence,not established,,Validate query-to-page ownership before changing content,P2
how many prp sessions are needed for hair,informational,,,0,0,19,7,22.05,18.14,-3.91,0.00,0.00,0,unresolved; insufficient page-level evidence,not established,,Validate query-to-page ownership before changing content,P2
hair transplant ka result kab tak aata hai,commercial,,,0,0,18,6,9.00,10.67,1.67,0.00,0.00,0,unresolved; insufficient page-level evidence,not established,,Validate query-to-page ownership before changing content,P2
lung transplantation in bhubaneswar,local informational,,,0,0,16,4,17.81,10.25,-7.56,0.00,0.00,0,unresolved; insufficient page-level evidence,not established,,Validate query-to-page ownership before changing content,P2
smp clinic near me,local commercial,,,0,0,16,4,8.50,11.00,2.5,0.00,0.00,0,unresolved; insufficient page-level evidence,not established,,Validate query-to-page ownership before changing content,P2
radiance hair & skin clinic,branded,,,0,0,12,0,18.33,,0,0.00,0.00,0,unresolved; insufficient page-level evidence,not established,,Validate query-to-page ownership before changing content,P2
hair loss treatment in bhubaneswar,local commercial,,,0,0,12,0,3.58,,0,0.00,0.00,0,unresolved; insufficient page-level evidence,not established,,Validate query-to-page ownership before changing content,P2
lip laser treatment cost,commercial,,,0,0,12,0,26.50,,0,0.00,0.00,0,unresolved; insufficient page-level evidence,not established,,Validate query-to-page ownership before changing content,P2
laser hair removal is it permanent,commercial,,,0,0,12,0,32.75,,0,0.00,0.00,0,unresolved; insufficient page-level evidence,not established,,Validate query-to-page ownership before changing content,P2
does laser hair removal permanently remove hair,informational,,,0,0,12,0,32.33,,0,0.00,0.00,0,unresolved; insufficient page-level evidence,not established,,Validate query-to-page ownership before changing content,P2
acnechecker,informational,,,0,0,12,0,10.42,,0,0.00,0.00,0,unresolved; insufficient page-level evidence,not established,,Validate query-to-page ownership before changing content,P2
under eye rejuvenation,informational,,,0,0,12,0,46.00,,0,0.00,0.00,0,unresolved; insufficient page-level evidence,not established,,Validate query-to-page ownership before changing content,P2
hair doctor kolkata,commercial,,,0,0,143,132,8.29,5.92,-2.37,0.00,0.00,0,unresolved; insufficient page-level evidence,not established,,Validate query-to-page ownership before changing content,P2
skin clinic near me,local commercial,,,0,0,109,98,8.44,8.80,0.36,0.00,0.00,0,unresolved; insufficient page-level evidence,not established,,Validate query-to-page ownership before changing content,P2
doctor for face skin,commercial,,,0,0,32,21,11.59,13.62,2.03,0.00,0.00,0,unresolved; insufficient page-level evidence,not established,,Validate query-to-page ownership before changing content,P2
cheap hair transplant risks,commercial,,,0,0,23,12,65.22,64.33,-0.89,0.00,0.00,0,unresolved; insufficient page-level evidence,not established,,Validate query-to-page ownership before changing content,P2
gfc hair,commercial,,,0,0,17,6,27.18,23.17,-4.01,0.00,0.00,0,unresolved; insufficient page-level evidence,not established,,Validate query-to-page ownership before changing content,P2
gfc hair treatment process,commercial,,,0,0,16,5,4.19,4.60,0.41,0.00,0.00,0,unresolved; insufficient page-level evidence,not established,,Validate query-to-page ownership before changing content,P2
hair wig centre in bhubaneswar,local informational,,,0,0,16,5,7.88,7.80,-0.08,0.00,0.00,0,unresolved; insufficient page-level evidence,not established,,Validate query-to-page ownership before changing content,P2
check pimples,informational,,,0,0,15,4,1.53,1.75,0.22,0.00,0.00,0,unresolved; insufficient page-level evidence,not established,,Validate query-to-page ownership before changing content,P2
wig shop in bhubaneswar,local informational,,,0,0,15,4,5.80,5.50,-0.3,0.00,0.00,0,unresolved; insufficient page-level evidence,not established,,Validate query-to-page ownership before changing content,P2
does laser remove hair permanently,informational,,,0,0,15,4,33.87,34.75,0.88,0.00,0.00,0,unresolved; insufficient page-level evidence,not established,,Validate query-to-page ownership before changing content,P2
dr partha skin and hair clinic,commercial,,,0,0,14,3,2.36,3.00,0.64,0.00,0.00,0,unresolved; insufficient page-level evidence,not established,,Validate query-to-page ownership before changing content,P2
botox treatments,commercial,,,0,0,11,0,46.00,,0,0.00,0.00,0,unresolved; insufficient page-level evidence,not established,,Validate query-to-page ownership before changing content,P2
बालो का डॉक्टर नियर में,informational,,,0,0,11,0,10.00,,0,0.00,0.00,0,unresolved; insufficient page-level evidence,not established,,Validate query-to-page ownership before changing content,P2
acne cheker,informational,,,0,0,11,0,9.64,,0,0.00,0.00,0,unresolved; insufficient page-level evidence,not established,,Validate query-to-page ownership before changing content,P2
near me laser hair removal clinic,local commercial,,,0,0,11,0,7.27,,0,0.00,0.00,0,unresolved; insufficient page-level evidence,not established,,Validate query-to-page ownership before changing content,P2
บำรุงผม gfc,commercial,,,0,0,58,48,35.31,34.15,-1.16,0.00,0.00,0,unresolved; insufficient page-level evidence,not established,,Validate query-to-page ownership before changing content,P2
radiant hair transplant clinic,commercial,,,0,0,40,30,38.08,37.83,-0.25,0.00,0.00,0,unresolved; insufficient page-level evidence,not established,,Validate query-to-page ownership before changing content,P2
hair doctor balasore,commercial,,,0,0,27,17,9.67,10.06,0.39,0.00,0.00,0,unresolved; insufficient page-level evidence,not established,,Validate query-to-page ownership before changing content,P2
chest hair restoration in kolkata,informational,,,0,0,25,15,40.52,37.93,-2.59,0.00,0.00,0,unresolved; insufficient page-level evidence,not established,,Validate query-to-page ownership before changing content,P2
growth factor hair,informational,,,0,0,25,15,60.88,53.80,-7.08,0.00,0.00,0,unresolved; insufficient page-level evidence,not established,,Validate query-to-page ownership before changing content,P2
hair growth factor treatment,commercial,,,0,0,23,13,34.83,38.69,3.86,0.00,0.00,0,unresolved; insufficient page-level evidence,not established,,"Review intent match, indexation and internal links",P2
how long do powder brows last,informational,,,0,0,21,11,48.86,53.55,4.69,0.00,0.00,0,unresolved; insufficient page-level evidence,not established,,"Review intent match, indexation and internal links",P2
laser hair reduction,commercial,,,0,0,20,10,50.40,18.70,-31.7,0.00,0.00,0,unresolved; insufficient page-level evidence,not established,,Validate query-to-page ownership before changing content,P2
best dermatologist doctor in bhubaneswar,local commercial,,,0,0,18,8,7.11,7.38,0.27,0.00,0.00,0,unresolved; insufficient page-level evidence,not established,,Validate query-to-page ownership before changing content,P2
hair transplant in bhubaneswar cost,local commercial,,,0,0,16,6,2.38,5.00,2.62,0.00,0.00,0,unresolved; insufficient page-level evidence,not established,,Validate query-to-page ownership before changing content,P2
is gfc treatment effective,informational,,,0,0,16,6,1.00,1.00,0,0.00,0.00,0,unresolved; insufficient page-level evidence,not established,,Validate query-to-page ownership before changing content,P2
hair doctors near me,local informational,,,0,0,14,4,7.79,10.25,2.46,0.00,0.00,0,unresolved; insufficient page-level evidence,not established,,Validate query-to-page ownership before changing content,P2
radiant skin,informational,,,0,0,13,3,15.31,4.00,-11.31,0.00,0.00,0,unresolved; insufficient page-level evidence,not established,,Validate query-to-page ownership before changing content,P2
professional acne treatment,commercial,,,0,0,10,0,81.20,,0,0.00,0.00,0,unresolved; insufficient page-level evidence,not established,,Validate query-to-page ownership before changing content,P2
doctor for skin care,commercial,,,0,0,10,0,24.00,,0,0.00,0.00,0,unresolved; insufficient page-level evidence,not established,,Validate query-to-page ownership before changing content,P2
eyebrow transplant in bhubaneswar,local commercial,,,0,0,10,0,4.00,,0,0.00,0.00,0,unresolved; insufficient page-level evidence,not established,,Validate query-to-page ownership before changing content,P2
inch loss treatment near me,local commercial,,,0,0,10,0,42.30,,0,0.00,0.00,0,unresolved; insufficient page-level evidence,not established,,Validate query-to-page ownership before changing content,P2
skin care bhubaneswar,local informational,,,0,0,10,0,7.30,,0,0.00,0.00,0,unresolved; insufficient page-level evidence,not established,,Validate query-to-page ownership before changing content,P2
can laser treatment remove hair permanently,informational,,,0,0,10,0,37.50,,0,0.00,0.00,0,unresolved; insufficient page-level evidence,not established,,Validate query-to-page ownership before changing content,P2
root restore,informational,,,0,0,10,0,6.20,,0,0.00,0.00,0,unresolved; insufficient page-level evidence,not established,,Validate query-to-page ownership before changing content,P2
"""semi-autobiography"" ""that hair""",informational,,,0,0,10,0,2.00,,0,0.00,0.00,0,unresolved; insufficient page-level evidence,not established,,Validate query-to-page ownership before changing content,P2
permanent removal of hair,commercial,,,0,0,10,0,46.80,,0,0.00,0.00,0,unresolved; insufficient page-level evidence,not established,,Validate query-to-page ownership before changing content,P2
hair gfc,commercial,,,0,0,10,0,6.80,,0,0.00,0.00,0,unresolved; insufficient page-level evidence,not established,,Validate query-to-page ownership before changing content,P2
anti aging treatment in bhubaneswar,local commercial,,,0,0,40,31,15.65,18.26,2.61,0.00,0.00,0,unresolved; insufficient page-level evidence,not established,,Validate query-to-page ownership before changing content,P2
can laser remove hair permanently,informational,,,0,0,13,4,36.85,39.00,2.15,0.00,0.00,0,unresolved; insufficient page-level evidence,not established,,Validate query-to-page ownership before changing content,P2
best skin doctor in bbsr,local commercial,,,0,0,14,6,7.50,9.67,2.17,0.00,0.00,0,unresolved; insufficient page-level evidence,not established,,Validate query-to-page ownership before changing content,P2
hair transplant in vizag,commercial,,,0,0,13,6,35.31,39.17,3.86,0.00,0.00,0,unresolved; insufficient page-level evidence,not established,,"Review intent match, indexation and internal links",P2
glutathione treatment in bhubaneswar,local commercial,,,0,1,53,47,18.55,22.23,3.68,0.00,2.13,0,unresolved; insufficient page-level evidence,not established,,"Review intent match, indexation and internal links",P2
how to reverse the signs of ageing,informational,,,0,0,46,40,51.67,56.35,4.68,0.00,0.00,0,unresolved; insufficient page-level evidence,not established,,"Review intent match, indexation and internal links",P2
painless warts removal,commercial,,,0,0,21,15,1.00,4.20,3.2,0.00,0.00,0,unresolved; insufficient page-level evidence,not established,,"Review intent match, indexation and internal links",P2
electrolysis hair removal,commercial,,,0,0,10,4,3.40,7.50,4.1,0.00,0.00,0,unresolved; insufficient page-level evidence,not established,,"Review intent match, indexation and internal links",P2
best skin doctor near me,local commercial,,,0,0,12,7,7.58,11.71,4.13,0.00,0.00,0,unresolved; insufficient page-level evidence,not established,,"Review intent match, indexation and internal links",P2
dr skin care,informational,,,0,0,10,5,27.50,31.20,3.7,0.00,0.00,0,unresolved; insufficient page-level evidence,not established,,"Review intent match, indexation and internal links",P2
growth factor hair treatment,commercial,,,0,0,9,4,33.00,35.00,2,0.00,0.00,0,unresolved; insufficient page-level evidence,not established,,Validate query-to-page ownership before changing content,P2
weight loss treatment near you,commercial,,,0,0,12,8,13.00,16.25,3.25,0.00,0.00,0,unresolved; insufficient page-level evidence,not established,,"Review intent match, indexation and internal links",P2
mesotherapy for hair,informational,,,0,0,7,4,1.43,3.75,2.32,0.00,0.00,0,unresolved; insufficient page-level evidence,not established,,Validate query-to-page ownership before changing content,P2
prp treatment for hair near me,local commercial,,,0,0,7,4,10.86,14.50,3.64,0.00,0.00,0,unresolved; insufficient page-level evidence,not established,,"Review intent match, indexation and internal links",P2
hydra facial in bhubaneswar,local informational,,,1,1,82,80,12.62,15.44,2.82,1.22,1.25,0,unresolved; insufficient page-level evidence,not established,,Validate query-to-page ownership before changing content,P2
"radiance skin, hair & cosmetic center",branded,,,0,0,9,7,10.67,13.00,2.33,0.00,0.00,0,unresolved; insufficient page-level evidence,not established,,Validate query-to-page ownership before changing content,P2
gfc ผม,commercial,,,0,0,51,50,34.33,36.44,2.11,0.00,0.00,0,unresolved; insufficient page-level evidence,not established,,Validate query-to-page ownership before changing content,P2
carbon facial in bhubaneswar,local informational,,,0,0,33,32,12.21,15.06,2.85,0.00,0.00,0,unresolved; insufficient page-level evidence,not established,,Validate query-to-page ownership before changing content,P2
skin treatment in bhubaneswar,local commercial,,,0,0,14,13,6.93,9.31,2.38,0.00,0.00,0,unresolved; insufficient page-level evidence,not established,,Validate query-to-page ownership before changing content,P2
skin specialist near me,local commercial,,,0,0,11,10,11.45,16.30,4.85,0.00,0.00,0,unresolved; insufficient page-level evidence,not established,,"Review intent match, indexation and internal links",P2
bhubaneswar dermatologist,local commercial,,,0,0,10,9,5.30,7.78,2.48,0.00,0.00,0,unresolved; insufficient page-level evidence,not established,,Validate query-to-page ownership before changing content,P2
exosome mesotherapy treatment in bhubaneswar,local commercial,,,0,0,8,7,11.50,15.57,4.07,0.00,0.00,0,unresolved; insufficient page-level evidence,not established,,"Review intent match, indexation and internal links",P2
best plastic surgeon in odisha,local informational,,,0,0,7,6,11.29,13.33,2.04,0.00,0.00,0,unresolved; insufficient page-level evidence,not established,,Validate query-to-page ownership before changing content,P2
best hair clinic in bhubaneswar,local commercial,,,1,2,153,166,11.12,13.57,2.45,0.65,1.20,0,unresolved; insufficient page-level evidence,not established,,Validate query-to-page ownership before changing content,P2
gfc กระตุ้นรากผม,commercial,,,0,0,71,108,51.32,53.90,2.58,0.00,0.00,0,unresolved; insufficient page-level evidence,not established,,Validate query-to-page ownership before changing content,P2
skin radiance clinic,branded,,,0,1,25,38,33.76,36.03,2.27,0.00,2.63,0,unresolved; insufficient page-level evidence,not established,,Validate query-to-page ownership before changing content,P2
radiance clinics,branded,,,0,0,21,38,6.57,9.37,2.8,0.00,0.00,0,unresolved; insufficient page-level evidence,not established,,Validate query-to-page ownership before changing content,P2
exosomes treatment in bhubaneswar,local commercial,,,0,0,30,34,33.63,38.00,4.37,0.00,0.00,0,unresolved; insufficient page-level evidence,not established,,"Review intent match, indexation and internal links",P2
skin doctor in bhubaneswar,local commercial,,,0,0,22,33,12.27,15.30,3.03,0.00,0.00,0,unresolved; insufficient page-level evidence,not established,,"Review intent match, indexation and internal links",P2
best hair treatment doctor in bhubaneswar,local commercial,,,0,0,21,32,2.81,5.50,2.69,0.00,0.00,0,unresolved; insufficient page-level evidence,not established,,Validate query-to-page ownership before changing content,P2
doctor skin care,commercial,,,0,0,27,28,36.00,39.93,3.93,0.00,0.00,0,unresolved; insufficient page-level evidence,not established,,"Review intent match, indexation and internal links",P2
gfc treatment for hair loss,commercial,,,0,0,13,22,11.00,13.18,2.18,0.00,0.00,0,unresolved; insufficient page-level evidence,not established,,Validate query-to-page ownership before changing content,P2
trichologist in bhubaneswar,local informational,,,0,0,10,19,1.00,5.79,4.79,0.00,0.00,0,unresolved; insufficient page-level evidence,not established,,"Review intent match, indexation and internal links",P2
laser treatment near me,local commercial,,,0,0,13,16,5.77,7.81,2.04,0.00,0.00,0,unresolved; insufficient page-level evidence,not established,,Validate query-to-page ownership before changing content,P2
reverse the signs of aging,informational,,,0,0,11,16,61.91,64.81,2.9,0.00,0.00,0,unresolved; insufficient page-level evidence,not established,,Validate query-to-page ownership before changing content,P2
cosmetic clinic in bhubaneswar,local commercial,,,0,0,6,15,2.17,4.67,2.5,0.00,0.00,0,unresolved; insufficient page-level evidence,not established,,Validate query-to-page ownership before changing content,P2
best hydrafacial in bhubaneswar,local informational,,,0,0,9,14,3.56,5.79,2.23,0.00,0.00,0,unresolved; insufficient page-level evidence,not established,,Validate query-to-page ownership before changing content,P2
hair botox treatment price in bhubaneswar,local commercial,,,0,0,12,13,4.25,7.85,3.6,0.00,0.00,0,unresolved; insufficient page-level evidence,not established,,"Review intent match, indexation and internal links",P2
zap treatment,commercial,,,0,0,9,12,6.11,9.50,3.39,0.00,0.00,0,unresolved; insufficient page-level evidence,not established,,"Review intent match, indexation and internal links",P2
face laser treatment,commercial,,,0,0,10,11,5.80,10.27,4.47,0.00,0.00,0,unresolved; insufficient page-level evidence,not established,,"Review intent match, indexation and internal links",P2
lip laser treatment near me,local commercial,,,0,0,8,9,4.25,8.22,3.97,0.00,0.00,0,unresolved; insufficient page-level evidence,not established,,"Review intent match, indexation and internal links",P2
skin treatment clinic,commercial,,,0,0,5,8,20.80,24.88,4.08,0.00,0.00,0,unresolved; insufficient page-level evidence,not established,,"Review intent match, indexation and internal links",P2
gloss clinic,commercial,,,0,0,5,8,35.60,39.25,3.65,0.00,0.00,0,unresolved; insufficient page-level evidence,not established,,"Review intent match, indexation and internal links",P2
hair transplant in raipur,commercial,,,0,0,6,7,35.50,38.43,2.93,0.00,0.00,0,unresolved; insufficient page-level evidence,not established,,Validate query-to-page ownership before changing content,P2
lip colouring treatment,commercial,,,0,0,6,7,42.50,45.00,2.5,0.00,0.00,0,unresolved; insufficient page-level evidence,not established,,Validate query-to-page ownership before changing content,P2
hair and skin clinic near me,local commercial,,,0,0,6,6,6.67,8.83,2.16,0.00,0.00,0,unresolved; insufficient page-level evidence,not established,,Validate query-to-page ownership before changing content,P2
eugenix bhubaneswar,local informational,,,0,0,5,6,7.00,9.00,2,0.00,0.00,0,unresolved; insufficient page-level evidence,not established,,Validate query-to-page ownership before changing content,P2
wart treatment near me,local commercial,,,0,0,5,6,6.40,10.00,3.6,0.00,0.00,0,unresolved; insufficient page-level evidence,not established,,"Review intent match, indexation and internal links",P2
face peeling treatment price,commercial,,,0,0,6,6,10.83,12.83,2,0.00,0.00,0,unresolved; insufficient page-level evidence,not established,,Validate query-to-page ownership before changing content,P2
loss of confidence due to hair loss,informational,,,0,0,6,6,19.50,24.33,4.83,0.00,0.00,0,unresolved; insufficient page-level evidence,not established,,"Review intent match, indexation and internal links",P2
early scarring alopecia,informational,,,0,0,5,5,86.40,90.80,4.4,0.00,0.00,0,unresolved; insufficient page-level evidence,not established,,"Review intent match, indexation and internal links",P2
