video_id,video_url,title,published_at,primary_topic,primary_destination,secondary_destination_1,secondary_destination_2,embed_type,video_schema,transcript_used,notes
sBVuXKjqcmM,https://www.youtube.com/watch?v=sBVuXKjqcmM,Cheap or Expensive Hair Transplant? 🤔 Which One Should You Choose?,2026-08-20,Hair Transplant,/hair-transplant-bhubaneswar,/concerns/hair-transplant,/treatments/hair-restoration/fue-hair-transplant,youtube-nocookie-facade,true,false,Public metadata mapped to a visible contextual destination.
PhbvumkbZBs,https://www.youtube.com/watch?v=PhbvumkbZBs,Hair Transplant Day by Day After Care Guide | Do’s & Don’ts After Hair Transplant,2026-08-13,Hair Transplant,/hair-transplant-bhubaneswar,/concerns/hair-transplant,/treatments/hair-restoration/fue-hair-transplant,youtube-nocookie-facade,true,false,Public metadata mapped to a visible contextual destination.
TNcrKs-6i78,https://www.youtube.com/watch?v=TNcrKs-6i78,"White Hair at a Young Age? Causes, Treatment & Prevention Explained",2026-08-03,Hair Loss,/concerns/hair-loss-scalp,/treatments/hair-restoration/advanced-hair-fall-solutions,/knowledge/how-to-plan-hair-restoration,youtube-nocookie-facade,true,false,Public metadata mapped to a visible contextual destination.
xfxdFPkRLqU,https://www.youtube.com/watch?v=xfxdFPkRLqU,😟 ମୁହଁରେ Acne Scars କାହିଁକି ହୁଏ? ଏହାକୁ ସମ୍ପୂର୍ଣ୍ଣ ଭଲ କରିହେବ କି?Consultation:9238321888 | 9238122550,2026-08-01,Acne Scars,/acne-scar-treatment-bhubaneswar,/concerns/acne-scars,/treatments/skin-laser/acne-scar-revision,youtube-nocookie-facade,true,false,Public metadata mapped to a visible contextual destination.
MrMZVFY1XtI,https://www.youtube.com/watch?v=MrMZVFY1XtI,ହେୟାର ଲସ୍ ରୋକିବା ପାଇଁ ସବୁଠୁ ଭଲ ଟ୍ରିଟମେଣ୍ଟ କ’ଣ?Hair Loss Treatment Explained by Dr. Satyartha Prakash,2026-07-27,Hair Loss,/concerns/hair-loss-scalp,/treatments/hair-restoration/advanced-hair-fall-solutions,/knowledge/how-to-plan-hair-restoration,youtube-nocookie-facade,true,false,Public metadata mapped to a visible contextual destination.
e1_CJ4QjtaU,https://www.youtube.com/watch?v=e1_CJ4QjtaU,Is Hair Transplant Painful? Doctor Reveals the Truth!,2026-07-21,Hair Transplant,/hair-transplant-bhubaneswar,/concerns/hair-transplant,/treatments/hair-restoration/fue-hair-transplant,youtube-nocookie-facade,true,false,Public metadata mapped to a visible contextual destination.
wPWhW8dRSsU,https://www.youtube.com/watch?v=wPWhW8dRSsU,କେଶ ପତଳା ସମସ୍ୟାରୁ ମିଳିଲା ସ୍ଥାୟୀ ସମାଧାନ! (Permanent solution found for hair thinning problem),2026-07-18,Hair Transplant,/hair-transplant-bhubaneswar,/concerns/hair-transplant,/treatments/hair-restoration/fue-hair-transplant,youtube-nocookie-facade,true,false,Public metadata mapped to a visible contextual destination.
Lu8PX0YsIpU,https://www.youtube.com/watch?v=Lu8PX0YsIpU,5 Main Reasons for Hair Fall,2026-07-16,Hair Loss,/concerns/hair-loss-scalp,/treatments/hair-restoration/advanced-hair-fall-solutions,/knowledge/how-to-plan-hair-restoration,youtube-nocookie-facade,true,false,Public metadata mapped to a visible contextual destination.
oldQHZHGe7E,https://www.youtube.com/watch?v=oldQHZHGe7E,Watch This BEFORE Starting Acne Treatment! 🛑 Real Patient Results.,2026-07-13,Acne,/results,/concerns/acne,/skin-clinic-bhubaneswar,youtube-nocookie-facade,true,false,Metadata mapped; editorial verification required before case association.
C7VHHk1lhmM,https://www.youtube.com/watch?v=C7VHHk1lhmM,"Before You Get a Facial, Watch This! | Benefits, Risks & Common Mistakes",2026-07-10,Skin Health,/skin-clinic-bhubaneswar,/concerns/skin-texture,/knowledge/skin-care-doctor-bhubaneswar,youtube-nocookie-facade,true,false,Public metadata mapped to a visible contextual destination.
WignJ9dQJGM,https://www.youtube.com/watch?v=WignJ9dQJGM,Does Hair Dye Damage Your Hair? The Truth Revealed!,2026-07-06,Hair Loss,/concerns/hair-loss-scalp,/treatments/hair-restoration/advanced-hair-fall-solutions,/knowledge/how-to-plan-hair-restoration,youtube-nocookie-facade,true,false,Public metadata mapped to a visible contextual destination.
oQYfz8JvdxI,https://www.youtube.com/watch?v=oQYfz8JvdxI,Want Clear & Bright Skin? Do These Simple Things Every Day!,2026-07-01,Skin Health,/skin-clinic-bhubaneswar,/concerns/skin-texture,/knowledge/skin-care-doctor-bhubaneswar,youtube-nocookie-facade,true,false,Public metadata mapped to a visible contextual destination.
XDTqHq6tZCU,https://www.youtube.com/watch?v=XDTqHq6tZCU,Real Hair Transplant Success Story,2026-06-27,Hair Transplant,/hair-transplant-bhubaneswar,/concerns/hair-transplant,/treatments/hair-restoration/fue-hair-transplant,youtube-nocookie-facade,true,false,Public metadata mapped to a visible contextual destination.
S-iOA7L3gbM,https://www.youtube.com/watch?v=S-iOA7L3gbM,Hair Transplant Myths vs Facts Explained,2026-05-24,Hair Transplant,/hair-transplant-bhubaneswar,/concerns/hair-transplant,/treatments/hair-restoration/fue-hair-transplant,youtube-nocookie-facade,true,false,Public metadata mapped to a visible contextual destination.
k93g6kBe1SM,https://www.youtube.com/watch?v=k93g6kBe1SM,Why Is Your Hair Falling So Much? Doctor Explains,2026-05-21,Hair Loss,/concerns/hair-loss-scalp,/treatments/hair-restoration/advanced-hair-fall-solutions,/knowledge/how-to-plan-hair-restoration,youtube-nocookie-facade,true,false,Public metadata mapped to a visible contextual destination.
QIrzuJAEO-Y,https://www.youtube.com/watch?v=QIrzuJAEO-Y,Is Hair Fall During Bathing Normal or Abnormal? Causes & Best Treatment Explained,2026-05-17,Hair Loss,/concerns/hair-loss-scalp,/treatments/hair-restoration/advanced-hair-fall-solutions,/knowledge/how-to-plan-hair-restoration,youtube-nocookie-facade,true,false,Public metadata mapped to a visible contextual destination.
7Ny-tRhYf9Y,https://www.youtube.com/watch?v=7Ny-tRhYf9Y,Can Hair Fall Really Stop in Just 7 Days? Myth or Truth?,2026-05-13,Hair Loss,/concerns/hair-loss-scalp,/treatments/hair-restoration/advanced-hair-fall-solutions,/knowledge/how-to-plan-hair-restoration,youtube-nocookie-facade,true,false,Public metadata mapped to a visible contextual destination.
U514ZiZFf9w,https://www.youtube.com/watch?v=U514ZiZFf9w,Top 5 Causes of Hair Fall You Should Never Ignore,2026-05-08,Hair Loss,/concerns/hair-loss-scalp,/treatments/hair-restoration/advanced-hair-fall-solutions,/knowledge/how-to-plan-hair-restoration,youtube-nocookie-facade,true,false,Public metadata mapped to a visible contextual destination.
RVP4ItWm_r8,https://www.youtube.com/watch?v=RVP4ItWm_r8,Can Hair Fall Be Reversed When Hair Can Grow Back & When It Can’t!,2026-05-05,Hair Loss,/concerns/hair-loss-scalp,/treatments/hair-restoration/advanced-hair-fall-solutions,/knowledge/how-to-plan-hair-restoration,youtube-nocookie-facade,true,false,Public metadata mapped to a visible contextual destination.
zHpmFVEppOc,https://www.youtube.com/watch?v=zHpmFVEppOc,“No Fake Promises — Real Hair Transplant Results at Radiance Clinic!”,2025-11-18,Hair Transplant,/results,/hair-transplant-bhubaneswar,/concerns/hair-transplant,youtube-nocookie-facade,true,false,Metadata mapped; editorial verification required before case association.
pPUbDx-zhw0,https://www.youtube.com/watch?v=pPUbDx-zhw0,"💯 Real Hair Transplant Results – No Wig, No Patch, Only Real Hair!",2025-10-23,Hair Transplant,/results,/hair-transplant-bhubaneswar,/concerns/hair-transplant,youtube-nocookie-facade,true,false,Metadata mapped; editorial verification required before case association.
2LR2hoFp-tE,https://www.youtube.com/watch?v=2LR2hoFp-tE,💇‍♂️ क्या Hair Transplant वाकई सेफ़ है? सच्चाई जानिए Radiance Clinics Bhubaneswar से!,2025-10-08,Hair Transplant,/hair-transplant-bhubaneswar,/concerns/hair-transplant,/treatments/hair-restoration/fue-hair-transplant,youtube-nocookie-facade,true,false,Public metadata mapped to a visible contextual destination.
knB1LRXlLjo,https://www.youtube.com/watch?v=knB1LRXlLjo,"Hair Transplant के बिना भी उग सकते हैं बाल! | GFC, PRP & Exosome Treatment Explained",2025-10-08,Hair Transplant,/hair-transplant-bhubaneswar,/concerns/hair-transplant,/treatments/hair-restoration/fue-hair-transplant,youtube-nocookie-facade,true,false,Public metadata mapped to a visible contextual destination.
Fi1NkqlYHNQ,https://www.youtube.com/watch?v=Fi1NkqlYHNQ,"Not Just Hairline, We Change Lives! | Radiance Clinics Bhubaneswar",2025-09-26,Hair Transplant,/hair-transplant-bhubaneswar,/concerns/hair-transplant,/treatments/hair-restoration/fue-hair-transplant,youtube-nocookie-facade,true,false,Public metadata mapped to a visible contextual destination.
zajGZw3BsSo,https://www.youtube.com/watch?v=zajGZw3BsSo,How to Maintain Your New Hairline | Expert Tips from Radiance Clinics,2025-09-24,Hair Transplant,/hair-transplant-bhubaneswar,/concerns/hair-transplant,/treatments/hair-restoration/fue-hair-transplant,youtube-nocookie-facade,true,false,Public metadata mapped to a visible contextual destination.
NDjLAH5OOs4,https://www.youtube.com/watch?v=NDjLAH5OOs4,How Many Grafts Are Required? | Hair Transplant Guide Radiance Clinics,2025-09-18,Hair Transplant,/hair-transplant-bhubaneswar,/concerns/hair-transplant,/treatments/hair-restoration/fue-hair-transplant,youtube-nocookie-facade,true,false,Public metadata mapped to a visible contextual destination.
Lb3QpFDHxV0,https://www.youtube.com/watch?v=Lb3QpFDHxV0,ଚନ୍ଦାପଣରୁ ସୁନ୍ଦର କେଶ ✨ Hair Transplant @ Radiance Clinics Bhubaneswar,2025-09-17,Hair Transplant,/hair-transplant-bhubaneswar,/concerns/hair-transplant,/treatments/hair-restoration/fue-hair-transplant,youtube-nocookie-facade,true,false,Public metadata mapped to a visible contextual destination.
iQ5cJUpdgMc,https://www.youtube.com/watch?v=iQ5cJUpdgMc,Unbelievable Hair Growth Journey | 3000+ Grafts Result | Radiance Clinics,2025-09-12,Hair Transplant,/results,/hair-transplant-bhubaneswar,/concerns/hair-transplant,youtube-nocookie-facade,true,false,Metadata mapped; editorial verification required before case association.
nbKQhsdE__I,https://www.youtube.com/watch?v=nbKQhsdE__I,Best Hair Transplant in Bhubaneswar | 4000 Grafts Life Changing Result | Radiance Clinics,2025-09-04,Hair Transplant,/results,/hair-transplant-bhubaneswar,/concerns/hair-transplant,youtube-nocookie-facade,true,false,Metadata mapped; editorial verification required before case association.
XL4A8KhJIz0,https://www.youtube.com/watch?v=XL4A8KhJIz0,HAIR TRANSPLANT SUCCESS STORIES | Radiance Clinics | Dr Satyartha Prakash,2025-08-14,Hair Transplant,/hair-transplant-bhubaneswar,/concerns/hair-transplant,/treatments/hair-restoration/fue-hair-transplant,youtube-nocookie-facade,true,false,Public metadata mapped to a visible contextual destination.
PChMQIxkw14,https://www.youtube.com/watch?v=PChMQIxkw14,Look 10 Years Younger With Hair Transplant | Radiance Clinics | Dr Satyartha Prakash,2024-08-22,Hair Transplant,/hair-transplant-bhubaneswar,/concerns/hair-transplant,/treatments/hair-restoration/fue-hair-transplant,youtube-nocookie-facade,true,false,Public metadata mapped to a visible contextual destination.
64vXGyQJtqc,https://www.youtube.com/watch?v=64vXGyQJtqc,From Fading to Fabulous | Hair Transplant Before & After | Radiance Clinics | Dr Satyartha Prakash,2024-08-22,Hair Transplant,/hair-transplant-bhubaneswar,/concerns/hair-transplant,/treatments/hair-restoration/fue-hair-transplant,youtube-nocookie-facade,true,false,Public metadata mapped to a visible contextual destination.
iSbxDDE7w_4,https://www.youtube.com/watch?v=iSbxDDE7w_4,Amazing Hair Transplant Results Before & After | Radiance Clinics | Dr Satyartha Prakash.,2024-08-22,Hair Transplant,/results,/hair-transplant-bhubaneswar,/concerns/hair-transplant,youtube-nocookie-facade,true,false,Metadata mapped; editorial verification required before case association.
YS-B2DiNG9k,https://www.youtube.com/watch?v=YS-B2DiNG9k,Incredible Hair Transplant Transformation! 🌟 Radiance Clinics | Dr Satyartha Prakash.,2024-08-20,Hair Transplant,/results,/hair-transplant-bhubaneswar,/concerns/hair-transplant,youtube-nocookie-facade,true,false,Metadata mapped; editorial verification required before case association.
ZL3MuB-gfLk,https://www.youtube.com/watch?v=ZL3MuB-gfLk,"""Dr. Satyartha Prakash Receives Times Health Icon Award 2024""",2024-07-26,Pigmentation,/pigmentation-treatment-bhubaneswar,/concerns/pigmentation,/treatments/skin-laser/laser-pigmentation-program,youtube-nocookie-facade,true,false,Public metadata mapped to a visible contextual destination.
-oGgvFUmaIM,https://www.youtube.com/watch?v=-oGgvFUmaIM,Life-Changing Transplant Results You Have to See to Believe. Radiance Clinics | Dr Satyartha Prakash,2024-07-24,Hair Transplant,/results,/hair-transplant-bhubaneswar,/concerns/hair-transplant,youtube-nocookie-facade,true,false,Metadata mapped; editorial verification required before case association.
JkkIN4a3kdw,https://www.youtube.com/watch?v=JkkIN4a3kdw,Amazing Transformation: Hair Transplant Success At Radiance Clinics With Dr. Satyartha Prakash,2024-07-24,Hair Transplant,/results,/hair-transplant-bhubaneswar,/concerns/hair-transplant,youtube-nocookie-facade,true,false,Metadata mapped; editorial verification required before case association.
lgKNFKin2e8,https://www.youtube.com/watch?v=lgKNFKin2e8,From Bald to Bold Incredible Hair Transplant Amazing Result. Radiance Clinics | Dr Satyartha Prakash,2024-07-24,Hair Transplant,/results,/hair-transplant-bhubaneswar,/concerns/hair-transplant,youtube-nocookie-facade,true,false,Metadata mapped; editorial verification required before case association.
EtvEqDG0Fl0,https://www.youtube.com/watch?v=EtvEqDG0Fl0,See the Magic Before and After Hair Transplant Results | Radiance Clinics | Dr. Satyartha Prakash,2024-07-24,Hair Transplant,/results,/hair-transplant-bhubaneswar,/concerns/hair-transplant,youtube-nocookie-facade,true,false,Metadata mapped; editorial verification required before case association.
WS4L3Em3bco,https://www.youtube.com/watch?v=WS4L3Em3bco,Look Young With Best Hair Transplant Result Dr Satyartha Prakash Radiance Clinics,2024-07-24,Hair Transplant,/results,/hair-transplant-bhubaneswar,/concerns/hair-transplant,youtube-nocookie-facade,true,false,Metadata mapped; editorial verification required before case association.
lGshezGH7d0,https://www.youtube.com/watch?v=lGshezGH7d0,Get A Stunning Makeover: 1200 Grafts Hair Transplant By Dr. Satyartha Prakash At Radiance Clinics,2024-07-24,Hair Transplant,/hair-transplant-bhubaneswar,/concerns/hair-transplant,/treatments/hair-restoration/fue-hair-transplant,youtube-nocookie-facade,true,false,Public metadata mapped to a visible contextual destination.
lSU_k1gA5Nw,https://www.youtube.com/watch?v=lSU_k1gA5Nw,Best Skin & Hair Clinic in Bhubaneswar | Radiance Skin & Hair Clinics | Dr. Satyartha Prakash,2024-05-20,Skin Health,/skin-clinic-bhubaneswar,/concerns/skin-texture,/knowledge/skin-care-doctor-bhubaneswar,youtube-nocookie-facade,true,false,Public metadata mapped to a visible contextual destination.
Kc-kwamHiJI,https://www.youtube.com/watch?v=Kc-kwamHiJI,Hair Patch Vs Hair Transplant ? Which Option is Better | Dr. Satyartha Prakash,2024-05-20,Hair Transplant,/hair-transplant-bhubaneswar,/concerns/hair-transplant,/treatments/hair-restoration/fue-hair-transplant,youtube-nocookie-facade,true,false,Public metadata mapped to a visible contextual destination.
8qYMw935MF8,https://www.youtube.com/watch?v=8qYMw935MF8,Find Your Perfect Hair Transplant Clinic: Radiance Clinics With Dr. Satyartha Prakash,2024-04-18,Hair Transplant,/hair-transplant-bhubaneswar,/concerns/hair-transplant,/treatments/hair-restoration/fue-hair-transplant,youtube-nocookie-facade,true,false,Public metadata mapped to a visible contextual destination.
YAjkqyKW1Jk,https://www.youtube.com/watch?v=YAjkqyKW1Jk,एक चमत्कारी तरीका | हेयर लाइन को फायदा | How To Regain Receding Hairline | Dr. Satyartha Prakash,2024-03-27,Hair Transplant,/hair-transplant-bhubaneswar,/concerns/hair-transplant,/treatments/hair-restoration/fue-hair-transplant,youtube-nocookie-facade,true,false,Public metadata mapped to a visible contextual destination.
YMdp7tOWwMY,https://www.youtube.com/watch?v=YMdp7tOWwMY,चेहरे पर गड्ढे मिटाने का जबरदस्त इलाज | Chehre Par Gadde Mitane Ke Upay | Dr. Satyartha Prakash,2024-03-13,Pigmentation,/pigmentation-treatment-bhubaneswar,/concerns/pigmentation,/treatments/skin-laser/laser-pigmentation-program,youtube-nocookie-facade,true,false,Public metadata mapped to a visible contextual destination.
C-5FbYTCQII,https://www.youtube.com/watch?v=C-5FbYTCQII,एक सेशन में ऐसा रिज़ल्ट |Achieving the Ultimate Hair Transplant in One Session,2024-01-02,Hair Transplant,/hair-transplant-bhubaneswar,/concerns/hair-transplant,/treatments/hair-restoration/fue-hair-transplant,youtube-nocookie-facade,true,false,Public metadata mapped to a visible contextual destination.
qgmcPEqRbjw,https://www.youtube.com/watch?v=qgmcPEqRbjw,Magic of Radiance Clinics. Best Hair Transplant Results At Radiance Clinics | Dr. Satyartha Prakash,2024-01-02,Hair Transplant,/results,/hair-transplant-bhubaneswar,/concerns/hair-transplant,youtube-nocookie-facade,true,false,Metadata mapped; editorial verification required before case association.
2EjczqhwF14,https://www.youtube.com/watch?v=2EjczqhwF14,चमत्कार रिज़ल्ट सिर्फ 1200 ग्राफ्ट में | Best Results For Hair Transplant in Odisha Radiance Clinics,2024-01-02,Hair Transplant,/results,/hair-transplant-bhubaneswar,/concerns/hair-transplant,youtube-nocookie-facade,true,false,Metadata mapped; editorial verification required before case association.
CXThow1PXRk,https://www.youtube.com/watch?v=CXThow1PXRk,Got My Identity Back | Hair transplant Best Result | Dr. Satyartha Prakash | Radiance Clinics,2024-01-02,Hair Transplant,/results,/hair-transplant-bhubaneswar,/concerns/hair-transplant,youtube-nocookie-facade,true,false,Metadata mapped; editorial verification required before case association.
GyrndLzxvLs,https://www.youtube.com/watch?v=GyrndLzxvLs,International Result at Affordable Price | Hair Transplant Best Results | Radiance Clinics.,2024-01-02,Hair Transplant,/results,/hair-transplant-bhubaneswar,/concerns/hair-transplant,youtube-nocookie-facade,true,false,Metadata mapped; editorial verification required before case association.
weOjjVhNWlM,https://www.youtube.com/watch?v=weOjjVhNWlM,The Ultimate Hair Loss Solution: Transplant vs PRP,2023-11-28,Hair Loss,/concerns/hair-loss-scalp,/treatments/hair-restoration/advanced-hair-fall-solutions,/knowledge/how-to-plan-hair-restoration,youtube-nocookie-facade,true,false,Public metadata mapped to a visible contextual destination.
64D3Oa64uJg,https://www.youtube.com/watch?v=64D3Oa64uJg,Live Review Of Happy Hair Transplant Client | Radiance Clinic Review,2023-10-31,Hair Transplant,/hair-transplant-bhubaneswar,/concerns/hair-transplant,/treatments/hair-restoration/fue-hair-transplant,youtube-nocookie-facade,true,false,Public metadata mapped to a visible contextual destination.
5Bepf3XJayA,https://www.youtube.com/watch?v=5Bepf3XJayA,Repair Hair Transplant Before and After Results with 2000 Grafts | By Dr Satyartha Prakash,2023-09-18,Hair Transplant,/results,/hair-transplant-bhubaneswar,/concerns/hair-transplant,youtube-nocookie-facade,true,false,Metadata mapped; editorial verification required before case association.
OQQZeFF3MSo,https://www.youtube.com/watch?v=OQQZeFF3MSo,Hair Transplant Result | Dr Satyartha Prakash . Radiance Clinics,2023-09-18,Hair Transplant,/results,/hair-transplant-bhubaneswar,/concerns/hair-transplant,youtube-nocookie-facade,true,false,Metadata mapped; editorial verification required before case association.
USO_a2RLCKE,https://www.youtube.com/watch?v=USO_a2RLCKE,Hair Transplant at Radiance Clinics 3000 grafts | Best Hair Transplant In Bhubaneswar,2023-08-31,Hair Transplant,/hair-transplant-bhubaneswar,/concerns/hair-transplant,/treatments/hair-restoration/fue-hair-transplant,youtube-nocookie-facade,true,false,Public metadata mapped to a visible contextual destination.
P78_8ns5t58,https://www.youtube.com/watch?v=P78_8ns5t58,Live Results of Female Hair Transplant In Bhubaneswar | Dr Satyartha Prakash,2023-08-09,Hair Transplant,/results,/hair-transplant-bhubaneswar,/concerns/hair-transplant,youtube-nocookie-facade,true,false,Metadata mapped; editorial verification required before case association.
z_hl9eWV2L4,https://www.youtube.com/watch?v=z_hl9eWV2L4,LIVE TELECAST OF BEST RESULTS OF HAIR TRANSPLANT | RADIANCE CLINICS,2023-08-09,Hair Transplant,/results,/hair-transplant-bhubaneswar,/concerns/hair-transplant,youtube-nocookie-facade,true,false,Metadata mapped; editorial verification required before case association.
FxEv6NHdQAw,https://www.youtube.com/watch?v=FxEv6NHdQAw,Female Hair Transplant Live results Video | Dr Satyartha Prakash,2023-08-03,Hair Transplant,/results,/hair-transplant-bhubaneswar,/concerns/hair-transplant,youtube-nocookie-facade,true,false,Metadata mapped; editorial verification required before case association.
l6y97rlGXuc,https://www.youtube.com/watch?v=l6y97rlGXuc,Hair Transplant Results in Bhubaneswar| Young patient Hair line Creation | Radiance Clinics,2023-07-31,Hair Transplant,/results,/hair-transplant-bhubaneswar,/concerns/hair-transplant,youtube-nocookie-facade,true,false,Metadata mapped; editorial verification required before case association.
68FOwTWmAPU,https://www.youtube.com/watch?v=68FOwTWmAPU,Best Hairline Reconstruction | Amazing Hair transplant at Radiance Clinics,2023-07-31,Hair Transplant,/hair-transplant-bhubaneswar,/concerns/hair-transplant,/treatments/hair-restoration/fue-hair-transplant,youtube-nocookie-facade,true,false,Public metadata mapped to a visible contextual destination.
9arfIVgT1ts,https://www.youtube.com/watch?v=9arfIVgT1ts,Hair Transplant results in Bhubaneswar | Radiance Clinics | Dr Satyartha Prakash,2023-07-31,Hair Transplant,/results,/hair-transplant-bhubaneswar,/concerns/hair-transplant,youtube-nocookie-facade,true,false,Metadata mapped; editorial verification required before case association.
Hm6cVQEQGFI,https://www.youtube.com/watch?v=Hm6cVQEQGFI,When To Do Hair Transplant | हेयर ट्रांसप्लांट कब करना चाहिए | Right Time For Hair Transplant |,2023-07-20,Hair Transplant,/hair-transplant-bhubaneswar,/concerns/hair-transplant,/treatments/hair-restoration/fue-hair-transplant,youtube-nocookie-facade,true,false,Public metadata mapped to a visible contextual destination.
9Oa4RYMsgNA,https://www.youtube.com/watch?v=9Oa4RYMsgNA,क्या महिलाएं भी हेयर ट्रांसप्लांट करवा सकती हैं? | Hair Transplant for women | Radiance,2023-07-20,Hair Transplant,/hair-transplant-bhubaneswar,/concerns/hair-transplant,/treatments/hair-restoration/fue-hair-transplant,youtube-nocookie-facade,true,false,Public metadata mapped to a visible contextual destination.
05pM0SrNg8o,https://www.youtube.com/watch?v=05pM0SrNg8o,"Secrets To A Dandruff-free Head, Revealed!",2023-07-18,Hair Loss,/concerns/hair-loss-scalp,/treatments/hair-restoration/advanced-hair-fall-solutions,/knowledge/how-to-plan-hair-restoration,youtube-nocookie-facade,true,false,Public metadata mapped to a visible contextual destination.
KtZiGdzystM,https://www.youtube.com/watch?v=KtZiGdzystM,କେଶ ଝଡିବା ବନ୍ଦ ହେବ - ପ୍ରାକୃତିକ ଉପାୟରେ କରନ୍ତୁ ଚିକିତ୍ସା Home Remedies to STOP Hair Loss Permanently |,2023-07-09,Hair Loss,/concerns/hair-loss-scalp,/treatments/hair-restoration/advanced-hair-fall-solutions,/knowledge/how-to-plan-hair-restoration,youtube-nocookie-facade,true,false,Public metadata mapped to a visible contextual destination.
6IJI8JEcCuI,https://www.youtube.com/watch?v=6IJI8JEcCuI,100% ଗ୍ୟାରେଣ୍ଟି ଚୁଟି ଝଡ଼ିବା ବନ୍ଦ ହେବ | Stop Hair Loss & Regrow Hair Naturally Dr. Satyartha Prakash,2023-07-09,Hair Loss,/concerns/hair-loss-scalp,/treatments/hair-restoration/advanced-hair-fall-solutions,/knowledge/how-to-plan-hair-restoration,youtube-nocookie-facade,true,false,Metadata mapped; editorial verification required before case association.
qZzb5Oko5DI,https://www.youtube.com/watch?v=qZzb5Oko5DI,सस्ते में हेयर ट्रांसप्लांट ना करे| Do Not do low budjet Hairtransplant| Its risky Dr Satyartha,2023-07-09,Hair Transplant,/hair-transplant-bhubaneswar,/concerns/hair-transplant,/treatments/hair-restoration/fue-hair-transplant,youtube-nocookie-facade,true,false,Public metadata mapped to a visible contextual destination.
JZxWGeIjFFI,https://www.youtube.com/watch?v=JZxWGeIjFFI,💥Amazing Hair Transplant Before and After Results with 2000 Grafts | Best Hair transplant in Odisha,2023-06-01,Hair Transplant,/results,/hair-transplant-bhubaneswar,/concerns/hair-transplant,youtube-nocookie-facade,true,false,Metadata mapped; editorial verification required before case association.
sEzgAYKmKjw,https://www.youtube.com/watch?v=sEzgAYKmKjw,BEST HAIR TRANSPLANT IN BHUBANESWAR| 1500 grafts| RADIANCE CLINIC,2023-05-31,Hair Transplant,/hair-transplant-bhubaneswar,/concerns/hair-transplant,/treatments/hair-restoration/fue-hair-transplant,youtube-nocookie-facade,true,false,Public metadata mapped to a visible contextual destination.
tHirYEo5kGs,https://www.youtube.com/watch?v=tHirYEo5kGs,डैंड्रफ हटाने का सबसे आसान घरेलु तरीका | Home Remedies For Dandruff | Dr. Satyartha Prakash,2023-04-24,Hair Loss,/concerns/hair-loss-scalp,/treatments/hair-restoration/advanced-hair-fall-solutions,/knowledge/how-to-plan-hair-restoration,youtube-nocookie-facade,true,false,Public metadata mapped to a visible contextual destination.
lLnet-X2-Fg,https://www.youtube.com/watch?v=lLnet-X2-Fg,Best Solution For Dandruff Permanently डैंड्रफ को दूर भगाएंगे यह 5 रामबाण उपाय Dr Satyartha Prakash,2023-04-22,Hair Loss,/concerns/hair-loss-scalp,/treatments/hair-restoration/advanced-hair-fall-solutions,/knowledge/how-to-plan-hair-restoration,youtube-nocookie-facade,true,false,Public metadata mapped to a visible contextual destination.
YaXeTL015Q0,https://www.youtube.com/watch?v=YaXeTL015Q0,How to use Minoxidil Oil | मिनोक्सिडिल कैसे लागू करें |,2023-04-21,Hair Loss,/concerns/hair-loss-scalp,/treatments/hair-restoration/advanced-hair-fall-solutions,/knowledge/how-to-plan-hair-restoration,youtube-nocookie-facade,true,false,Public metadata mapped to a visible contextual destination.
_3Hy-y73XC4,https://www.youtube.com/watch?v=_3Hy-y73XC4,Reason For Female Hair Loss | महिलाओं के बाल क्युँ झड़ते हैं | Dr. Satyartha Prakash,2023-04-20,Hair Loss,/concerns/hair-loss-scalp,/treatments/hair-restoration/advanced-hair-fall-solutions,/knowledge/how-to-plan-hair-restoration,youtube-nocookie-facade,true,false,Public metadata mapped to a visible contextual destination.
AAFnJLx-5DY,https://www.youtube.com/watch?v=AAFnJLx-5DY,हेयर ट्रांसप्लांट कब करना चाहिए | When to do Hair Transplant in Hindi | Dr. Satyartha Prakash,2023-04-19,Hair Transplant,/hair-transplant-bhubaneswar,/concerns/hair-transplant,/treatments/hair-restoration/fue-hair-transplant,youtube-nocookie-facade,true,false,Public metadata mapped to a visible contextual destination.
LGBwtKwa3-o,https://www.youtube.com/watch?v=LGBwtKwa3-o,हेयर ट्रांसप्लांट कैसे करते हैं ? Step by Step about Hair Transplant in Hindi | Dr Satyartha Prakash,2023-04-17,Hair Transplant,/hair-transplant-bhubaneswar,/concerns/hair-transplant,/treatments/hair-restoration/fue-hair-transplant,youtube-nocookie-facade,true,false,Public metadata mapped to a visible contextual destination.
3K2sIyn8bds,https://www.youtube.com/watch?v=3K2sIyn8bds,Prevent Hair Fall from Helmet Use | हेल्मेट्स से होने वाले Hair Loss से कैसे बचें? Radiance Clinic,2023-04-05,Hair Loss,/concerns/hair-loss-scalp,/treatments/hair-restoration/advanced-hair-fall-solutions,/knowledge/how-to-plan-hair-restoration,youtube-nocookie-facade,true,false,Public metadata mapped to a visible contextual destination.
6Lpg0L3Y_kw,https://www.youtube.com/watch?v=6Lpg0L3Y_kw,Laser Resurfacing in Bhubaneswar | @RadianceClinics,2023-02-07,Skin Health,/skin-clinic-bhubaneswar,/concerns/skin-texture,/knowledge/skin-care-doctor-bhubaneswar,youtube-nocookie-facade,true,false,Public metadata mapped to a visible contextual destination.
8s9_dGhNxJM,https://www.youtube.com/watch?v=8s9_dGhNxJM,ମହିଳାଙ୍କ ହେୟାର୍ ଟ୍ରାନ୍ସପ୍ଲାଣ୍ଟ୍ #shorts,2022-08-09,Hair Transplant,/hair-transplant-bhubaneswar,/concerns/hair-transplant,/treatments/hair-restoration/fue-hair-transplant,youtube-nocookie-facade,true,false,Public metadata mapped to a visible contextual destination.
rGBpSYNkJWo,https://www.youtube.com/watch?v=rGBpSYNkJWo,गंजेपन को खत्म कर डालता है हेयर ट्रांसप्लांट #shorts,2022-08-08,Hair Transplant,/hair-transplant-bhubaneswar,/concerns/hair-transplant,/treatments/hair-restoration/fue-hair-transplant,youtube-nocookie-facade,true,false,Public metadata mapped to a visible contextual destination.
9VHLWd0wcIU,https://www.youtube.com/watch?v=9VHLWd0wcIU,2000 grafts Hair Transplant #shorts,2022-08-07,Hair Transplant,/hair-transplant-bhubaneswar,/concerns/hair-transplant,/treatments/hair-restoration/fue-hair-transplant,youtube-nocookie-facade,true,false,Public metadata mapped to a visible contextual destination.
HM_TJ0Hhxm0,https://www.youtube.com/watch?v=HM_TJ0Hhxm0,ହେୟାର୍ ଟ୍ରାନ୍ସପ୍ଲାଣ୍ଟ୍ ପରେ Best Result #shorts,2022-08-06,Hair Transplant,/results,/hair-transplant-bhubaneswar,/concerns/hair-transplant,youtube-nocookie-facade,true,false,Metadata mapped; editorial verification required before case association.
5W91OakxmxE,https://www.youtube.com/watch?v=5W91OakxmxE,Hair Transplant Best Result #shorts,2022-08-06,Hair Transplant,/results,/hair-transplant-bhubaneswar,/concerns/hair-transplant,youtube-nocookie-facade,true,false,Metadata mapped; editorial verification required before case association.
MKYKx4FVQSU,https://www.youtube.com/watch?v=MKYKx4FVQSU,हेयर ट्रांसप्लांट बेस्ट रिजल्ट #shorts,2022-08-05,Hair Transplant,/hair-transplant-bhubaneswar,/concerns/hair-transplant,/treatments/hair-restoration/fue-hair-transplant,youtube-nocookie-facade,true,false,Public metadata mapped to a visible contextual destination.
e2c8saLvx4I,https://www.youtube.com/watch?v=e2c8saLvx4I,ହେୟାର୍ ଟ୍ରାନ୍ସପ୍ଲାଣ୍ଟ୍ ପରେ ବେଷ୍ଟ ରେଜଲ୍ଟ #shorts,2022-08-04,Hair Transplant,/hair-transplant-bhubaneswar,/concerns/hair-transplant,/treatments/hair-restoration/fue-hair-transplant,youtube-nocookie-facade,true,false,Public metadata mapped to a visible contextual destination.
-J3wrgFBLGE,https://www.youtube.com/watch?v=-J3wrgFBLGE,बेहतरीन हेयर ट्रांसप्लांट रिजल्ट #shorts,2022-08-04,Hair Transplant,/hair-transplant-bhubaneswar,/concerns/hair-transplant,/treatments/hair-restoration/fue-hair-transplant,youtube-nocookie-facade,true,false,Public metadata mapped to a visible contextual destination.
RAy4VNUyKng,https://www.youtube.com/watch?v=RAy4VNUyKng,Best Results of Hair Transplant with 2000 Grafts #Shorts,2022-08-03,Hair Transplant,/results,/hair-transplant-bhubaneswar,/concerns/hair-transplant,youtube-nocookie-facade,true,false,Metadata mapped; editorial verification required before case association.
7RLrIwv15AQ,https://www.youtube.com/watch?v=7RLrIwv15AQ,हेयर ट्रांसप्लांट रिजल्ट को बेस्ट कैसे बनाये ? Amazing Results of Hair Transplant | Radiance Clinics,2022-08-03,Hair Transplant,/results,/hair-transplant-bhubaneswar,/concerns/hair-transplant,youtube-nocookie-facade,true,false,Metadata mapped; editorial verification required before case association.
b6xITSoOuhM,https://www.youtube.com/watch?v=b6xITSoOuhM,Female Hair Transplant Best Result | महिलाओं में हेयर ट्रांसप्लांट बेस्ट रिजल्ट | Radiance Clinics,2022-08-02,Hair Transplant,/results,/hair-transplant-bhubaneswar,/concerns/hair-transplant,youtube-nocookie-facade,true,false,Metadata mapped; editorial verification required before case association.
pCHwKWTdw1o,https://www.youtube.com/watch?v=pCHwKWTdw1o,କମ୍ ପଇସାରେ ହେୟାର୍ ଟ୍ରାନ୍ସପ୍ଲାଣ୍ଟର ବେଷ୍ଟ ରେଜଲ୍ଟ | Hair Transplant in Low Price |,2022-08-01,Hair Transplant,/hair-transplant-bhubaneswar,/concerns/hair-transplant,/treatments/hair-restoration/fue-hair-transplant,youtube-nocookie-facade,true,false,Public metadata mapped to a visible contextual destination.
jGxdb1go-C0,https://www.youtube.com/watch?v=jGxdb1go-C0,सबसे सस्ता हेयर ट्रांसप्लांट | Best Hair Transplant Results | Radiance Skin & Hair Clinics,2022-08-01,Hair Transplant,/results,/hair-transplant-bhubaneswar,/concerns/hair-transplant,youtube-nocookie-facade,true,false,Metadata mapped; editorial verification required before case association.
T8-toUywb2Y,https://www.youtube.com/watch?v=T8-toUywb2Y,ହେୟାର୍ ଟ୍ରାନ୍ସପ୍ଲାଣ୍ଟ୍ ପରେ ବେଷ୍ଟ ରେଜଲ୍ଟ | Best Hair Transplant Results | Best Hair Transplant Clinic,2022-08-01,Hair Transplant,/results,/hair-transplant-bhubaneswar,/concerns/hair-transplant,youtube-nocookie-facade,true,false,Metadata mapped; editorial verification required before case association.
xyBy4kFuRbw,https://www.youtube.com/watch?v=xyBy4kFuRbw,Best Hair Transplant Results Before & After Only 2000 Grafts Changed The Life | Dr Satyarth Prakash,2022-05-25,Hair Transplant,/results,/hair-transplant-bhubaneswar,/concerns/hair-transplant,youtube-nocookie-facade,true,false,Metadata mapped; editorial verification required before case association.
vp4lQLBkQ3E,https://www.youtube.com/watch?v=vp4lQLBkQ3E,Natural Looking Hair | Hair Transplant Before & After Results Dr Satyartha Prakash #Radiance,2022-05-22,Hair Transplant,/results,/hair-transplant-bhubaneswar,/concerns/hair-transplant,youtube-nocookie-facade,true,false,Metadata mapped; editorial verification required before case association.
SMPChIVB9oc,https://www.youtube.com/watch?v=SMPChIVB9oc,Hair Loss और गंजेपन से परेशान लोग | हेयर ट्रांसप्लांट Best रिजल्ट कैसे आ गए? | Dr. Satyartha Prakash,2022-05-21,Hair Loss,/concerns/hair-loss-scalp,/treatments/hair-restoration/advanced-hair-fall-solutions,/knowledge/how-to-plan-hair-restoration,youtube-nocookie-facade,true,false,Public metadata mapped to a visible contextual destination.
bNP_b0lUYXA,https://www.youtube.com/watch?v=bNP_b0lUYXA,Receding Hairline Re-construction | Hair Transplant @RadianceClinics | Best hair clinic bhubaneswar,2022-02-14,Hair Transplant,/hair-transplant-bhubaneswar,/concerns/hair-transplant,/treatments/hair-restoration/fue-hair-transplant,youtube-nocookie-facade,true,false,Public metadata mapped to a visible contextual destination.
U0sn6Ssf00g,https://www.youtube.com/watch?v=U0sn6Ssf00g,Happy Hair Offer .Regrow your lost Hair and Regain Crown of Glory once again @RadianceClinics .,2022-01-26,Hair Loss,/concerns/hair-loss-scalp,/treatments/hair-restoration/advanced-hair-fall-solutions,/knowledge/how-to-plan-hair-restoration,youtube-nocookie-facade,true,false,Public metadata mapped to a visible contextual destination.
LYHDC1WpAGs,https://www.youtube.com/watch?v=LYHDC1WpAGs,ଚୁଟି ଉପୁଡିବାର ପ୍ରମୁଖ କାରଣ ଓ ଉପଚାର | Know Key Reasons Of Hair Fall By Dr Satyarth@RadianceClinics,2022-01-06,Hair Loss,/concerns/hair-loss-scalp,/treatments/hair-restoration/advanced-hair-fall-solutions,/knowledge/how-to-plan-hair-restoration,youtube-nocookie-facade,true,false,Public metadata mapped to a visible contextual destination.
RwFEzjiUvSM,https://www.youtube.com/watch?v=RwFEzjiUvSM,Radiance Skin Care New Year Offer,2022-01-06,Skin Health,/skin-clinic-bhubaneswar,/concerns/skin-texture,/knowledge/skin-care-doctor-bhubaneswar,youtube-nocookie-facade,true,false,Public metadata mapped to a visible contextual destination.
HOC-9dGnOTs,https://www.youtube.com/watch?v=HOC-9dGnOTs,Now or Never Offer @Radiance Clinics .This New Year Toss Hair-loss Away from your Life,2022-01-06,Hair Transplant,/hair-transplant-bhubaneswar,/concerns/hair-transplant,/treatments/hair-restoration/fue-hair-transplant,youtube-nocookie-facade,true,false,Public metadata mapped to a visible contextual destination.
fU0oeBk_6Ik,https://www.youtube.com/watch?v=fU0oeBk_6Ik,Get The Most Promising Hair Transplant at a Pocket Friendly Price.,2021-11-26,Hair Transplant,/hair-transplant-bhubaneswar,/concerns/hair-transplant,/treatments/hair-restoration/fue-hair-transplant,youtube-nocookie-facade,true,false,Public metadata mapped to a visible contextual destination.
Pr3_8J7hSOc,https://www.youtube.com/watch?v=Pr3_8J7hSOc,Get Rid Of Unwanted Hair With Laser Treatment In Bhubaneswar! Radiance Clinics,2021-11-26,Laser Hair Reduction,/laser-hair-removal-bhubaneswar,/concerns/laser-hair-reduction,/treatments/skin-laser/laser-hair-reduction,youtube-nocookie-facade,true,false,Public metadata mapped to a visible contextual destination.
1q3YEDypN_w,https://www.youtube.com/watch?v=1q3YEDypN_w,Amazing Results of Hair Transplant @Radiance Clinics. Get Back your Looks.Get Back your Confidence .,2021-09-30,Hair Transplant,/results,/hair-transplant-bhubaneswar,/concerns/hair-transplant,youtube-nocookie-facade,true,false,Metadata mapped; editorial verification required before case association.
4VQYFfE2jdg,https://www.youtube.com/watch?v=4VQYFfE2jdg,Odisha's Most Trusted Hair Loss Treatment Clinic. Radiance Clinic | Bhubaneswar,2021-09-23,Hair Loss,/concerns/hair-loss-scalp,/treatments/hair-restoration/advanced-hair-fall-solutions,/knowledge/how-to-plan-hair-restoration,youtube-nocookie-facade,true,false,Public metadata mapped to a visible contextual destination.
ykiwThYOKpA,https://www.youtube.com/watch?v=ykiwThYOKpA,Hair Loss Treatment in Bhubaneswar | ADVANCED PRP Treatment @RadianceClinics,2021-08-27,Hair Loss,/concerns/hair-loss-scalp,/treatments/hair-restoration/advanced-hair-fall-solutions,/knowledge/how-to-plan-hair-restoration,youtube-nocookie-facade,true,false,Public metadata mapped to a visible contextual destination.
oB4ug_cPEhk,https://www.youtube.com/watch?v=oB4ug_cPEhk,5 Months Hair Restoration Result by PRP Treatment | Without Hair Transplant @RadianceClinics,2021-08-23,Hair Transplant,/results,/hair-transplant-bhubaneswar,/concerns/hair-transplant,youtube-nocookie-facade,true,false,Metadata mapped; editorial verification required before case association.
4WlBbtQV_UI,https://www.youtube.com/watch?v=4WlBbtQV_UI,Amazing result in Hairline Restoration | @RadianceClinicsBhubaneswar,2021-08-09,Hair Transplant,/results,/hair-transplant-bhubaneswar,/concerns/hair-transplant,youtube-nocookie-facade,true,false,Metadata mapped; editorial verification required before case association.
bw_aEWt41rU,https://www.youtube.com/watch?v=bw_aEWt41rU,The Most advanced Skin Care Treatments @RadianceClinics Bhubaneswar. Odisha. Trusted By 25000+,2021-07-21,Skin Health,/skin-clinic-bhubaneswar,/concerns/skin-texture,/knowledge/skin-care-doctor-bhubaneswar,youtube-nocookie-facade,true,false,Public metadata mapped to a visible contextual destination.
YcDpJg4J3f4,https://www.youtube.com/watch?v=YcDpJg4J3f4,Why Choose Radiance Clinic Bhubaneswar,2021-07-02,Hair Transplant,/hair-transplant-bhubaneswar,/concerns/hair-transplant,/treatments/hair-restoration/fue-hair-transplant,youtube-nocookie-facade,true,false,Public metadata mapped to a visible contextual destination.
CPlPVkoEirs,https://www.youtube.com/watch?v=CPlPVkoEirs,Amazing Hair Transplant Result The Most Trusted & Experienced Clinic Of Odisha @RadianceClinics,2021-06-21,Hair Transplant,/results,/hair-transplant-bhubaneswar,/concerns/hair-transplant,youtube-nocookie-facade,true,false,Metadata mapped; editorial verification required before case association.
NCmAGymASq0,https://www.youtube.com/watch?v=NCmAGymASq0,Amazing Hair Transplant Result at @RadianceClinics . Bhubaneswar,2021-06-20,Hair Transplant,/results,/hair-transplant-bhubaneswar,/concerns/hair-transplant,youtube-nocookie-facade,true,false,Metadata mapped; editorial verification required before case association.
u1sDjPQh9xc,https://www.youtube.com/watch?v=u1sDjPQh9xc,Hair transplant without trimming Only Frontal Area | Hair transplant | Radiance Clinics,2021-06-15,Hair Transplant,/hair-transplant-bhubaneswar,/concerns/hair-transplant,/treatments/hair-restoration/fue-hair-transplant,youtube-nocookie-facade,true,false,Public metadata mapped to a visible contextual destination.
9mWrCIC8djU,https://www.youtube.com/watch?v=9mWrCIC8djU,କେଶ ଝଡ଼ିବା ଓ ପ୍ରତିରୋପଣକୁ ନେଇ ଥିବା ପ୍ରଶ୍ନ ଏବଂ ତାହାର ଉତ୍ତର | ଡା. ସତ୍ୟାର୍ଥ ପ୍ରକାଶ |@RadianceClinics,2021-06-15,Other,/videos,/knowledge,/concerns,youtube-nocookie-facade,true,false,Public metadata mapped to a visible contextual destination.
SKoqCCvz_2U,https://www.youtube.com/watch?v=SKoqCCvz_2U,Things to Know Before Going for a Hair Transplant | Radiance Skin & Hair Clinics,2021-06-15,Hair Transplant,/hair-transplant-bhubaneswar,/concerns/hair-transplant,/treatments/hair-restoration/fue-hair-transplant,youtube-nocookie-facade,true,false,Public metadata mapped to a visible contextual destination.
HEDefwh6298,https://www.youtube.com/watch?v=HEDefwh6298,Top Rated Skin & Hair Clinic in Bhubaneswar | 60000+ Happy Patients | Radiance Skin & Hair Clinics,2021-06-09,Skin Health,/skin-clinic-bhubaneswar,/concerns/skin-texture,/knowledge/skin-care-doctor-bhubaneswar,youtube-nocookie-facade,true,false,Public metadata mapped to a visible contextual destination.
y7MzTLDAr_E,https://www.youtube.com/watch?v=y7MzTLDAr_E,4 Months Hair Transplant Journey From Bald to Bold | Best Hair Transplant in Bhubaneswar,2021-06-07,Hair Transplant,/hair-transplant-bhubaneswar,/concerns/hair-transplant,/treatments/hair-restoration/fue-hair-transplant,youtube-nocookie-facade,true,false,Public metadata mapped to a visible contextual destination.
YRmBWuRBg3A,https://www.youtube.com/watch?v=YRmBWuRBg3A,Common Doubts on Hair Transplant | Best Hair Transplant Centre in Odisha |Radiance Hair Clinics,2021-05-26,Hair Transplant,/hair-transplant-bhubaneswar,/concerns/hair-transplant,/treatments/hair-restoration/fue-hair-transplant,youtube-nocookie-facade,true,false,Public metadata mapped to a visible contextual destination.
wwT6CX3a1FY,https://www.youtube.com/watch?v=wwT6CX3a1FY,ମହିଳା ମାନଙ୍କର କେଶ ଝଡ଼ିବାର କାରଣ ଏବଂ ନିରାକରଣ | ରେଡ଼ିଏନ୍ସ କ୍ଲିନିକ ଭୁବନେଶ୍ୱର | ଡ଼କ୍ଟର ସତ୍ୟାର୍ଥ ପ୍ରକାଶ,2021-05-16,Other,/videos,/knowledge,/concerns,youtube-nocookie-facade,true,false,Public metadata mapped to a visible contextual destination.
0pS_youEL8U,https://www.youtube.com/watch?v=0pS_youEL8U,ସ୍କିନ କଲର ଏବଂ ଗ୍ଲୋ କେମିତି ବଢ଼ାଇବେ | ରେଡ଼ିଏନ୍ସ କ୍ଲିନିକ ଭୁବନେଶ୍ୱର | ଡ଼କ୍ଟର ସତ୍ୟାର୍ଥ ପ୍ରକାଶ,2021-05-16,Pigmentation,/pigmentation-treatment-bhubaneswar,/concerns/pigmentation,/treatments/skin-laser/laser-pigmentation-program,youtube-nocookie-facade,true,false,Public metadata mapped to a visible contextual destination.
8_OcmciswBE,https://www.youtube.com/watch?v=8_OcmciswBE,"Re-Grow Hair without Hair Transplant | RADIANCE SKIN & HAIR CLINICS | IN BHUBANESWAR ,ODISHA",2021-05-08,Hair Transplant,/hair-transplant-bhubaneswar,/concerns/hair-transplant,/treatments/hair-restoration/fue-hair-transplant,youtube-nocookie-facade,true,false,Public metadata mapped to a visible contextual destination.
qBKFQ45lX2M,https://www.youtube.com/watch?v=qBKFQ45lX2M,ଚନ୍ଦାପଣ ର ସଫଳ ଚିକିତ୍ସ୍ୟା | ହେୟାର ଟ୍ରାନ୍ସପ୍ଲାଣ୍ଟ ଭୁବନେଶ୍ୱର | ରେଡ଼ିଏନ୍ସ ହେୟାର ଟ୍ରାନ୍ସପ୍ଲାଣ୍ଟ |,2021-04-25,Other,/videos,/knowledge,/concerns,youtube-nocookie-facade,true,false,Public metadata mapped to a visible contextual destination.
rbnlBSIQSUs,https://www.youtube.com/watch?v=rbnlBSIQSUs,BEST HAIR TRANSPLANT | HAIR TRANSPLANT IN BHUBANESWAR | RADIANCE CLINIC | HAIRFALL ODISHA|,2021-04-17,Hair Transplant,/hair-transplant-bhubaneswar,/concerns/hair-transplant,/treatments/hair-restoration/fue-hair-transplant,youtube-nocookie-facade,true,false,Public metadata mapped to a visible contextual destination.
ZcVwQSfC3JE,https://www.youtube.com/watch?v=ZcVwQSfC3JE,"କଣ କୁହନ୍ତି ନିଜେ ଜଣେ ଡାକ୍ତର | ରେଡିଏନ୍ସ କ୍ଲିନିକ୍, ଭୁବନେଶ୍ୱରରେ ନିଜେ ହେୟାର ଟ୍ରାନ୍ସପ୍ଲାଣ୍ଟ କରିବା ପରେ",2021-04-16,Hair Transplant,/hair-transplant-bhubaneswar,/concerns/hair-transplant,/treatments/hair-restoration/fue-hair-transplant,youtube-nocookie-facade,true,false,Public metadata mapped to a visible contextual destination.
nQq7xh7nkF4,https://www.youtube.com/watch?v=nQq7xh7nkF4,HAIR LOSS CAUSES AND ITS TREATMENT | RADIANCE CLINIC BHUBANESWAR | BEST CLINIC FOR HAIRLOSS,2020-08-01,Hair Loss,/concerns/hair-loss-scalp,/treatments/hair-restoration/advanced-hair-fall-solutions,/knowledge/how-to-plan-hair-restoration,youtube-nocookie-facade,true,false,Public metadata mapped to a visible contextual destination.
Q1QymkglWUs,https://www.youtube.com/watch?v=Q1QymkglWUs,Hair Transplant in Bhubaneswar - Hair Transplant Customer Reviews | Radiance Clinics Bhubaneswar,2020-06-02,Hair Transplant,/hair-transplant-bhubaneswar,/concerns/hair-transplant,/treatments/hair-restoration/fue-hair-transplant,youtube-nocookie-facade,true,false,Public metadata mapped to a visible contextual destination.
X74YHvMRXGc,https://www.youtube.com/watch?v=X74YHvMRXGc,Incredible results of only 2000 grafts| By Dr Satyartha Prakash | Radiance Clinics Bhubanaeswar,2020-06-02,Hair Transplant,/results,/hair-transplant-bhubaneswar,/concerns/hair-transplant,youtube-nocookie-facade,true,false,Metadata mapped; editorial verification required before case association.
yVObHfdXQb8,https://www.youtube.com/watch?v=yVObHfdXQb8,COST OF HAIR TRANSPLANT | DETAILS EXPLAINED BY DR SATYARTHA PRAKASH,2020-04-22,Hair Transplant,/hair-transplant-bhubaneswar,/concerns/hair-transplant,/treatments/hair-restoration/fue-hair-transplant,youtube-nocookie-facade,true,false,Public metadata mapped to a visible contextual destination.
-NVx1UC93p0,https://www.youtube.com/watch?v=-NVx1UC93p0,ACNE TREATMENT & SOLUTIONS | RADIANCE CLINICS,2020-04-22,Acne,/concerns/acne,/skin-clinic-bhubaneswar,/doctor-answers/why-acne-keeps-returning,youtube-nocookie-facade,true,false,Public metadata mapped to a visible contextual destination.
byA3VbPCkwU,https://www.youtube.com/watch?v=byA3VbPCkwU,Amazing Results of Hair transplant | Radiance Clinics Bhubaneswar,2020-04-08,Hair Transplant,/results,/hair-transplant-bhubaneswar,/concerns/hair-transplant,youtube-nocookie-facade,true,false,Metadata mapped; editorial verification required before case association.
3i2gw_YiR_8,https://www.youtube.com/watch?v=3i2gw_YiR_8,A Great Experience of Hair Transplant At Radiance Clinics Bhubaneswar | Radiance Hair Transplant|,2020-03-25,Hair Transplant,/hair-transplant-bhubaneswar,/concerns/hair-transplant,/treatments/hair-restoration/fue-hair-transplant,youtube-nocookie-facade,true,false,Public metadata mapped to a visible contextual destination.
gsdGPy_faNo,https://www.youtube.com/watch?v=gsdGPy_faNo,ମୁ ଗୋରା କେମିତି ହେଲି | ରେଡ଼ିଏନ୍ସ ହିଁ ଭରୋସା ଯୋଗ୍ୟ | ରେଡ଼ିଏନ୍ସ କ୍ଲିନିକ ଭୁବନେଶ୍ୱର | ଡ. ସତ୍ୟାର୍ଥ ପ୍ରକାଶ,2020-03-25,Pigmentation,/pigmentation-treatment-bhubaneswar,/concerns/pigmentation,/treatments/skin-laser/laser-pigmentation-program,youtube-nocookie-facade,true,false,Public metadata mapped to a visible contextual destination.
3M0QoafTNvE,https://www.youtube.com/watch?v=3M0QoafTNvE,PERMANENT LASER HAIR REDUCTION | RADIANCE CLINIC BHUBANESWAR,2020-01-29,Laser Hair Reduction,/laser-hair-removal-bhubaneswar,/concerns/laser-hair-reduction,/treatments/skin-laser/laser-hair-reduction,youtube-nocookie-facade,true,false,Public metadata mapped to a visible contextual destination.
70IrOaXiH6w,https://www.youtube.com/watch?v=70IrOaXiH6w,No Root Touch Hair Transplant | Radiance Clinic Bhubnaeswar,2019-12-29,Hair Transplant,/hair-transplant-bhubaneswar,/concerns/hair-transplant,/treatments/hair-restoration/fue-hair-transplant,youtube-nocookie-facade,true,false,Public metadata mapped to a visible contextual destination.
eN-OI9rSbJo,https://www.youtube.com/watch?v=eN-OI9rSbJo,କାହିଁକି ଆସୁଛି ଅଧିକ ରିଂକିଲ | ଚିକିତ୍ସ୍ୟ କେମିତି କରିବେ | ରଡ଼ିଏନ୍ସ କ୍ଲିନିକ ଭୁବନେଶ୍ୱର,2019-11-28,Aesthetic Dermatology,/treatments/aesthetic-dermatology/injectable-aesthetics,/concerns/aging-aesthetics,/knowledge/premium-aesthetic-consultation,youtube-nocookie-facade,true,false,Public metadata mapped to a visible contextual destination.
UoFXf44F4yc,https://www.youtube.com/watch?v=UoFXf44F4yc,SKIN PIGMENTATION ISSUES AND TREATMENT BY DR SATYARTHA PRAKASH,2019-11-27,Pigmentation,/pigmentation-treatment-bhubaneswar,/concerns/pigmentation,/treatments/skin-laser/laser-pigmentation-program,youtube-nocookie-facade,true,false,Public metadata mapped to a visible contextual destination.
yP1e3iFLrbo,https://www.youtube.com/watch?v=yP1e3iFLrbo,ଛୁଟି କାହିଁକି ଝଡ଼େ | କାରଣ ଏବଂ ନିରାକରଣ | ରଡ଼ିଏନ୍ସ କ୍ଲିନିକ | ଡ଼କ୍ଟର ସତ୍ୟାର୍ଥ ପ୍ରକାଶ,2019-11-27,Hair Transplant,/hair-transplant-bhubaneswar,/concerns/hair-transplant,/treatments/hair-restoration/fue-hair-transplant,youtube-nocookie-facade,true,false,Public metadata mapped to a visible contextual destination.
JfysAv3FsGU,https://www.youtube.com/watch?v=JfysAv3FsGU,WRINKLE TREATMENT EXPLAINED BY DR SATYARTHA PRAKASH | RADIANCE CLINICS,2019-11-09,Aesthetic Dermatology,/treatments/aesthetic-dermatology/injectable-aesthetics,/concerns/aging-aesthetics,/knowledge/premium-aesthetic-consultation,youtube-nocookie-facade,true,false,Public metadata mapped to a visible contextual destination.
JVvD-xamCds,https://www.youtube.com/watch?v=JVvD-xamCds,WHY CHOOSE RADIANCE CLINICS FOR HAIR TRANSPLANTATION | IN ODIA,2019-11-09,Hair Transplant,/hair-transplant-bhubaneswar,/concerns/hair-transplant,/treatments/hair-restoration/fue-hair-transplant,youtube-nocookie-facade,true,false,Public metadata mapped to a visible contextual destination.
JgFDhObysHI,https://www.youtube.com/watch?v=JgFDhObysHI,PRECAUTION AFTER HAIR TRANSPLANT IN ODIA | BY DR SATYARTHA PRAKASH,2019-11-05,Hair Transplant,/hair-transplant-bhubaneswar,/concerns/hair-transplant,/treatments/hair-restoration/fue-hair-transplant,youtube-nocookie-facade,true,false,Public metadata mapped to a visible contextual destination.
w-zQaOXuZyY,https://www.youtube.com/watch?v=w-zQaOXuZyY,MYTH REGARDING HAIR TRANSPLANT IN ODIA | RADIANCE CLINICS,2019-11-01,Hair Transplant,/hair-transplant-bhubaneswar,/concerns/hair-transplant,/treatments/hair-restoration/fue-hair-transplant,youtube-nocookie-facade,true,false,Public metadata mapped to a visible contextual destination.
8nt4ucV6H0o,https://www.youtube.com/watch?v=8nt4ucV6H0o,ADVANTAGES OF HAIR TRANSPLANT IN ODIA | BY RADIANCE CLINICS,2019-11-01,Hair Transplant,/hair-transplant-bhubaneswar,/concerns/hair-transplant,/treatments/hair-restoration/fue-hair-transplant,youtube-nocookie-facade,true,false,Public metadata mapped to a visible contextual destination.
5n26u5h8gtg,https://www.youtube.com/watch?v=5n26u5h8gtg,CHOOSING A RIGHT HAIR TRANSPLANT CENTRE | RADIANCE CLINICS,2019-10-30,Hair Transplant,/hair-transplant-bhubaneswar,/concerns/hair-transplant,/treatments/hair-restoration/fue-hair-transplant,youtube-nocookie-facade,true,false,Public metadata mapped to a visible contextual destination.
9-fc_UZegzs,https://www.youtube.com/watch?v=9-fc_UZegzs,HOW HAIR TRANSPLANT CHANGED MY LIFE | LIVE HAIR TRANSPLANT RESULTS,2019-10-16,Hair Transplant,/results,/hair-transplant-bhubaneswar,/concerns/hair-transplant,youtube-nocookie-facade,true,false,Metadata mapped; editorial verification required before case association.
U2HtLnCD63o,https://www.youtube.com/watch?v=U2HtLnCD63o,LIVE RESULTS OF HAIR TRANSPLANT | RADIANCE HAIR TRANSPLANT| DR SATYARTHA PRAKASH,2019-09-25,Hair Transplant,/results,/hair-transplant-bhubaneswar,/concerns/hair-transplant,youtube-nocookie-facade,true,false,Metadata mapped; editorial verification required before case association.
IH0v8M_Jcq8,https://www.youtube.com/watch?v=IH0v8M_Jcq8,ହ୍ୱିରଟ୍ରନ୍ସପ୍ଲାଣ୍ଟ ରେ ଖର୍ଚ କେତେ ହୁଏ | ରଡ଼ିଏନ୍ସ ହିର ଟ୍ରାନ୍ସପ୍ଲାଣ୍ଟ | ହିର ଟ୍ରାନ୍ସପ୍ଲାଣ୍ଟୟ ଭୁବନେଶ୍ୱର,2019-09-24,Hair Transplant,/hair-transplant-bhubaneswar,/concerns/hair-transplant,/treatments/hair-restoration/fue-hair-transplant,youtube-nocookie-facade,true,false,Public metadata mapped to a visible contextual destination.
AULeySgSfRA,https://www.youtube.com/watch?v=AULeySgSfRA,ଲିଭି ପାରିବ ଆଖି ତଳ କଳା ଦାଗ | ରେଡିଏନ୍ସ ସ୍କିନ ଆଣ୍ଡ ହେୟାର କ୍ଲିନିକ ଭୁବନେଶ୍ୱର |,2019-09-19,Pigmentation,/pigmentation-treatment-bhubaneswar,/concerns/pigmentation,/treatments/skin-laser/laser-pigmentation-program,youtube-nocookie-facade,true,false,Public metadata mapped to a visible contextual destination.
5c-tAvbpsdo,https://www.youtube.com/watch?v=5c-tAvbpsdo,ଲେସର ଟାଟୁ ରିମୁବାଲ I ରେଡ଼ିଏନ୍ସ କ୍ଲିନିକ ଭୁବନେଶ୍ୱର,2019-09-18,Skin Health,/skin-clinic-bhubaneswar,/concerns/skin-texture,/knowledge/skin-care-doctor-bhubaneswar,youtube-nocookie-facade,true,false,Public metadata mapped to a visible contextual destination.
7gx3N3kuXfA,https://www.youtube.com/watch?v=7gx3N3kuXfA,LIVE RESULTS OF ONLY 1000 GRAFTS | DR SATYARTHA PRAKASH RADIANCE CLINICS,2019-09-14,Hair Transplant,/results,/hair-transplant-bhubaneswar,/concerns/hair-transplant,youtube-nocookie-facade,true,false,Metadata mapped; editorial verification required before case association.
JU32KKhcPMU,https://www.youtube.com/watch?v=JU32KKhcPMU,Hair Transplant in Bhubaneswar at Radiance Clinics by Dr Satyartha Prakash,2019-09-10,Hair Transplant,/hair-transplant-bhubaneswar,/concerns/hair-transplant,/treatments/hair-restoration/fue-hair-transplant,youtube-nocookie-facade,true,false,Public metadata mapped to a visible contextual destination.
9b2IxoZAttM,https://www.youtube.com/watch?v=9b2IxoZAttM,BEST HAIR LOSS TREATMENT IN BHUBANESWAR | RADIANCE CLINICS,2018-12-26,Hair Loss,/concerns/hair-loss-scalp,/treatments/hair-restoration/advanced-hair-fall-solutions,/knowledge/how-to-plan-hair-restoration,youtube-nocookie-facade,true,false,Public metadata mapped to a visible contextual destination.
jls0zPsiKJw,https://www.youtube.com/watch?v=jls0zPsiKJw,SKIN BRIGHTENING TREATMENT | FAIRNESS TREATMENT IN BHUBANESWAR | HOW TO ACHIEVE A FAIR SKIN,2018-12-17,Skin Health,/skin-clinic-bhubaneswar,/concerns/skin-texture,/knowledge/skin-care-doctor-bhubaneswar,youtube-nocookie-facade,true,false,Public metadata mapped to a visible contextual destination.
BQPUNACNzb8,https://www.youtube.com/watch?v=BQPUNACNzb8,ACNE SCARS TEATMENT IN BHUBANESWAR AT RADIANCE CLINIC,2018-12-11,Acne Scars,/acne-scar-treatment-bhubaneswar,/concerns/acne-scars,/treatments/skin-laser/acne-scar-revision,youtube-nocookie-facade,true,false,Public metadata mapped to a visible contextual destination.
syAuh9Ybfh4,https://www.youtube.com/watch?v=syAuh9Ybfh4,"BEST SKIN CLINIC IN BHUBANESWAR,",2018-12-08,Skin Health,/skin-clinic-bhubaneswar,/concerns/skin-texture,/knowledge/skin-care-doctor-bhubaneswar,youtube-nocookie-facade,true,false,Public metadata mapped to a visible contextual destination.
9YF-7lb7W9Y,https://www.youtube.com/watch?v=9YF-7lb7W9Y,ACNE TREATMENT IN BHUBANESWAR,2018-12-06,Acne,/concerns/acne,/skin-clinic-bhubaneswar,/doctor-answers/why-acne-keeps-returning,youtube-nocookie-facade,true,false,Public metadata mapped to a visible contextual destination.
5opMf0na9DA,https://www.youtube.com/watch?v=5opMf0na9DA,PIGMENTATION TREATMENT BY LASER At Radiance,2018-11-15,Pigmentation,/pigmentation-treatment-bhubaneswar,/concerns/pigmentation,/treatments/skin-laser/laser-pigmentation-program,youtube-nocookie-facade,true,false,Public metadata mapped to a visible contextual destination.
5_911Q4KBLc,https://www.youtube.com/watch?v=5_911Q4KBLc,Laser Hair Removal in Bhubaneswar at Radiance clinics,2018-11-05,Laser Hair Reduction,/laser-hair-removal-bhubaneswar,/concerns/laser-hair-reduction,/treatments/skin-laser/laser-hair-reduction,youtube-nocookie-facade,true,false,Public metadata mapped to a visible contextual destination.
WqOCZr1u7EU,https://www.youtube.com/watch?v=WqOCZr1u7EU,"Looking for the #1 hair transplant clinic in Bhubaneswar, Odisha?",2018-08-24,Hair Transplant,/hair-transplant-bhubaneswar,/concerns/hair-transplant,/treatments/hair-restoration/fue-hair-transplant,youtube-nocookie-facade,true,false,Public metadata mapped to a visible contextual destination.
_uItXKURMSA,https://www.youtube.com/watch?v=_uItXKURMSA,Want to improve your look? Looking for best Aesthetic Treatments in Bhubaneswar?,2018-08-16,Skin Health,/skin-clinic-bhubaneswar,/concerns/skin-texture,/knowledge/skin-care-doctor-bhubaneswar,youtube-nocookie-facade,true,false,Public metadata mapped to a visible contextual destination.
KiaEW88ML-I,https://www.youtube.com/watch?v=KiaEW88ML-I,Head wash after hair transplant live video,2017-10-14,Hair Transplant,/hair-transplant-bhubaneswar,/concerns/hair-transplant,/treatments/hair-restoration/fue-hair-transplant,youtube-nocookie-facade,true,false,Public metadata mapped to a visible contextual destination.
K15jxILLXeY,https://www.youtube.com/watch?v=K15jxILLXeY,"Robotics hair transplant ,first time in bhubaneswar, odisha",2017-08-15,Hair Transplant,/hair-transplant-bhubaneswar,/concerns/hair-transplant,/treatments/hair-restoration/fue-hair-transplant,youtube-nocookie-facade,true,false,Public metadata mapped to a visible contextual destination.
kO3G_V93Qoc,https://www.youtube.com/watch?v=kO3G_V93Qoc,viral video hair transplant at radiance clinic bhubaneswar,2017-07-16,Hair Transplant,/hair-transplant-bhubaneswar,/concerns/hair-transplant,/treatments/hair-restoration/fue-hair-transplant,youtube-nocookie-facade,true,false,Public metadata mapped to a visible contextual destination.
AbzOKLinhzk,https://www.youtube.com/watch?v=AbzOKLinhzk,Live hair transplantation Viral Video | radiance clinic | Dr. Satyartha Prakash,2017-06-25,Hair Transplant,/hair-transplant-bhubaneswar,/concerns/hair-transplant,/treatments/hair-restoration/fue-hair-transplant,youtube-nocookie-facade,true,false,Public metadata mapped to a visible contextual destination.
omJ7X264BqE,https://www.youtube.com/watch?v=omJ7X264BqE,"Hair Transplant In Bhubaneswar, Patient Testimonial",2017-06-14,Hair Transplant,/results,/hair-transplant-bhubaneswar,/concerns/hair-transplant,youtube-nocookie-facade,true,false,Metadata mapped; editorial verification required before case association.
an8M8zrzEfE,https://www.youtube.com/watch?v=an8M8zrzEfE,live hair transplant steps,2017-06-04,Hair Transplant,/hair-transplant-bhubaneswar,/concerns/hair-transplant,/treatments/hair-restoration/fue-hair-transplant,youtube-nocookie-facade,true,false,Public metadata mapped to a visible contextual destination.
skpZjhIAyl8,https://www.youtube.com/watch?v=skpZjhIAyl8,Best Hair Transplant & Hair Care Treatment Clinic in Bhubaneswar,2017-05-19,Hair Transplant,/hair-transplant-bhubaneswar,/concerns/hair-transplant,/treatments/hair-restoration/fue-hair-transplant,youtube-nocookie-facade,true,false,Public metadata mapped to a visible contextual destination.
3SponEM2Y-I,https://www.youtube.com/watch?v=3SponEM2Y-I,PRP Treatment For Hair Loss at Radiance Clinics,2017-02-09,Hair Loss,/concerns/hair-loss-scalp,/treatments/hair-restoration/advanced-hair-fall-solutions,/knowledge/how-to-plan-hair-restoration,youtube-nocookie-facade,true,false,Public metadata mapped to a visible contextual destination.
5QmxzkMRav0,https://www.youtube.com/watch?v=5QmxzkMRav0,Pigmentation Treatment at Radiance Clinics in Bhubaneswar,2017-02-08,Pigmentation,/pigmentation-treatment-bhubaneswar,/concerns/pigmentation,/treatments/skin-laser/laser-pigmentation-program,youtube-nocookie-facade,true,false,Public metadata mapped to a visible contextual destination.
-lMklK3kxzQ,https://www.youtube.com/watch?v=-lMklK3kxzQ,Acne Treatment By Laser- Radiance Clinics,2017-02-03,Acne,/concerns/acne,/skin-clinic-bhubaneswar,/doctor-answers/why-acne-keeps-returning,youtube-nocookie-facade,true,false,Public metadata mapped to a visible contextual destination.
2lzcgG7pUK4,https://www.youtube.com/watch?v=2lzcgG7pUK4,Tattoo Removal at Radiance Clinics Bhubaneswar,2017-02-02,Tattoo Removal,/tattoo-removal-bhubaneswar,/treatments/laser,/skin-clinic-bhubaneswar,youtube-nocookie-facade,true,false,Public metadata mapped to a visible contextual destination.
5xt8LBSPjt8,https://www.youtube.com/watch?v=5xt8LBSPjt8,Radiance Clinics Treatments Explained by Dr. Satyartha Prakash,2017-02-02,Clinic & Doctor,/about,/videos,/contact,youtube-nocookie-facade,true,false,Public metadata mapped to a visible contextual destination.
GjEbBRMHbr8,https://www.youtube.com/watch?v=GjEbBRMHbr8,Hair Transplant Step by Step Explained by Radiance Clinics,2016-07-22,Hair Transplant,/hair-transplant-bhubaneswar,/concerns/hair-transplant,/treatments/hair-restoration/fue-hair-transplant,youtube-nocookie-facade,true,false,Public metadata mapped to a visible contextual destination.
pHbfTRBx6yQ,https://www.youtube.com/watch?v=pHbfTRBx6yQ,Hair Transplant Testimonial,2015-03-11,Hair Transplant,/results,/hair-transplant-bhubaneswar,/concerns/hair-transplant,youtube-nocookie-facade,true,false,Metadata mapped; editorial verification required before case association.
RmYB7GUZaXs,https://www.youtube.com/watch?v=RmYB7GUZaXs,Laser Treatment in Bhubaneswar,2014-11-24,Skin Health,/skin-clinic-bhubaneswar,/concerns/skin-texture,/knowledge/skin-care-doctor-bhubaneswar,youtube-nocookie-facade,true,false,Public metadata mapped to a visible contextual destination.
F_Rfnqofvk4,https://www.youtube.com/watch?v=F_Rfnqofvk4,Live Laser Treatment in india | Radince Clinic Bhubaneswar,2014-11-24,Skin Health,/skin-clinic-bhubaneswar,/concerns/skin-texture,/knowledge/skin-care-doctor-bhubaneswar,youtube-nocookie-facade,true,false,Public metadata mapped to a visible contextual destination.
wphEiTfBLB0,https://www.youtube.com/watch?v=wphEiTfBLB0,Laser Hair Removal in Odisha,2014-11-24,Laser Hair Reduction,/laser-hair-removal-bhubaneswar,/concerns/laser-hair-reduction,/treatments/skin-laser/laser-hair-reduction,youtube-nocookie-facade,true,false,Public metadata mapped to a visible contextual destination.
FjlNEXkAC88,https://www.youtube.com/watch?v=FjlNEXkAC88,Mesotherapy Treatment Clinic Bhubaneswar,2014-11-24,Hair Transplant,/hair-transplant-bhubaneswar,/concerns/hair-transplant,/treatments/hair-restoration/fue-hair-transplant,youtube-nocookie-facade,true,false,Public metadata mapped to a visible contextual destination.
VAnB9zC4NZU,https://www.youtube.com/watch?v=VAnB9zC4NZU,Best Hair Transplant by Radiance Clinics,2014-11-21,Hair Transplant,/hair-transplant-bhubaneswar,/concerns/hair-transplant,/treatments/hair-restoration/fue-hair-transplant,youtube-nocookie-facade,true,false,Public metadata mapped to a visible contextual destination.
DEAEkTooDfI,https://www.youtube.com/watch?v=DEAEkTooDfI,Radiance Clinics: Best Hair Transplant Clinic,2014-11-21,Hair Transplant,/hair-transplant-bhubaneswar,/concerns/hair-transplant,/treatments/hair-restoration/fue-hair-transplant,youtube-nocookie-facade,true,false,Public metadata mapped to a visible contextual destination.
5dWNqyvcMqI,https://www.youtube.com/watch?v=5dWNqyvcMqI,Hair Transplant in India,2014-11-21,Hair Transplant,/hair-transplant-bhubaneswar,/concerns/hair-transplant,/treatments/hair-restoration/fue-hair-transplant,youtube-nocookie-facade,true,false,Public metadata mapped to a visible contextual destination.
1hQfQizyT60,https://www.youtube.com/watch?v=1hQfQizyT60,Affordable Hair Transplant at Radiance Clinics,2014-11-21,Hair Transplant,/hair-transplant-bhubaneswar,/concerns/hair-transplant,/treatments/hair-restoration/fue-hair-transplant,youtube-nocookie-facade,true,false,Public metadata mapped to a visible contextual destination.
qvdN6D85_qQ,https://www.youtube.com/watch?v=qvdN6D85_qQ,Skin Care Clinic in Odisha,2014-08-26,Skin Health,/skin-clinic-bhubaneswar,/concerns/skin-texture,/knowledge/skin-care-doctor-bhubaneswar,youtube-nocookie-facade,true,false,Public metadata mapped to a visible contextual destination.
9MbtGSwWgVs,https://www.youtube.com/watch?v=9MbtGSwWgVs,BEST HAIR TRANSPLANT CLINIC IN BHUBANESWAR| RADIANCE HAIR TRANSPLANT CLINIC | NATURAL BEST RESULTS,,Hair Transplant,/results,/hair-transplant-bhubaneswar,/concerns/hair-transplant,youtube-nocookie-facade,false,false,Metadata mapped; editorial verification required before case association.
23hD6aVgExQ,https://www.youtube.com/watch?v=23hD6aVgExQ,Skin problems? Looking for the Best Skincare Clinic in Bhubaneswar?,,Skin Health,/skin-clinic-bhubaneswar,/concerns/skin-texture,/knowledge/skin-care-doctor-bhubaneswar,youtube-nocookie-facade,false,false,Public metadata mapped to a visible contextual destination.
