URL,Last crawled
https://www.radianceclinics.com/post/how-many-prp-sessions-are-needed-for-visible-hair-growth/,2026-08-22
https://www.radianceclinics.com/hair-wig/,2026-08-22
https://www.radianceclinics.com/treatment/pigmentation/,2026-08-22
https://www.radianceclinics.com/treatment/bridal-dermatology/,2026-08-22
https://www.radianceclinics.com/treatment/hairfall/,2026-08-22
https://www.radianceclinics.com/post/say-goodbye-to-monsoon-hair-loss-easy-ways-to-control-hairfall/,2026-08-22
https://www.radianceclinics.com/hair-transplant-in-angul/,2026-08-22
https://www.radianceclinics.com/hair-transplant-in-raipur/,2026-08-22
https://www.radianceclinics.com/treatment/premium-services/photofacials/,2026-08-22
https://www.radianceclinics.com/post/why-radiance-skin-and-hair-clinic-is-the-best-hair-loss-clinic-in-bhubaneswar/,2026-08-22
https://www.radianceclinics.com/conditions/contact-dermatitis/,2026-08-22
https://www.radianceclinics.com/conditions/vitiligo/,2026-08-22
https://www.radianceclinics.com/conditions/melasma/,2026-08-22
https://www.radianceclinics.com/alopecia-treatment/,2026-08-22
https://www.radianceclinics.com/body-hair-transplant/,2026-08-22
https://www.radianceclinics.com/post/what-is-the-best-hair-transplant-for-density/,2026-08-22
https://www.radianceclinics.com/treatment/acne-scars/,2026-08-22
https://www.radianceclinics.com/post/pioneering-proficiency-satyartha-prakash-excels-in-advanced-dermatology-fellowship-at-dubai-derma/,2026-08-22
https://www.radianceclinics.com/post/fue-vs-fut-which-hair-transplant-works-right-for-you/,2026-08-22
https://www.radianceclinics.com/media-press-release/,2026-08-22
https://www.radianceclinics.com/post/common-hair-loss-myths-that-might-be-holding-you-back/,2026-08-22
https://www.radianceclinics.com/sunspot-removal/,2026-08-22
https://www.radianceclinics.com/treatment/bridal-dermatology/under-eye-rejuvenation/,2026-08-22
https://www.radianceclinics.com/treatment/premium-services/gluta-c-shots/,2026-08-22
https://www.radianceclinics.com/post/what-are-the-common-causes-of-hair-loss-in-women/,2026-08-22
https://www.radianceclinics.com/anti-wrinkle-radiance/,2026-08-22
https://www.radianceclinics.com/conditions/dark-circles/,2026-08-22
https://www.radianceclinics.com/skin-brightening-solutions-radiance/,2026-08-22
https://www.radianceclinics.com/post/is-hair-restoration-worth-the-investment/,2026-08-22
https://www.radianceclinics.com/hair-transplant-in-balasore/,2026-08-22
https://www.radianceclinics.com/tattoo-removal-radiance/,2026-08-22
https://www.radianceclinics.com/chemical-peel/,2026-08-22
https://www.radianceclinics.com/post/ଲେଜର-ହେୟାର-ରିମୁଭାଲ୍-ର-ଉପକ/,2026-08-22
https://www.radianceclinics.com/post/what-to-expect-during-your-first-visit-to-a-skin-care-doctor/,2026-08-22
https://www.radianceclinics.com/post/combat-hair-fall-natural-remedies-dermatologist-tips/,2026-08-22
https://www.radianceclinics.com/post/why-do-some-people-regret-getting-a-hair-transplant-too-early/,2026-08-22
https://www.radianceclinics.com/treatment/premium-services/aqua-skin-whitening-shots/,2026-08-22
https://www.radianceclinics.com/post/whats-the-cause-of-under-eye-dark-circles-and-what-treatments-can-help/,2026-08-22
https://www.radianceclinics.com/post/reasons-to-have-professional-treatment-for-acne/,2026-08-22
https://www.radianceclinics.com/treatment/anti-ageing-therapies/,2026-08-22
https://www.radianceclinics.com/post/when-is-the-perfect-time-to-restore-your-hair/,2026-08-22
https://www.radianceclinics.com/treatment/premium-services/lip-pigmentation/,2026-08-22
https://www.radianceclinics.com/post/why-radiance-skin-and-hair-clinic-is-the-ideal-choice-for-hair-loss-treatment/,2026-08-22
https://www.radianceclinics.com/post/which-filler-is-right-for-you-expert-advice/,2026-08-22
https://www.radianceclinics.com/post/things-to-avoid-if-you-have-acne-prone-skin/,2026-08-22
https://www.radianceclinics.com/blogs/page/11/,2026-08-22
https://www.radianceclinics.com/conditions/antiageing/neck-line/,2026-08-22
https://www.radianceclinics.com/treatment/stretch-marks/,2026-08-22
https://www.radianceclinics.com/treatment/non-surgical-facial-enhancements/micro-blading/,2026-08-22
https://www.radianceclinics.com/post/what-are-the-latest-trends-in-filler-treatment/,2026-08-22
https://www.radianceclinics.com/post-hair-transplant-recovery-guide/,2026-08-21
https://www.radianceclinics.com/post/advanced-acne-scar-removal-treatments-you-should-know/,2026-08-21
https://www.radianceclinics.com/post/what-diet-and-lifestyle-changes-can-support-successful-hair-restoration/,2026-08-21
https://www.radianceclinics.com/laser-re-surfacing/,2026-08-21
https://www.radianceclinics.com/post/when-you-need-to-be-at-the-best-skin-clinic/,2026-08-21
https://www.radianceclinics.com/treatment/pigmentation/chemical-peel/,2026-08-21
https://www.radianceclinics.com/treatment/acne-treatment/,2026-08-21
https://www.radianceclinics.com/hair-transplant-in-kolkata/,2026-08-21
https://www.radianceclinics.com/post/are-acne-scars-permanent-the-answer-may-surprise-you/,2026-08-21
https://www.radianceclinics.com/treatment/acne-treatment/carbon-laser-peel/,2026-08-21
https://www.radianceclinics.com/conditions/fungal-infection/,2026-08-21
https://www.radianceclinics.com/post/which-is-better-synthetic-or-natural-hair-wigs/,2026-08-21
https://www.radianceclinics.com/conditions/spider-veins/,2026-08-21
https://www.radianceclinics.com/post/the-key-to-lasting-smoothness-unlock-laser-hair-removal/,2026-08-21
https://www.radianceclinics.com/treatment/non-surgical-facial-enhancements/lip-blushing/,2026-08-21
https://www.radianceclinics.com/post/acne-check-peel-your-comprehensive-guide-to-clearer-skin/,2026-08-21
https://www.radianceclinics.com/treatment/bridal-dermatology/acnecheck-treatment/,2026-08-21
https://www.radianceclinics.com/post/laser-vs-fillers-vs-creams-what-truly-works-for-under-eye-bags/,2026-08-21
https://www.radianceclinics.com/post/laser-vs-waxing-which-hair-removal-method-is-right-for-you/,2026-08-21
https://www.radianceclinics.com/conditions/antiageing/sagging-skin/,2026-08-21
https://www.radianceclinics.com/treatment/unwanted-hair/diode-laser/,2026-08-21
https://www.radianceclinics.com/bio-therapy-treatment/,2026-08-21
https://www.radianceclinics.com/post/how-hair-shapes-self-image-and-personal-confidence/,2026-08-21
https://www.radianceclinics.com/post/where-can-i-get-painless-wart-removal-treatment/,2026-08-21
https://www.radianceclinics.com/conditions/pcod/,2026-08-21
https://www.radianceclinics.com/hair-,2026-08-21
https://www.radianceclinics.com/weight-loss-radiance/,2026-08-21
https://www.radianceclinics.com/post/transformative-insights-from-radiance-clinics-for-skin-and-hair-health/,2026-08-21
https://www.radianceclinics.com/body-piercing/,2026-08-21
https://www.radianceclinics.com/conditions/pseudo-acanthosis-nigricans/,2026-08-21
https://www.radianceclinics.com/conditions/antiageing/forehead-line/,2026-08-21
https://www.radianceclinics.com/frequently-asked-questions/,2026-08-21
https://www.radianceclinics.com/post/best-dermatologist-for-acne-an-treatment/,2026-08-21
https://www.radianceclinics.com/treatment/anti-ageing-therapies/high-intensity-focused-ultrasound/,2026-08-21
https://www.radianceclinics.com/post/is-it-safe-to-have-a-hair-transplant-in-bhubaneswar-at-radiance-skin-and-hair-clinic/,2026-08-21
https://www.radianceclinics.com/hair-transplant-in-koraput/,2026-08-21
https://www.radianceclinics.com/treatment/premium-services/hydra-facial/,2026-08-21
https://www.radianceclinics.com/post/hair-treatment-doctor-near-me/,2026-08-21
https://www.radianceclinics.com/treatment/unwanted-hair/,2026-08-21
https://www.radianceclinics.com/female-hair-transplant/,2026-08-21
https://www.radianceclinics.com/post/decoding-the-cost-of-chemical-peels-in-odisha-understanding-the-factors-behind-pricing/,2026-08-21
https://www.radianceclinics.com/scalp-micropigmentation/,2026-08-21
https://www.radianceclinics.com/hair-transplant-in-jajpur/,2026-08-21
https://www.radianceclinics.com/laser-photo-rejuvenation-radiance/,2026-08-21
https://www.radianceclinics.com/post/laser-hair-removal/,2026-08-21
https://www.radianceclinics.com/treatment/pigmentation/power-glow/,2026-08-20
https://www.radianceclinics.com/post/using-botox-and-fillers-for-anti-aging-treatments/,2026-08-20
https://www.radianceclinics.com/hair-patch/,2026-08-20
https://www.radianceclinics.com/post/radiance-skin-and-hair-clinics-your-ideal-destination-for-hair-transplants/,2026-08-20
https://www.radianceclinics.com/treatment/bridal-dermatology/laser-facials/,2026-08-20
https://www.radianceclinics.com/treatment/stretch-marks/dermaroller/,2026-08-20
https://www.radianceclinics.com/treatment/pigmentation/insta-glow,2026-08-20
https://www.radianceclinics.com/post/can-laser-hair-removal-permanently-remove-hair/,2026-08-20
https://www.radianceclinics.com/treatment/pigmentation/insta-glow/,2026-08-20
https://www.radianceclinics.com/post/can-skin-clinics-help-with-dark-circles-and-under-eye-concerns/,2026-08-20
https://www.radianceclinics.com/post/how-long-do-ombre-powder-eyebrows-last/,2026-08-20
https://www.radianceclinics.com/post/what-should-i-know-before-buying-a-hair-wig/,2026-08-20
https://www.radianceclinics.com/post/can-you-reverse-signs-of-ageing-with-anti-ageing-treatment/,2026-08-20
https://www.radianceclinics.com/post/how-effective-is-having-laser-hair-removal-in-bhubaneswar/,2026-08-20
https://www.radianceclinics.com/treatment/non-surgical-facial-enhancements/,2026-08-20
https://www.radianceclinics.com/split-ear-repair/,2026-08-20
https://www.radianceclinics.com/conditions/stretch-marks-removal/,2026-08-20
https://www.radianceclinics.com/conditions/laser-tattoo-removal/,2026-08-20
https://www.radianceclinics.com/conditions/keloid/,2026-08-20
https://www.radianceclinics.com/treatment/bridal-dermatology/hgp-for-hair/,2026-08-20
https://www.radianceclinics.com/post/the-quality-of-hair-transplant-service-offered-by-radiance-skin-and-hair-clinics/,2026-08-20
https://www.radianceclinics.com/post/when-should-you-visit-a-skin-clinic-signs-and-symptoms-to-watch/,2026-08-20
https://www.radianceclinics.com/post/category/filler-treatment/,2026-08-20
https://www.radianceclinics.com/post/specialized-wart-removal-services-for-flawless-skin/,2026-08-20
https://www.radianceclinics.com/post/what-makes-bio-hair-transplant-different-from-traditional-methods/,2026-08-19
https://www.radianceclinics.com/post/say-goodbye-to-warts-transform-your-skin-at-radiance-clinic/,2026-08-19
https://www.radianceclinics.com/post/how-long-does-it-take-to-see-results-after-a-hair-transplant/,2026-08-19
https://www.radianceclinics.com/treatment/premium-services/iv-infusions/,2026-08-19
https://www.radianceclinics.com/invisible-facelift-at-bhubaneswar/,2026-08-19
https://www.radianceclinics.com/post/certain-myths-about-hair-transplants-for-young-men/,2026-08-18
https://www.radianceclinics.com/treatment/hairfall/advanced-hgp/,2026-08-18
https://www.radianceclinics.com/conditions/open-pores/,2026-08-18
https://www.radianceclinics.com/post/what-are-the-most-common-myths-about-surgical-hair-restoration/feed/,2026-08-17
https://www.radianceclinics.com/treatment/anti-ageing-therapies/anti-ageing-laser/,2026-08-17
https://www.radianceclinics.com/body-shaping-bhuabaneswar/,2026-08-17
https://www.radianceclinics.com/treatment/pigmentation/laser-toning/,2026-08-17
https://www.radianceclinics.com/conditions/pigmentation-removal/,2026-08-17
https://www.radianceclinics.com/treatment/non-surgical-facial-enhancements/cheek-enhancement/,2026-08-17
https://www.radianceclinics.com/treatment/acne-treatment/acne-erase/,2026-08-16
https://www.radianceclinics.com/post/stubborn-acne-care-with-proven-medical-options/,2026-08-16
https://www.radianceclinics.com/post/why-radiance-skin-and-hair-clinics-is-the-best-hair-loss-clinic-in-bhubaneswar/feed/,2026-08-16
https://www.radianceclinics.com/treatment/anti-ageing-therapies/pixel/,2026-08-16
https://www.radianceclinics.com/skin-,2026-08-15
https://www.radianceclinics.com/post/how-to-ensure-the-success-of-hair-transplant-having-it-at-a-hair-transplant/,2026-08-15
https://www.radianceclinics.com/conditions/hairfall/alopecia-areata/,2026-08-15
https://www.radianceclinics.com/ear-piercing/,2026-08-15
https://www.radianceclinics.com/post/tag/skin-clinic/,2026-08-15
https://www.radianceclinics.com/treatment/non-surgical-facial-enhancements/lip-vitiligo-correction/,2026-08-14
https://www.radianceclinics.com/treatment/premium-services/hydra-revive/,2026-08-14
https://www.radianceclinics.com/treatment/bridal-dermatology/beardshaping/,2026-08-14
https://www.radianceclinics.com/hair-transplant-in-vizag/,2026-08-14
https://www.radianceclinics.com/treatment/anti-ageing-therapies/age-erase/,2026-08-14
https://www.radianceclinics.com/treatment/acne-scars/erbium-fiber-laser/,2026-08-14
https://www.radianceclinics.com/laser-lipolysis-treatment/,2026-08-14
https://www.radianceclinics.com/post/category/bio-hair-transplant/,2026-08-14
https://www.radianceclinics.com/conditions/ingrowing-toe-nails/,2026-08-14
https://www.radianceclinics.com/post/who-is-the-ideal-candidate-for-a-hair-transplant/,2026-08-14
https://www.radianceclinics.com/treatment/hairfall/root-restore-therapy/,2026-08-14
https://www.radianceclinics.com/treatment/premium-services/4d-photofacial/,2026-08-13
https://www.radianceclinics.com/conditions/hairfall,2026-08-13
https://www.radianceclinics.com/post/winter-skincare-and-hair-care-top-tips-for-radiance-and-health/feed/,2026-08-13
https://www.radianceclinics.com/post/top-hair-transplant-methods-achieve-natural-long-lasting-results/feed/,2026-08-13
https://www.radianceclinics.com/post/when-should-you-visit-a-skin-clinic-signs-and-symptoms-to-watch/feed/,2026-08-13
https://www.radianceclinics.com/skin-ca,2026-08-13
https://www.radianceclinics.com/post/category/hair-patch/,2026-08-13
https://www.radianceclinics.com/post/category/dermatologist/,2026-08-13
https://www.radianceclinics.com/post/category/stem-cell-transplants/,2026-08-13
https://www.radianceclinics.com/post/category/chemical-peels/,2026-08-13
https://www.radianceclinics.com/blogs/page/4/,2026-08-13
https://www.radianceclinics.com/hair-services/,2026-08-13
https://www.radianceclinics.com/post/ଅନଲାଇନ୍-ଚର୍ମରୋଗ-ବିଶେଷଜ୍ଞ/,2026-08-13
https://www.radianceclinics.com/post/what-are-the-latest-trends-in-filler-treatment/feed/,2026-08-13
https://www.radianceclinics.com/anti-wrinkle-,2026-08-13
https://www.radianceclinics.com/conditions/hairfall/dandruffs/,2026-08-13
https://www.radianceclinics.com/treatment/bridal-dermatology/vampirefacial/,2026-08-13
https://www.radianceclinics.com/thank-you/,2026-08-13
https://www.radianceclinics.com/hair-regrowth-treatment/,2026-08-12
https://www.radianceclinics.com/post/spending-on-weight-loss-is-an-ideal-investment/,2026-08-12
https://www.radianceclinics.com/conditions/psoriasis/,2026-08-12
https://www.radianceclinics.com/post/what-causes-hair-loss-and-how-it-can-be-treated/,2026-08-12
https://www.radianceclinics.com/treatment/acne-scars/fractional-co2-laser/,2026-08-12
https://www.radianceclinics.com/bio-hair-transplant/,2026-08-12
https://www.radianceclinics.com/post/category/hair-loss/,2026-08-12
https://www.radianceclinics.com/high-density-hair-transplant/,2026-08-12
https://www.radianceclinics.com/skin-pigmentation/,2026-08-12
https://www.radianceclinics.com/treatment/bridal-dermatology/laser-hair-reduction/,2026-08-12
https://www.radianceclinics.com/treatment/bridal-dermatology/carbonpeel/,2026-08-11
https://www.radianceclinics.com/post/radiance-clinics-awarded-times-health-icon-for-exceptional-contributions-in-cosmetology-and-hair-transplant/feed/,2026-08-11
https://www.radianceclinics.com/post/hair-loss-and-hair-thinning/,2026-08-11
https://www.radianceclinics.com/treatment/bridal-dermatology/dermal-fillers/,2026-08-11
https://www.radianceclinics.com/treatment/pigmentation/mesotherapy/,2026-08-11
https://www.radianceclinics.com/post/how-effective-are-weight-loss-clinics-for-belly-fat-reduction/,2026-08-11
https://www.radianceclinics.com/post/essential-skincare-tips-and-advice-from-dermatologists/,2026-08-11
https://www.radianceclinics.com/hair-patch-and-hair-wig,2026-08-11
https://www.radianceclinics.com/conditions/contact-,2026-08-11
https://www.radianceclinics.com/acne-and-wart-removal,2026-08-11
https://www.radianceclinics.com/hair,2026-08-11
https://www.radianceclinics.com/treatment/acne-treatment/acne-zap-laser/,2026-08-11
https://www.radianceclinics.com/post/what-is-lip-blushing-and-how-does-it-work/,2026-08-11
https://www.radianceclinics.com/post/radiance-skin-clinics-your-solution-for-skin-issues/,2026-08-11
https://www.radianceclinics.com/treatment/hairfall/hair-transplant/,2026-08-11
https://www.radianceclinics.com/post/how-to-care-for-your-scalp-after-a-hair-transplant/,2026-08-11
https://www.radianceclinics.com/treatment/anti-ageing-therapies/thread-lift/,2026-08-11
https://www.radianceclinics.com/post/radiance-clinics-awarded-times-health-icon-for-exceptional-contributions-in-cosmetology-and-hair-transplant/,2026-08-11
https://www.radianceclinics.com/post/discovering-the-best-solutions-for-acne-scar-treatment/,2026-08-11
https://www.radianceclinics.com/post/decoding-the-cost-of-chemical-peels-in-odisha-understanding-the-factors-behind-pricing/feed/,2026-08-11
https://www.radianceclinics.com/post/what-common-mistakes-can-make-your-hair-transplant-more-expensive/feed/,2026-08-11
https://www.radianceclinics.com/post/is-hair-transplant-the-right-solution-for-you-a-complete-guide-on-hair-transplant/,2026-08-11
https://www.radianceclinics.com/post/the-ideal-clinic-to-have-acne-treatment-in-bhubaneswar-is-radiance-skin-and-hair-clinics/,2026-08-11
https://www.radianceclinics.com/post/what-common-mistakes-can-make-your-hair-transplant-more-expensive/,2026-08-11
https://www.radianceclinics.com/post/category/skin-clinics/,2026-08-11
https://www.radianceclinics.com/post/why-a-hair-wig-is-an-ideal-solution-for-hair-loss/,2026-08-11
https://www.radianceclinics.com/treatment/bridal-dermatology/derma-roller/,2026-08-11
https://www.radianceclinics.com/post/how-does-hair-loss-affect-an-individuals-confidence-level/,2026-08-11
https://www.radianceclinics.com/post/category/hair-care/feed/,2026-08-11
https://www.radianceclinics.com/treatment/stretch-marks/pixigenus-stretch-marks/,2026-08-11
https://www.radianceclinics.com/treatment/bridal-dermatology/mnrf-stretch-marks/,2026-08-11
https://www.radianceclinics.com/vitiligo-3/,2026-08-10
https://www.radianceclinics.com/conditions/acne-scar-removal/,2026-08-10
https://www.radianceclinics.com/post/locks-of-elegance-where-to-find-quality-hair-wigs/,2026-08-10
https://www.radianceclinics.com/treatment/anti-ageing-therapies/prp-facelift/,2026-08-10
https://www.radianceclinics.com/conditions/hairfall/scarring-alopecia/,2026-08-10
https://www.radianceclinics.com/treatment/acne-treatment/diamond-polishing/,2026-08-10
https://www.radianceclinics.com/post/tackling-hair-loss-a-guide-to-top-notch-hair-transplant-clinics/,2026-08-10
https://www.radianceclinics.com/treatment/hairfall/mesotherapy/,2026-08-10
https://www.radianceclinics.com/microdermabrasion-radiance/,2026-08-10
https://www.radianceclinics.com/conditions/urticaria/,2026-08-10
https://www.radianceclinics.com/treatment/stretch-marks/prp/,2026-08-10
https://www.radianceclinics.com/beard-mustache-transplant/,2026-08-10
https://www.radianceclinics.com/post/how-facial-fillers-can-enhance-your-natural-beauty/,2026-08-10
https://www.radianceclinics.com/treatment/bridal-dermatology/mnrf-acne-scars/,2026-08-10
https://www.radianceclinics.com/treatment/premium-services/permanent-makeup/,2026-08-10
https://www.radianceclinics.com/treatment/premium-services/radiance-3d/,2026-08-10
https://www.radianceclinics.com/dandruff-treatment/,2026-08-10
https://www.radianceclinics.com/treatment/acne-scars/pixel/,2026-08-10
https://www.radianceclinics.com/conditions/seborrheic-dermatitis/,2026-08-10
https://www.radianceclinics.com/post/how-to-know-if-youre-a-good-candidate-for-fue-or-fut/,2026-08-10
https://www.radianceclinics.com/treatment/acne-scars/prp-subsicion/,2026-08-10
https://www.radianceclinics.com/post/luminous-love-laser-facials-for-bridal-skincare-bliss/,2026-08-10
https://www.radianceclinics.com/tattoo-removal-,2026-08-10
https://www.radianceclinics.com/conditions/fungal-,2026-08-10
https://www.radianceclinics.com/treatment/non-surgical-facial-enhancements/ombrepowder-eyebrows/,2026-08-10
https://www.radianceclinics.com/post/what-is-the-best-permanent-treatment-for-hair-loss/,2026-08-09
https://www.radianceclinics.com/post/non-surgical-hair-replacement/,2026-08-09
https://www.radianceclinics.com/treatment/pigmentation/cosmelan-peel/,2026-08-09
https://www.radianceclinics.com/treatment/non-surgical-facial-enhancements/lip-enhancement/,2026-08-09
https://www.radianceclinics.com/post/common-myths-about-laser-hair-removal-treatments/,2026-08-08
https://www.radianceclinics.com/post/four-misconceptions-people-have-about-laser-tattoo-removal-in-bhubaneswar/,2026-08-08
https://www.radianceclinics.com/virtual-tour/,2026-08-08
https://www.radianceclinics.com/post/why-radiance-skin-and-hair-clinics-is-the-best-hair-loss-clinic-in-bhubaneswar/,2026-08-08
https://www.radianceclinics.com/post/why-radiance-skin-and-hair-clinics-leads-in-stem-cell-transplants-in-odisha/,2026-08-07
https://www.radianceclinics.com/book-online-radiance-clinics-bhuabaneswar,2026-08-07
https://www.radianceclinics.com/post/author/admin/,2026-08-06
https://www.radianceclinics.com/conditions/stretch-,2026-07-29
https://www.radianceclinics.com/beard-mustache-,2026-07-22
https://www.radianceclinics.com/wp-content/themes/porto/*,2026-07-12
https://www.radianceclinics.com/wp-content/uploads/*,2026-07-12
https://www.radianceclinics.com/wp-content/plugins/*,2026-07-12
https://www.radianceclinics.com/wp-content/*,2026-07-12
https://www.radianceclinics.com/*,2026-06-15
https://www.radianceclinics.com/Email,2026-06-08
https://www.radianceclinics.com/wp-admin/*,2026-06-03
https://www.radianceclinics.com/treatment/premium,2026-04-19